0,,CP Cost ,Name,Jumpchain,Description,PERKS,COVER,32
,,,,,,,,
1,,100,Walk the Path,Fate/Myth,"Even if you lose your way you won't die alone in the wilderness, as long as you survive the dangers such as Dangerous Animals or Monsters you will be able to find people once again. This only guides you to civilization not protects you.",,,
2,,100,Someone Always Needs Killing,Fate/Zero,"You’ll always be able to find employment for your skill set. Whether you are a hired gun travelling the war torn nations of the world or just a struggling artist looking for a sponsor, you can find someone willing to pay you for your work. It might not always be glamorous, safe or even morally good, but you’ll never be lacking for a job.",,,
3,,100,False Truths,Fate/Legends: Garden of Avalon,"An important skill in dealing with the arcane is the ability to discern what is true from what is false and this is a skill that you seem to have mastered. You easily uncover lies, even picking apart most supernatural methods of hiding the truth from you with ease. From the mouth of a trickster or a misdirection purposefully laid on an ancient manuscript, you get an instinct for when you are being mislead and have good fortune in uncovering the truth. As a side effect, you also see through any lies you tell yourself, being unable to delude yourself as to what you know is the truth. It may make life a bit less pleasant at times but it keeps you on your toes.",,,
4,,100,Pranahound,Fate/Stay Night,"Similar to how Synaesthesia can make a person perceive sensory stimulus from a different sense than usual, you've gained the near-unique ability to do the same with magic. Maybe you can smell blood when in the presence of combat magics or feel cozy warmth when in the presence of magics designed to help or heal. Not only is your chosen sense able to perceive this magic but it has also become three times as keen as it was before in general. Multiple purchases of this perk are allowed, either stacking on a single sense or applying to different senses each time.",,,
5,,100,Master's Cheat Sheet,Fate/Apocrypha,"Awkward if you forget the abilities of your Servant and need to ask them later on when you should really already know. Now, almost like in a video game, you can mentally call up a record of any abilities your Servant has, as well as any other Servants you might meet – though in the case of the latter you’d actually have to see what they can do in action for it to update. Be aware that some possess abilities that can hide this information. If you’re willing to shell out a little more CP, you can make this apply to any other opponents you encounter after this Jump, with the same limitations.",,,
6,,100,"Sweat, Tears, and Genius",Fate/Legends: Strange New World,"Great inventors rarely come about everything through that one single stroke of genius. Mostly, it’s a lot of hard work and effort put in with a dash of creative thinking. Good thing you’re able to put in that and more, with a seemingly endless focus for tasks you undertake, incredible endurance in regard to mental fatigue to work for days on end without faltering and, since it does come in handy, a habit of strokes of brilliance every now and then. Strangely, it seems that the more tired you get working on something, the more common these flashes of sudden progress or realisation will become. Working that late all the time probably isn’t great for your health though.",,,
7,,100,Hermit On The Move,Fate/Legends: Land of Shadows,"A life alone doesn’t need to be a life of greater danger. So long as you have the right skills and knowledge of where you travel, a lonely life can be quite pleasant. You’ve been travelling around Ireland for many years now, becoming quite skilled at making your way across long distance quickly, safely and without making much fuss. It’s also given you a pretty extensive knowledge of Ireland, or the country you find yourself in in the future, such that you’re aware of everything from the local politics to where many of the less well hidden supernatural factions, creatures and locations can be found. And this life has also led you to take on quite the mysterious vibe yourself, people often find themselves interested in you for no other reason then that you are you. A question for others to hopelessly try to unravel.",,,
8,,100,Arcane Vision,Grand Foreigner,"Arcane Vision is a special ability possessed by most high-level magicians. This ability allows them to witness alternative spectrums of light and energy. Additionally this ability also renders virtually any form of stealth or invisibility useless. For example, Ainz was able to clearly see Hassan when he turned invisible. Only the highest level cloaking abilities will be to conceal something from you with this perk.",,,
9,,100,Red Tinted Spectacles,Fate/Apocrypha,"Okay, it’s not quite like the vision of a certain time-travelling assassin, but looking at people – or pictures of them – gives you enough of an insight into their skills and capabilities – or lack thereof - to let you know if they’d make a valuable pawn for whatever plan you have. Maybe they’re in debt? Maybe they’re ill? Maybe they’re just an idiot? Either way, this should help getting people on your side that you know how to manipulate, though you’ll need to find out what they’re good for another way.",,,
10,,100,Djinn Sold Separately,Fate/Legends: Oasis of Fantasy ,"These great kingdoms weren’t built through magic and charisma alone. The lifeblood that supports nations is gold and trade, the bartering of goods between people and countries. To have talent there is to have the potential to support a kingdom’s rise to power. Such things are natural to you, possessing a talent for most things regarding money, barter and business. You have a great sense for financial dealings as well as when things are about to go bad. Focusing your efforts would make most businesses at least sustainable, if they’re not entirely impractical, and anything with good potential could soar with your aid.

Your eyes have even taken on a slight mystic trait to fit your skills. You can naturally appraise anything that you see, quickly gaining a good idea of the value that various people and markets you know of would place on it. This same appraisal also gives you an easy insight into people, the better to deal with them, and makes it easy to see through dishonesty or even martial techniques.",,,
11,,100,Catching Up,Fate/Stay Night,"One of the most basic functions of the Grail System is to ensure that all Servants have the basic knowledge necessary to function in the modern world. This include things like basic knowledge of technology levels, culture, laws and modern society, as well as the most spoken language in the region in which the Grail War will take place. While any Servant automatically gains these effects during this jump for the Fuyuki City, Japan area, purchasing it will cause it to apply wherever you go. This ensures that you always possess the knowledge listed above for any area you are in, though without external influence this knowledge will be temporary and leave you as you leave the area in which it affects.",,,
12,,100,"""I want to know defeat""",Witch on the Holy Night,"An immortal existence knows neither joy no sorrow, only the monotonous turning of the seasons. You won’t ever starve in ennui, you’ll always have chances to affirm the fact that you’re alive. As long as you seek it out, you’ll encounter adventure-great foes to slay, new experiences to sample. Friends to make, new societies to explore. It’s nothing truly world- changing unless you’re exceptionally lucky, but there’ll always be something in the world that can surprised and delight you. Don’t languish as society moves on. Laugh, and the world laughs with you.",,,
13,,100,We Need to Regroup,The Holy Man of The Church Creek,"Whenever you or your group are scattered apart the most important thing to do is to regroup quickly. When separated, you and your allies can intuitively sense each other's presence and approximate location, regardless of the distance between you. This sense of connection grants you a clear understanding of the most expedient route to reunite, bypassing potential hazards and barriers that stand in your way. Moreover, this innate bond provides you with a general sense of your allies' well-being and condition. You can discern if they are in distress, injured, or in immediate danger, enabling you to respond promptly to their needs upon reuniting",,,
14,,200,Hersey Alert,Fate/Zero,"An extension on the innate awareness the official Coordinator of the Grail Wars possesses, you now have the ability to sense summoning magic and effects that occur in a wide area around yourself. Within several dozen kilometres, you will be alerted to the occurrence and location of any such magic or effect that happens, as soon as it happens. No more information is gained from this, though you could always send out familiars to check it out personally.",,,
15,,200,War Instinct,Fate/Grand Order,"From long years of experience or just inborn instinct, you’ve got a sense for power and people who have it. With just a glance at a man, you can tell how strong they are in general and in relation to you. But your sense goes beyond just that. You also know what kind of power that they possess. Raw martial might, arcane magic, social status and influence or even just an incredible willpower or mighty ally. You won’t get the exact specifics of their power but you will know the type and level of each kind of power they possess.",,,
16,,200,Savior's Instincts,Fate/Revelation Online,"Hero has many instincts. First off, it's hard to be a Hero without knowing where the people you need to save are. This gives you a sixth sense of wherever people are in need of being saved that can be turned on and off at will. It also differentiates between how much danger the person is in, and it will not give you any response for people you are unable to save at your current time. It will also give you a vague sense of what you need to do in order to save them. Secondly, you get a sense of how to apply any and all of your techniques as nonlethally as possible. After all, Heroes don't kill if they can help it right? This doesn't force you into anything, but it helps give you the option. Lastly, this let's you get a decent read on the intentions of those around you. These are blanket, generally one word things like good, bad, truthful, deceiving, and so on, but they can give much needed context to situations. These instincts should help you be the Hero you want to be!",,,
17,,200,Underlying Foundation,Fate/Revelation Online,"In this world, and many other worlds, there are underlying systems for their supernatural metaphysics. This world has one as well, although during your time in SAO you will be dealing with Cardinal's simulation of it. However, it can be pretty hard to do any research if you aren't aware of the fundamental principles you're working with. Now, you will automatically have an understanding of the underlying supernatural systems of the world you are in. In your current world, this would include the Human Order, the Pruning Theoretical Phenomenon, Magecraft Foundations, and the Root, to name a few.",,,
18,,200,Clairvoyance,Kara no Kyokai,"The mind’s eye was opened to you during a particularly dangerous situation. You desperately needed to see the danger that approached you from a place you could not see and found that, almost like a miracle, the image would appear in your thoughts. With some practice, you’ve learned to move your senses and perceive locations within thirty meters of your physical form. It’s difficult to move while doing this, keeping track of your normal senses at the same time as your clairvoyance is quite disorienting, but you can learn to adjust with more practice. In time, your range might even expand to cover several city blocks and allow you to pierce some magical wards too. Should you have some sort of magical power or other ability that requires line of sight to work, you’ll be able to use it through your Clairvoyance as if you were actually looking at the target normally.",,,
19,,200,Mind of the World ,Fate/Legends: Oasis of Fantasy ,"The mind is not limited to just the body, not for you. There is far more to perceive than just what a man can witness with his five senses. You feel the world around you as if it were part of your body, your senses freely extending throughout this living planet. This is a mystical awareness that gives you total and constant awareness of the location of everything within ten kilometers of your current position. From every living organism, from a human to an insect, to the various kinds of dirt and stone that layer the ground to the water itself and how it’s waves caress the land. Even the magic in the air or the technology that man creates is subject to your awareness, as all is part of the World even if it is not part of nature.

Your awareness gives you the location and a small amount of detail on what each thing is but if you lack knowledge about what something is, such as some new invention or magecraft of mankind, then you will only receive these first vague details. Greater knowledge of these topics will provide greater awareness of specifics, as will greater magical power increases the range of your awareness.",,,
20,,200,Adventurer's Instinct,Fate/Revelation Online,"If the Front Liners are the frontiersman that blaze the trails ahead, then the Mid Liners are the ones that explore what was passed up on the way. As an explorer of the floors that were passed up in the name of progress, you've gotten quite good at finding unexplored dungeons and untaken quests. Yes, you even have an instinctive grasp of where they are and what to do, although it's actually a multi part process. First is your dungeon sense. You always know where the nearest unexplored dungeon/ruins/cave system/temple is, although it will never be beyond your capability to handle. Those just won't show up. You're also guaranteed to find some sort of treasure or loot there, and if nothing that would apply to these criteria exists, one will be spontaneously created nearby just for you! Next up is your quest sense. You now instinctively know who has “quests"" or other such jobs. You will also get rewarded as well, even if it's just some pity exp and pocket change at minimum. Unlike the dungeon sense, this will not create new ones for you, however, you are capable of knowing up to 100 quest locations at once, rather than just the one unexplored dungeon. Lastly, is your explorer's sense. This gives you an instinctual knowledge of any traps, monsters, or hidden secrets around you, and you always have a vague feeling of where you need to go in order to accomplish whatever goal you have in mind. All parts of the explorer's sense are only capable of acting within a 300 ft radius though, so don't consider this omnipotent or anything. If nothing relevant is in that range, then nothing will show up. Hopefully, all of this should help your adventuring, so get out there and have an adventure!",,,
21,,400,Witch Hunter,Lord El-Melloi II Case Files,You’ve got superb mystical senses and a high resistance to any sort of influence that hopes to throw you off the trail. You’re also trained in both the mundane and mystical arts of tracking and discretely tailing suspects.,,,
22,,400,A Most Loyal Student,Fate/Zero,"Once you put your trust in someone, it’s to be expected that they live up to that trust. Sadly, not everyone lives up to even these basic expectations. You can always tell though, both when someone is going to betray you and when someone is not worthy of your trust. It’s just this instinctual sense you get when you think of someone that will inform you of the trustworthiness of people, as well as their intentions towards you in regards to betrayal.",,,
23,,400,You!,Fate/Zero,"You might consider them a rival, an archenemy, a true love, a best friend or a family member but whichever it is, you’ve got an unnatural focus on one person. While you may change who this is at any time, it may only be a single being. Whoever it is, you gain an unnatural read on their emotions and thoughts, such that you are almost always aware of their general emotional state, thoughts and have incredible accuracy in guessing their general plans for the future and how they might respond to any plan of your own. If it came to a fight, you could seem like you were almost precognitive in predicting their moves, though they can still surprise you if they pull out an ability you had no knowledge of at all.",,,
24,,400,Trap Master,Fate/Revelation Online,"You have a sixth sense for traps, in all ways. On one hand, you have a supernatural ability to spot traps, know when something is a trap like an ambush or a bad deal, and get an instinctual understanding of how to best counter said traps. On the other hand, this also gives you incredible proficiency in setting up traps yourself. Whether it's a spur of the moment trap in a fight or a carefully planned and orchestrated affair, you know the best places to act and the right ways to do it.",,,
25,,400,New Founder,Fate/Stay Night,"While you might not be quite the sort of genius the Three Founders of the Grail System were, you're no slouch in the ritual department. Making rituals is a breeze for you and those you personally make often turn out to be half again as good as you'd expect. It's dealing with stuff that already exists where you come into your own. Loopholes, tricks and abuses of the system just seem to pop up in your mind whenever you're working with a magical ritual someone else has created. Every now and then, you'll even find yourself being led to loopholes you had no way of knowing about, stuff that needed knowledge you couldn't have had till then. It's nothing to worry about.",,,
26,,400,Peri Dancer,Fate - The Island of Sin,"When the Tam Lin take on the names of a hero of the Round Table of Proper Human History, a portion of the Spirit Origin of that hero is also imbued upon them, conveying some of the skills that hero was known for. In the case of Mélusine, a.k.a. Tam Lin Lancelot, she received Eternal Arms Mastery; a peerless mastery of weapons that conveyed Lancelot’s incredible skill at arms, which was bound so intrinsically to his being that even becoming an insane Berserker did nothing to reduce his level of skill. And Mélusine hated it so much that the first chance she had, she transformed the skill into Peri Dancer. After all, as a dragon, she has no need for something like skill, even if it did come in handy for training Percival. Skill was something possessed by the weak to try to match the strong, after all.

As compared to Eternal Arms Mastery, which represents possessing vast internalized skill through practice and experience, Peri Dancer could be better described as a natural instinct for combat. You might have never learned how to use a weapon, but upon picking it up you will instinctively realize the best way for you to use it—not necessarily the way it is meant to be used, but a way for you to use it that is best for you. If you prize beauty, your fighting style will be elegant and beautiful; if you prize practicality, it will be brusque and brutish. This isn’t a matter of achieving extreme skill, but of instinct and reflexes harnessed to such an incredible level that it is indistinguishable from skill.",,,
27,,400,Voice of Heaven,Fate/Legends: Vive la France,"A gift from the heavens above, to those most favoured by God. Revelation is a trait held deep within your soul that allows you to hear the voice of the heavens, directing you onto the most optimal path for your goals. Be it the right strategy in war, the right path to take to avoid your pursuers, where to go to meet your true love. The revelations you receive are true and accurate but they are not specific. It is more akin to a sixth sense or instinctual feeling in how you interpret it, making it very difficult to gain in depth and detailed information from your revelations. While listening to your instincts will always guide you to the most efficient and optimal path to your current goal, it will often put you into dangerous situations or require sacrifices and costs to achieve it. It does not guarantee a perfect victory, only that you will always be on the right path to your desired goal. So long as you can perform ably on that path.",,,
28,,400,Divine Guidance,Fate/Legends: The Land of The Rising Sun ,"Sainthood might not be all that great a claim to make, with the visions you often receive. Divine guidance comes to you often, in the form of signs and messages and visions from God that guide you along the path to your current objective. The safest and quickest path to a destination, an image of the man who hides a treasure you seek, even the secret weakness of your greatest foe. Provided you are patient and keep watch for them, these signs will provide you with steady aid at every step.

Rarely, divine providence will even appear in conflict, enabling you to accomplish normally impossible feats when fighting for something you have true faith in. A sword suddenly sharpening to supernatural levels for no explainable reason or a mighty bolt of lightning striking your foe just as they are about to cut you down. In moments of need, these rare occurrences will give you an extra chance. The signs and favour that God shows you is obvious to those around you, who are likely to come and see you as some sort of blessed figure, though they cannot understand the information within the signs you receive.",,,
29,,400,Sentinel Stellaris,Fate/Saber Wars,"The eyes from which even the heavens themselves can’t hide. No one’s going to want to play poker with you if they find out you have these but just about every hero and villain on the galactic rim will be desperate to recruit you. Anywhere you look, you see the weaknesses of others, like getting to look at all the cards they’re holding. No matter their strength or special goddess powers, you’ll gauge their weak points in a moment. And once you’ve got them in your sights, those weak spots will be locked in for a brief time, unable to be covered up or hidden away. Even those that don’t seem to have a weak spot, like some galactic goddess of terrible evil, you’ll see the critical moments and locations to strike to deal awesome damage. It’s no bad luck that you and yours are guided by the foes’ own bad luck to hit just right too. It’s no reversal of causality but with you as the support, a team can take on a challenge they honestly have no right to win. Like, c’mon, are you really saying you managed to kill that primordial Goddess?",,,
30,,400,Eye of the Mind EX,Grand Foreigner,"Eye of the Mind EX is a skill that Ainz earned by winning countless battles and killing every known species imaginable. This skill grants the user a number of boons. Firstly, they gain the tactical knowledge to win and prepare for literally any scenario. Second, as an extension of the first ability the user gains the power to never lose. This is not an automatic win button, but it allows the user to flip any situation to their advantage, find a way out of an impossible deadlock, or bring victory though another condition. Simply put things may not go your way perfectly, but you will always have the power to achieve a flawless victory becoming the winner.",,,
31,,800,Uomo Universale,Grand Foreigner,"Uomo Universale is Da Vinci’s Noble Phantasm and one of the most dangerous abilities amongst the Throne of Heroes. Da Vinci wields knowledge as a weapon and can analyze the target locating any weakness they possess including ones the target themselves is unaware of. For example, when Da Vinci used her Noble Phantasm against Solomon she said that she actually could have killed him if she had access to a stronger attacker like Nobunaga or Artoria. So the main limiter to this phantasm is the overall power of the user.",,,
32,,1500,Inevitable March of Progress,Generic Nasuverse,"You're a source of scientific inspiration. More than that, any scientific progress (theoretical or practical) is naturally known by you as if you were the one to discover/develop it.",,,