0,,CP Cost,Name,Jumpchain,Description,PERKS,COVER,29
,,,,,,,,
,,50,Apocalypse Insurance,Fate - The Island of Sin,"Most of the time, people want to prevent Armageddon. But some people just want to watch the world burn. If you’re one of those, it might be nice to have some guarantee that the end of the world won’t be the end of your chain.

If you help to bring about the apocalypse, the end of the world, or anything similar, but are yourself engulfed in the resulting destruction, you will not die; instead, you will transfer to the nearest alternative timeline to carry out the remainder of your jump. In this world, that means going to Proper Human History, but in other settings you may wind up in a radically different timeline, or even a near-identical timeline where your actions never happened.

But do take note that this only applies if you’re actively attempting to end the world.",,,
,,100,Air-Walk,Grand Foreigner,"Air-Walk is a simple, but useful ability that Megalos possesses. This ability allows the user to jump on any surface including air to propel themselves. By focusing you can even run on air by timing your jumps correctly. As you are paying for this with CP you will start out with a mastery of this power. This means it will be built into your body with the appropriate muscle memory and skill needed to use this power at its full potential.",,,
,,100,Magical Girls… Can Fly Can't They?,Fate/Kaleid Liner Prisma Illya ,Maybe it’s the way you view the world but flight comes naturally to you. Any magical means of flight is easier for you and seems effortless. If you have high enough magical power then you might even be able to fly without the aid of a kaleidostick.,,,
,,100,The Servant World,Fate/Grand Order: SkyrimAnon,"Hanging out in the Throne of Heroes all day can get somewhat boring, y'know? Thankfully, Servants aren't quite stuck there. Aside from the relatively rare summoning, there's the annual Servantfes festival to have some fun among fellow Heroic Spirits. Additionally, thanks to the Incineration of Human History, it has become a lot easier to make small Singularities to host events within. In this world you'll generally be invited to most of these events, but the main benefit of this purchase is that you can still attend them in future jumps. From the Servantfes, to holiday related events, and even to some extra events like the occasional Nerofest, you'll find that entering the Singularities to participate sees no time at all passing in the jump itself, letting you wind down without worry. Additionally, while in these events in future worlds with histories divergent from the human history of Fate's Earth, you'll come across new Servants, based on historical, mythological, and perhaps even some fictional figures from the world you are in and the worlds you have visited. Quite the opportunity to make new friends. Talking with the people who shaped history can give quite strange insights, too.",,,
,,100,Particle Dispersal,Vasto of White,"With this perk, you gain the unique ability to temporarily dissipate your body into particles of Reishi, similar to the Vasto Lord Castro. This allows you to easily bypass any obstacle or barrier that may stand in your way, as if they were never there. You can also use this ability to move through solid objects, making it an excellent tool for infiltration and espionage. Furthermore, while in your dispersed state, you become immune to physical attacks, as they will simply pass through you harmlessly. You can also use this ability to hide from your enemies or to evade their attacks with ease.

As you train and improve this ability, you can also learn to control the density of your Reishi particles, allowing you to change the size and shape of your dispersed form. You can even use this ability to transform parts of your body into weapons, such as turning your arm into a blade or your hand into a gun. Overall, Particle Dispersal is an incredibly powerful ability that grants you incredible mobility, versatility, and defensive capabilities, making you a force to be reckoned with on the battlefield.",,,
,,200,Run For Your Life,Fate/Myth,"Perhaps not the most...Noble of ways, but it’s a time honored tradition. Running away to fight another day, and it’s something you’ve become quite good at. When you see the Tide is Turning against you, you can flee from the field and all that you do to simply run and hide, and not strike back, not yet at least, will see an increase in both luck and skill, bandaging your own wounds, hiding, covering tracks, Etc.",,,
,,200,Teleport,Fate/Kaleid Liner Prisma Illya,You are able to teleport to anywhere within eye range near instantly.,,,
,,200,Hoho,Vasto of White,Hoho refers to the high speed movement arts. This is the third of the Shinigami’s main fighting styles. These are primarily used as auxiliary techniques to enhance the combat capabilities of other moves. The highest level of Hoho is the Shunpo technique otherwise known as the Flash Steps. Taking this power will grant you experience on par with Yoruichi Shihoin and Tenjiro Kirinji. Lastly there is a synergy bonus if you purchase all four of the Shinigami fighting styles. Your skills and power will instead be boosted to that of the members of Zero Division and Yamamoto.,,,
,,200,Faster Than Achilles,Grand Foreigner,"Achilles was known as the fastest hero in the world. As a result this became part of his legend. No matter what foe he faces his speed will be enhanced making him faster than them. This however, does not affect his combat prowess. The exact boost is unclear, but it was enough to allow Achilles to avoid all of Cainabel’s attacks. Purchasing this perk grants you access to this ability. This ability will automatically make you faster than any being you fight. Just remember your speed is the only thing increased, so you might not actually be able to hurt your opponent",,,
,,200,Transportation and How to Stop It,Grand Foreigner,"There are many special avenues to move quickly within this world particularly due to magic. Many of these methods however, are considered high level skills that only a select few individuals can master. Interestingly it seems that you have managed to do this feat and figure out how to prevent others from doing so as well. Your skills include teleportation, greater flight, and other methods that allow you as well as others to move quickly. The flip side of this is the ability to seal others' movement off. This primarily takes the form of special spells such as those that lock space and prevent teleportation. With this perk you have a massive edge when it comes to moving quickly",,,
,,200,The Road of The Homeless,Fate/Grand Order: SkyrimAnon,"What happens to those that survive the end of their world? What remains of one's future when their timeline dies? While normally such a situation is lethal, a strange twist of fate has turned you into someone who wanders between worlds. Like a certain swordswoman, you will occasionally find holes of a sort, undetectable to any but you. Jumping into these holes will drop you into a black abyss dotted with countless stars. These stars are in fact entire worlds or timelines, the distinction isn't very relevant in this particular case. After a brief moment where you're simply drifting among these potential destinations, you'll be drawn to a random one of these stars, and then find yourself within that world.

Unfortunately this process seems uncontrollable, at least without a lot of magical prowess on your part. Parallel worlds, alternate timelines, even Singularities can be among the possible locations you end up in. Thankfully, all of the worlds you end up in seem to be magical in some way, never being fully mundane. And, of course, you can simply not jump into the hole, to remain in whatever world you are in for longer. A certain parallel world version of Musashi used these holes as an opportunity to hone her swordsmanship against quite varied opponents. What will you do, wanderer with no home?",,,
,,300,Jumper of Emptiness,Lord El-Melloi II Case Files,"You’ve taken things up a notch, and gained several new and incredibly potent abilities. You are now capable of easily traveling between timelines and textures. The latter can be used to access the myths and legends of any world and culture. Furthermore, you can resurrect deleted timelines in the same way you can protect others, and even if you aren’t the king, you hold a Divine Authority over them. With a complex ritual and vast quantities of magical energy, you can now break down the barriers between Textures, allowing you to instantly resume the Age of Gods. If you hold Rhongomyniad, or a similar pillar of the world, you could do so more efficiently, skip the ritual, and control the process precisely to create hybrid Ages, such as histories where the gods grow in strength with humanity and whatever comes after it. Finally, regardless of how important you become, you may choose whether or not your observation has any effect on quantum physics and phenomena of that nature. On a related note, Zeltrech might want to talk to you regarding the Fate Strange/Fake timeline. He can’t get too close to it himself, or its peculiarities will be imposed on the whole multiverse, but if you’re willing to take a look... Requires Lostbelt King and Modern Hero.",,,
,,300,Dimensional Travel,The Holy Man of The Church Creek,"The vast and intricate tapestry of existence holds countless realms and dimensions, and with the Dimensional Mastery perk, you gain the ability to traverse these wondrous realms. For 300 CP, you can generate portals like Adelina, granting you the power to open gateways between different realms and locations within the world. The energy required for these portals increases with the number of portals opened and the distance traversed, so careful energy management is necessary to maintain this ability effectively.

For a greater investment of 600 CP, you unlock the extraordinary dimensional transport harnessed by the God of the Bible. With this power, you gain the capability to jump between worlds, emulating the divine travel used by Yahweh himself. However, the immense power required for such interdimensional leaps can place a substantial drain on your energy reserves. Whether it be for exploration, strategic advantage, or swift transportation, your command over dimensional gates allows you to embark on awe-inspiring journeys across the cosmos",,,
,,400,"Cheer Up Love, Cavalry's Here",Fate/Apocrypha,"Whether or not the reinforcement is English or of the Rider Class, you have a knack for getting there at the nick of time to help people when they most need it. How you accomplish that without actively manipulating events to get that dire is a mystery that could have been lost somewhere on the moon – but now you can cheerfully blunder around and be there when your friends are in peril. Still, it’s up to you whether you can actually do anything about the situation.",,,
,,400,Flash Air,Fate/Kaleid Liner Prisma Illya ,"Flash Air is a displacement Magecraft that substitutes one thing for another. It can be used to change the makeup of a building displacing doors and windows to different locations. By displacing a portion of space it can also create portals that lead from one spot to another, this can be used to shift projectiles to a different trajectory or to cause an opponents attacks to hit themselves for example.",,,
,,400,Shukuchi,Fate/Legends: The Land of The Rising Sun ,"Walking and breathing is something that all humans can do but few ever master. Uniting your movement with each breath you take is an agonising training process but one with incredible results for the physical form. Your movement capabilities are incredible, bursts of speed that let you instantly move across small clearings or rooms through your breath-based hyper acceleration. This can be focused into partial movements, such as sword swings to accelerate them far beyond any speed a bullet could reach, or to make improbable movements from any situation, such as high jumps by the instantaneous movements of just your toes. The logical side effect is that your strikes hit with far greater power, allowing your speed-adjusted body to strike with incredible force even if you happened to be some small waif of a girl. Easily weaving this into your combat style, you are able to propel yourself at far greater speed than normal in movement and attack, unleashing violent flurries or dozens of precise strikes in a moment.
Mastery is far from the end however, as with training you may even bring this simple practice of breathing and walking to the point of leaping across space, turning instant movement into teleportation and crossing dimensional boundaries. A simple martial technique.",,,
,,400,Godspeed,Fate/Legends: God Save the Queen,"Life is full of wonders and those that lag behind on the path are going to find life waits for no one. To make the most of this beautiful land, one has to have the speed of the gods in body and mind. How else can you appreciate it all? The gods may debate your speed being equal to theirs but it is true that something has infused your being with the essence of speed. Both body and mind hold awesome mobility. From the north of the British Isles to the most southern point, it’d only take you an hour to race across at a sprint, a speed shared by your movements in combat. The dozens of slashes each second are more than most opponents can come close to following, much less block! The longer you remain in active battle, the faster your body will move. You’ll have made noticeable increases in speed compared to your base level every few minutes, with no apparent limit as long as there is no lull in the fight of more than a minute or two. 

Mentally, the story is much the same. Information is easily taken in and memorised at supernatural speeds for humans, creating a situation where you can learn the basics of most tasks in a few minutes and become a master in months of skills that take mundane men years to reach the same level of competency. No doubt you already have considerable skill in several medieval talents, such as sword fighting and horse riding and apparently even the arts of love making. Like your physical body, your learning speed will increase the longer you remain in continuous practice and study. The growth is slower than the physical kind but in return the lull is any break from your training for more than five minutes at a time.",,,
,,400,Crossing Arcadia,Fate/Legends: Empires of Antiquity,"Who can defeat what they can’t even see, let alone hit? Calling you fast is like saying Troy was a bit of a stalemate. You have a simple absurd capacity for moving fast and agilely. It’s pretty much instant movement to almost any point you can see, with such speed that even a bolt of lightning will struggle to catch up to you. It’s not just how fast you run either, as every move you make on a smaller scale is just as fast, making actually fighting you almost impossible as you dodge and strike with speed unbelievable outside the realm of the divine. You’ve got the reactions to move at this speed like you were just moving as an ordinary person, plus you and the stuff you’re using won’t see any harm from moving and impacting when you’re going this fast, and what’s better, you don’t slow down unless you’d be brought to a complete standstill. Whatever obstacle that might just slow you, like deep water, easily breakable walls, weaker warriors, in a charge now won’t lower your speed at all to run right through. You’re like a bloody tornado on the battlefield.",,,
,,400,Independent Manifestation,Fate/Grand Order: Cosmos In The Lostbelt,"One of the most dangerous aspects of Beasts is that until truly defeated, there is no escape from them. The reason for this is Independent Manifestation, a Skill that even Beast Candidates can obtain. There are many benefits to this Skill; firstly, it confirms your own existence. You won’t need a source of magical energy to remain manifested if you are the kind of being that would need such existential support, like a Servant. It also grants you immunity to instant-death effects and attacks utilizing control over time. Such resistance includes being unaffected by somebody messing with your past, for example.

Secondly, just like the name implies, it allows for your manifestation without requiring great amounts of magical energy or a Master to summon you. The way this looks is that you fade into blue energy in a similar manner to Servant summoning or unsummoning, and lasts for about a second. This self-manifestation has a very impressive range, letting you spontaneously travel anywhere on the Planet you wish to go, even to alternate timelines or into magically protected spaces. That said, if you do not know the location of a destination you have in mind, you will need some kind of sympathetic connection to your target, such as perhaps a small object you used to own. Purchasing this perk also allows you to purchase the Evil of Humanity Modifier, as shown above. Or maybe you intend to use this Skill without becoming a Beast?",,,
,,400,Traversing Time,The Holy Man of The Church Creek,"In order to track down the grail’s corruption God allowed Shirou to travel back in time. While doing so he altered the course of events of history. You possess the ability to traverse the history of the setting. This power allows you to journey back in time, manipulating the events that have unfolded. While you may experience centuries in the past, only a single second will pass in real time. With this power, you hold the potential to shape the destiny of characters, nations, and entire worlds.

Your actions have the capacity to bring about sweeping changes, rewriting the course of history for better or worse. However, be aware that even the smallest alteration can have far-reaching consequences. As you traverse time, it is essential to exercise caution and wisdom in your choices. Your influence can ripple through the ages, altering the lives of countless individuals. The responsibility lies with you to navigate the intricate tapestry of time and forge a new path, one that aligns with your goals and aspirations.",,,
,,600,Grimalkin,Fate - The Island of Sin,"A power that once belonged to the lord of Darlington, Grimalkin, but is now possessed by Tam Lin Tristan. But your power is not the degraded version of the Tam Lin, but equal to the original—your movements have taken on the attributes of a cat. That is to say, you can now move with complete silence, your steps have become lighter, and you are faster. But no cat was ever so fast as you, who are capable of circumnavigating the planet in a single day, accelerating to full speed in an instant, and making impossible turns with an agility that defies logic.",,,
,,600,Mirror World Transfer,Fate/Kaleid Liner Prisma Illya ,You now know how to move into the Imaginary numbers region of a world. This allows you to move into a duplicate of the real world with nothing living there and any damage caused not harming the real world. The size of the area is restricted to the equivalent size of a football field.,,,
,,600,Sliding,Fate/Extella,"The ability to observe and travel between parallel worlds, a potent and normally impossible method of travel. But some mysterious force has reinforced your existence, allowing your mind and body to survive this experience. You’re able to look into other existing timelines through the lens of your alternate selves, seeing how it differs by what they have seen. Useful for collecting data but once an ideal world has been found, you can forcefully take over your alternate selves and continue to exist in this new timeline. Your alternate self is assimilated in the process, allowing you to easily fake being naturally of that world, but anything too different from yourself is unfortunately ejected to an outside space. A limited amount of time travel is possible with this, moving to slightly earlier or later points than your current time in the alternate world, but more than a year forward or back results in hitting a locked space.",,,
,,600,Rounds of Lionheart,Fate/Legends: God Save the Queen,"In the shadow of the king, lies all those who support him unseen and unrecognised. Royalty naturally takes the focus of history, the figures whose decisions change the fate of nations, and their servants are often forgotten behind them. For you though, the idea of these unseen allies is quite a bit more literal. Those who form a bond with you in their lives, even an antagonistic one, can be summoned by you to act as a Servant for your cause. The target must accept to aid you, making it rare but not impossible for your enemies to give aid, but manifest immediately to you if they do. Normally, each summoned Servant would require a hefty price of mana as upkeep to remain summoned even for weaker allies, but your chosen ones manifest within your shadow. This reduces the drain to a small constant, making it possible for notably magical warriors to maintain up to seven useful allies without feeling much strain. 

Within the shadow, they are each aware of your surroundings and able to communicate with you mentally to provide advice or warnings, though you must verbally respond for them to hear you. They can briefly and partially manifest from the shadow at a small cost of energy, handing you tools they have access to or even firing off attacks and special techniques available to them. They can act without input from you, shielding blindspots and weaknesses but all energy costs they must meet come from your own stores. Full manifestation of these Servants is possible but would require you to pay the entire cost of their upkeep, a hefty requirement for even a single ally. Within your shadow, each ally appears in a mental world of their choice, a place that you can mentally place yourself to talk and interact ‘in person’, even taking others you are in contact with to the mental realm.",,,
,,600,Larval Beast,Fate/Legends: Baba Yaga,"Among the many enemies of humanity, few are as terrifying and dreadful as the seven Beasts. Each one represents an existential threat to humanity and some kind of Sin like Pity, Regression, Comparison, Taming or any other Sin. However new Beasts can also develop to try and bring about their own version of the end, a certain Spirit having become a Larval Beast as a result of Cath Palug stepping down in a certain timeline. You however do not necessarily replace a Beasts spot, perhaps becoming your own distinct Beast... one day. This Perk does not make you humanities most dreaded enemy just yet but it does give you some of what makes them so dangerous.

By itself this bring two great benefits. Independent Action and Independent Manifestation. With these skills you can prevail in the world all by yourself, even as a spirit not requiring any other energy source or vessel to remain linked on the physical plane. This also grants a certain degree of travel capabilities, letting you cross the borders of dimensions and even timelines, if the opportunity presents itself, without any risk. You could not Jump from timeline to timeline just with this but should multiple timelines end up being somehow in the same physical space separated by dimensional borders, you could freely pass through them. Though not as potent as a proper Beasts Independence, it is still an invaluable skill.",,,
,,600,High Foreigner,Fate/Saber Wars,"The seed of an Evil God awakened, at least half-way. Directly or through mere influence, you were contaminated by one of the Outer Gods that reside...outside the universe. After realising your true self, you began to awaken and master your powers. You’re a dangerous opponent to a whole team of powerful Servants with just your raw power and ability to manipulate reality around yourself, altering it in a spreading singularity that can potentially engulf whole worlds. It only gets more dire when you reveal your special powers, the ones you directly inherited from your tentacled papa or mama. These potent and versatile abilities can make even planetary threats hesitate in fear. A control over space-time to instantly teleport across the galaxy, perhaps, or the ability to breed such monstrous lifeforms that others consider you a living army. 

However, despite your powers, as a partial Evil God you’ll have some added dangers. There are those that hunt your kind, quite effectively too, and all the tools that work better against the Eldritch will do the same to you.",,,
,,600,That's Not How Numbers Work,Fate/Extra CCC,"Imaginary Number space is quite the strange thing. It has nothing to do with the mathematical concept of imaginary numbers (who knows why it’s named that), but rather you can think of it as the ‘space’ outside of reality itself, in a manner of speaking. It is not truly nothingness, but maybe a better metaphor would be to consider it the garbage dump of existence. Well, however you wish to picture it, you now have access to it in some way. Whether by walking through a specially prepared door, teleporting there, or something else, it’s your choice of how you access it.

Within Imaginary Number space you can find things that were lost. Unwoven, obliterated, sealed at the farthest reaches of existence, erased completely from reality, or perhaps even those who die without an afterlife to head to when they pass on. Should you manage to navigate this seemingly uniformly purple and dull place, you’ll be able to find things that would otherwise never have been regained or recovered. You are likely going to need some form of ability or program to detect, identify, and lead you to your objective, as space and time are a little weird here, but with enough preparation you’ll be able to find anything that is truly lost, and bring it back to reality with you. Beware of the terrible things that lurk at the edges of this space.",,,
,,800,Gate of Skye,Grand Foreigner,"The Gate of Skye is the Noble Phantasm wielded by Scathach, the formidable warrior queen of the Land of Shadows. This gate, when opened, can act as a conduit to the Land of Shadows. This allows the gate to pull all nearby adversaries within its range into the heart of this shadowy domain. It exerts an irresistible force, dragging foes towards the inescapable embrace of the Land of Shadows. Only those with an abundance of mana or an extraordinary stroke of luck may hope to resist its inexorable pull. Even if you resist the gate it will still deal immense damage and drain targets of massive amounts of mana. Lastly, the user can freely retreat into it safely. The only people who can do so are the users and individuals native to the land of shadows.",,,
,,800,Zelretch's Student,Fate/Kaleid Liner Prisma Illya ,"Zelretch has taken an interest in you, making you an apprentice of his. At this point you currently know how to travel worlds provided you have something to guide you to another world. You will be provided with information to master the Kaleidoscope further*.",,,