0,,CP Cost,Name,Jumpchain,Description,PERKS,COVER,62
,,,,,,,,
1,,100,Interesting Wanderer,Fate/Myth,"You are known to wander and walk about, and as you do you’ll find yourself stumbling into and onto new and interesting things, from new people to new food to even a Gold Coin or two.",,,
2,,100,I Know My Purpose,Fate/Zero,"Given that you are yourself and not someone else, it’s perhaps understandable that you can’t always look objectively at your own mental problems. For some, this is out of shame, for others it is self- hatred or rage. You’re able to see your own issues clearly and quickly. You won’t be any better at fixing your own problems nor will this help with you pushing this knowledge away once you find it, but you’ll never be unable to identify what you need help with or subconsciously bury your own issues.",,,
3,,100,Father's Love,Fate/Zero,"Why did they do that? Why are they acting this way? As much as a parent might want to, sometimes they simply cannot understand their own child. Differing generations and age, gulfs in experience, mental issues or a simple clash of personalities. No matter what differences lie between you, you’ll never be left incapable of understanding your own children. You may not love them, you may even come to ignore or despise them for this knowledge, but you will always understand who they are and why that is.",,,
4,,100,Reliable Scumbag,In Flight,"No matter what kind of trash you are, or that you can’t hold a job, or that the only reason you ever visit is because you’re low on food, you’re still a friend. As long as you have some sort of common background with someone you will be able to call them a friend, even if they don’t particularly like you. You can depend on them to feed you or provide you with the occasional part time job if times are hard, although any conversation that you have with them will quickly turn into a volley of insults. There are limits to how far goodwill and this perk can take you but as long as you help them out when they ask you to (and don’t outright attack them), you’ll find that your friends and allies have a much higher tolerance for your mooching off of them. You lazy bum.",,,
5,,100,At least I'm Sane,Fate/Revelation Online,"As far as the life of a test subject goes, some may call it a form of hell. Unstable and inconsistent rules, a body that can be altered on a whim, and you will probably be attacked all the time without a proper way to defend yourself to make sure the system can work as intended under stress. Still, beneath it all, you’re still you. This perk will make it so, no matter what suffering you might experience, your identity and sanity will remain intact. You can endure any hardship and make it out on the other side as yourself.",,,
6,,100,"Mind of Steel, Heart of Gold",Fate/Zero,"As time goes on and you experiences the worst the world has to offer, it’d be understandable if your heart became harder and harder. With all the evils of mankind one could witness, it’s no wonder they try to protect themselves by closing off to other people. You’ll never lose your ability to empathise this way though, no matter what awful things you see. In fact, your ability to feel the emotions of others and comfort them will only grow over the course of your life, as you see more awful things. You have seen the worst side of humanity and it has driven you to be better, not to become a mindless robot.",,,
7,,100,"Even Tonight, The Moon is Beautiful",Tsukihime,"Everyone dies eventually. Maybe it’ll be of old age in a bed, maybe it’ll be from anemia, maybe it will be because you got your head torn off by an angry vampire. And that’s alright. You’ll find that while your self-preservation instincts are intact and as sharp as ever, as is your will to live, you will find that fear of your own mortality holds no power over you. While you may still fear pain or other things you naturally would, you will find you won’t freeze up in shock or frantically run away like a scared animal when staring down imminent doom...you will remain composed and be able to take a chance to escape, should the chance exist. You also have an odd talent to be able to appreciate mundane sights and sounds, like a full moon or a soft breeze, even in stressful situations like a fight to the death or panicking over the idea you may have murdered someone.",,,
8,,100,Keep Your Chin Held High,Fate/Zero,"The child of a Magus family is rarely one that will live a peaceful, idyllic life. To be a Magus is to walk alongside death and even a Magus who never gets in a single fight is likely to see all manner of gruesome scenes and deaths, of animals or humans. Despite your upbringing as the child of a magical family, you are not weakened or scarred by the experience. Instead, the trauma only strengthened your resolve, a trait you still carry to this day. Whenever you work past an issue or trauma that you have experienced, your will and mental fortitude will grow that little bit more. You may still be broken but so long as you can put the pieces back together eventually, you will find yourself with a will of ever stronger steel.",,,
9,,100,Daily Grind,Fate/Revelation Online,"As a Rear Liner, your day today life is pretty boring. Every day you go out and do basically the same thing over and over again, with little variation in between. Normally, it would be very hard for someone to go through this without consequences or giving up due to the sheer monotony of their life. However, you don't have to worry about this any more. You will never be affected by boredom or bad habits due to repeated tasks or a normal routine. Of course, this applies to more than just going out and doing your normal Rear Liner routine of killing weak monsters and foraging for drops, but any sort of monotonous activity or routine will apply to this. Of course, being monotonous is entirely subjective, so even going out and killing monsters can fall under this if you do it to the point where that becomes monotonous to you, so this ability is pretty versatile",,,
10,,100,Pure Heart,Tsukihime,"How could a creature such as you, designed to be a weapon and a living extension of the will of Gaia and Crimson Moon, be so pure of heart? No matter how old you become or what trauma you experience, you are able to look at life with just as much childish curiosity and wonder as when were young. You are able to earnestly smile at the new day and appreciate small but new things in life, and experience old ones with just as much joy as you did the first time, able to appreciate every moment as you live through it. This carefree innocence is also surprisingly endearing to others, letting you make friends just by virtue of the wide-eyed curiosity you hold. Hopefully, they don't mistake this purity for naivety or stupidity though...because that would be a grave mistake.",,,
11,,100,Another Age,Fate/Grand Order: SkyrimAnon,"Dragons, vampires, dragon-vampire hybrids, demon gods, warriors from the future come to save the world from a demon from the past while summoning heroes and monsters from all over history, there's no end to the strangeness you may come across in this world. But weirdness is just normal for you. You're a being of legend, after all, and the world of myth can be very bizarre at the best of times. You're not exactly fazed by even the most nonsensical information, and can somehow find the logic in crazy events even if others would be unable to find any logic at all. As a side benefit, you're able to communicate with crazy people, like Berserker Servants, quite well. Can they only communicate in angry screaming or grunts? No problem, you'll be able to hold a conversation. Do they speak total nonsense that has no basis in reality? It might take some effort, but it won't be long until you can communicate your intentions to them and decode what they're trying to say. Given the sheer variety of heroes and monsters, this is likely to be very useful to you in the future.",,,
12,,100,Patron of Children,Grand Foreigner,"There are a number of Servants who were famous for their actions involving children. For example, Atalanta was known as a protector of children. On the opposite side beings like Asterios and Jack are famous children despite their power. This perk reflects both of these properties. Firstly, you will easily gain the trust and friendship of any child or child like being. For example, Ophis from DxD would qualify as despite her age she has a child-like mentality.

Second, to support this you will be given the experience, skills, and knowledge to handle any child with ease. Lastly, should you be a child or possess a child-like form then you will gain access to the second main aspect of this perk. You will emit an innocent aura which makes those around you more likely to trust and care for you. This will only be positive so think doting mother, not creepy uncle in case you are concerned. This effect will be particularly effective on parental figures. This might accidentally get you adopted though that could be a good thing depending on the person in question.",,,
13,,100,Have You Tried Becoming A Servant?,Fate/Grand Order: Cosmos In The Lostbelt,"Love can be a wonderful thing, but when you are separated from those you love, it can become tortuous. Fortunately, you won’t have to suffer such separations yourself too much. Whether a friend, a sibling, a parent, a son or daughter, or even a romantic partner, you will eventually be reunited with them no matter what happens. It might take thousands of years, it might require you to join a group that you hate, it might require dooming the World, but the question of whether you will be reunited with your loved ones is a matter of ‘when’, not ‘if’. Be patient, and that hole in your heart will be filled again sooner or later.",,,
14,,100,Above Good and Evil,Generic Fate Crossover,"What's the deal with this DND alignment crap? You know what you want and won't be defined by rudimentary phrases such as ""Good"" or ""Evil"", only your wishes and goals. Abilities that rely on alignments and the concept of Karma shall not cause harmful effects to you and you may bypass protections based on such.",,,
15,,100,Beloved of Gaia,Tsukihime,"A True Ancestor is a spirit of the world given form, designed for a purpose. Gaia itself recognizes you for what you are, and as such, the world’s laws do not count you among humanity or other threats to its being. Spirits and beings born of planet Earth and all its iterations will count you as a friend and ally, and nature itself will act in small ways that favor you - weather becomes clear during a long journey, animals are pacified in your presence so long as they are left alone, and any sentience tied to the planet itself will defer to you with respect or at least respect your presence.",,,
16,,100,Blessings of the Divine,The Holy Man of The Church Creek,"Within the divine realms, when a god is bestowed a great service or holds a close alliance with a mortal, they may choose to offer their blessing as a reward. Remarkably, you have earned the favor of one or more deities, either through your own notable deeds or through your unwavering dedication and loyalty. With each purchase of this perk, you gain the blessing of a specific deity, tapping into their divine powers and harnessing their unique abilities.

The precise powers bestowed upon you will be tailored to the god in question, reflecting their dominion and realm of influence. For example, should you choose the blessing of Poseidon, you would gain hydrokinesis, the capacity to breathe effortlessly beneath the waves, the ability to navigate treacherous seas unharmed, and a deep alliance with all beings residing within Poseidon's vast domain. You may purchase this perk as many times as you can afford.",,,
17,,200,A Long History of Friendship,Fate/Zero,"Old allies come with having an old family. While they might not always be close enough to help you without payment, you always have them to go to. You know how to make lasting relations with other groups in this way. Families, organisations, even entire countries. Even if who is in charge changes, their successors and descendants will always remember the friendship and favours you exchanged with their predecessors and ancestors. By maintaining these bonds over several generations, you can reinforce them to become even tighter than they would otherwise.",,,
18,,200,In My Heart,Tsukihime,"They mean too much to you. Your loved ones, your principles, or even your property? It doesn’t matter - you can’t let yourself be reduced to a rampaging beast when their lives are on the line. You have increased willpower, strong enough to let you resist homicidal urges or resist mental torture within and without, and this willpower increases threefold when you act on it in the name of those you care about, whatever they may be.",,,
19,,200,Even a Magical Family Deserves Happiness,Fate/Zero,"Keeping your family safe can be hard even when you’re not a mage. Just juggling a job and family time can be hard. And keeping them safe when you’re taking part in a brutal magical war on your home territory? Even harder. You’ve been blessed to almost never need worry about that. Your family will never be in danger unless you incite a foe to specifically go after them. Even when it comes to natural disasters, if there’s even the slightest chance they could be okay, they will. And you’ll almost always be able to have time for them too. Whether through skill or just sheer luck, your schedule always just happens to have at least an hour free for you to spend with those loved ones each day.",,,
20,,200,Burning Blue Battle Ax,Witch on the Holy Night,"What’s the best way to tackle all the problems of the world? HEAD ON, AND SCREAMING! The reckless, blunt approach has a tendency to work out well for you. Fortune favours you cutting to the front of the line to get what you want or demanding people do things your way, and even if you’re a nitwit that loves spamming giant magical lasers the collateral damage has a tendency to just...go unnoticed by the world at large unless you really go out of your way to advertise it. The clever and the subtle often get caught off-guard by your sheer guts. Seize the day. BY THE THROAT.",,,
21,,200,For Her Dream,Fate/Stay Night,"An immortal being does not age and few consider what that truly means. To watch everyone you know and love waste away, to see your entire culture and civilisation crumble before newly rising ones, to know you are alone and out dated in a world that has moved on. But some immortals manage to adapt. You are one such being, having become immune to these effects of time. Whether you are unaging or not, the passage of time will never leave you unable to adapt and the deaths of loved ones to age will never leave you a broken wreck. You will always be able to find some new form of enjoyment or meet a new person to love in time, no matter how long you have lived already.",,,
22,,200,Fit For A King,Fate/Grand Order: Cosmos In The Lostbelt,"One of the biggest factors in becoming a heroic person, or at least a great one, is willpower and resolve. Essentially, the ability to power through any distress or obstacle that comes your way. And with this purchase you’ve come to possess this trait. You could be forced to complete an incredibly arduous journey both physically and mentally not once, but 6 times, and be completely fine afterwards even if you got no recognition from the feat. You could remain entirely unshaken even when fighting the gods themselves, and your willpower is enough that you could simply stand and simple even through the pain of being gravely wounded. There is nothing in this world that can really break you, and even if something manages to do so it won’t be for very long.",,,
23,,200,The First Snake,Fate/Zero,"Many Masters seek out specific catalysts, artefacts from or relating to the Servants they wish to summon, to make gaining that Heroic Spirit more likely. And they do indeed find the rarest things. Scraps of cloth from the cloaks of the original heroes, tablets or books written by them personally, the skin of the very first snake to ever shed its own skin. You’re just as skilled at this and more now. Not only do you know how to start searching for ancient and lost artefacts like these, but you seem to have a preternatural luck when tracking them down, such that you will often be led to your target even when you would normally miss it or not even come close.",,,
24,,200,"A Cat Is Fine, Too",Tsukihime,"I’ll pretend I didn’t hear that. But, you seem to have a very peculiar talent now. You will find that you are strangely capable of holding a functional relationship with both people with difficult personalities and incredibly dangerous individuals who would otherwise tear your head off immediately for speaking out of line. So long as the feeling was reciprocated, you could maintain a century-long relationship with a vampire five times your age and power without them being abusive or controlling about it, nor feeling awkward about dating someone like you. Just note that while this will usually lead to you getting special treatment in a relationship, it won’t change their personalities very much - if anything, they’re likely to be twice as vicious to anyone they see as coming between you two. For the less romantically inclined, you have a talent for assembling a small group of different supernatural individuals and maintaining a functional friendship or team with all of them.",,,
25,,200,Kindness is it's Own Reward,The Holy Man of The Church Creek ,"They say kindness is its own reward, and in your case, that saying holds true. Your acts of kindness will not go unnoticed or unrewarded. The universe itself recognizes and appreciates your benevolent nature. When you extend a helping hand, a chain of positive events will unfold, leading to unexpected rewards.

The magnitude of these rewards is directly proportional to the depth of your kindness. Saving a group of innocents may grant you their undying loyalty and unyielding support in times of need. A small act of charity might reveal a hidden talent or a valuable resource that aids you on your journey. The more profound your acts of kindness, the greater the blessings that will come your way.",,,
26,,200,Hometown of the Soul,Fate/Legends: Baba Yaga,"The world is not just restricted to your own motherland. Beyond its borders might just be a country where you feel even more at home. A Hometown of the Soul perhaps. For Helena that was the spiritually rich India. And for you... Well why don’t you find out? You have an affinity for traveling and learning about the cultures and norms of whatever place you find yourself in. This also comes with a general boost to your training. The more passionate you are about something be it a skill, a culture or even the occult, the greater the benefit you will gain when you commit yourself to learning about it.",,,
27,,200,Power Breeds Power,The Holy Man of The Church Creek,"In this world power reigns supreme, the union of formidable individuals has long been recognized as a means to breed even greater strength. With this perk, you are a beacon of interest to those who seek to create offspring of unparalleled power. The allure of potential courses through your veins, drawing attention from those who desire to forge a lineage of exceptional abilities. The effects of this perk are threefold, each contributing to the legacy you may leave behind. Firstly, you become a target of great interest to those who seek to produce strong and gifted children. Your reputation precedes you, attracting those who recognize the potential for greatness that lies within your bloodline.

Secondly, any children born of your union possess the remarkable ability to inherit the powers and abilities that both you and your mate possess. From the moment of their birth, they carry the legacy of their lineage, wielding the strengths of their lineage as a testament to their potential. Lastly, the potential of your children surpasses even your own, as their combined heritage draws upon the strengths of both parents. Their potential for growth and mastery is elevated to heights that surpass either of their progenitors, forging a new generation of extraordinary individuals. However, should you wish for any reason to withhold specific abilities or potential from your offspring, you hold the option to do so.",,,
28,,200,Beloved,Angel Notes,"There is a deep, intimate bond between you and your planet of origin. The relation between you and your stellar object, be it a planet or moon or star, is like that of parent and child. It fiercely protects you so long as you do not turn against it and you may always remain in contact with it. Other planets are more like distant cousins. You retain your ability to speak directly with the spirit and consciousness of any such stellar object and to be treated at worst as a neutral party, if not given some degree of favour from the beginning. It isn’t difficult for you to cultivate close relationships with such titanic beings, so long as you continue to prove you are on their side you will grow closer, though such feats may be very difficult for something less than an Aristoteles to accomplish. Eventually they too might give you their aid, influence and even power, should you earn it.",,,
29,,300,Sharing Tables,Carnival Phantasm,"You have an uncanny tendency of coincidentally meeting with new and interesting people, and your first meetings with others rarely turn out poorly, unless they were your enemy to begin with.",,,
30,,300,Seeker of Mystery,Generic Nasuverse,"You have a knack for stumbling across knowledge of magic and magical artifacts, whether from the modern era or times long past. Whether this comes in the form of teachers, ancient scrolls, lost books, or something readily available, you simply seem to have the best luck in the world.",,,
31,,300,Timeskip Training Montage,Generic Fate Crossover,"Whenever you and your allies decide to dedicate more than a whole day to training, you all gain additional experience, mastery and reserves when applicable over whatever you were training on. (Effectiveness scales higher, the longer you train like this, from 1 Week yielding doubled results, a month yielding 5 times the results, a year yielding 10 times the results, to a maximum of 5 years giving you 20x the value of your total time trained).",,,
32,,300,Donning the Deerstalker,Fate/Legends: God Save the Queen,"A detective without boundaries or limitations. The occupation becomes entwined with your very existence, more important than a mere hobby or way to express your intelligence. It’s a part of your story and the role is laid out for you to play, sometimes whether you like it or not. Being the Detective in the story will provide certain benefits, advantages to your situation. Attempts to solve mysteries and unravel the plans of villains, among other Detective-like activities, will meet much more success than normal. Fortune favours your endeavours and clues you might have missed instead shine to your sight, the villain themselves might make a critical slip up that would feel foolish outside of a mystery novel. Which you definitely are not effectively a character within. Your abilities are particularly potent against anyone that would be widely seen as a mastermind along the lines of James Moriarty. 

Additionally, the part that may not always be so desirable, is that solving mysteries becomes an unavoidable part of your tale. Wherever you go, whenever you are, you’ll find puzzles and schemes and crimes to solve. Often, they’ll make themselves a vital part of the goals or story you currently pursue, changing things to make your story that of a Detective. In extreme circumstances, you may find that your story brings you to great and grand crimes to figure out, even across both space and time.",,,
33,,400,Lucky Break,Fate/Revelation Online,"Sometimes, things just go well for you. Perhaps a wolf chasing you trips at a critical moment. Perhaps you figure out a core part of the system to exploit by complete accident. Perhaps you slip through the cracks and get to take a break for a while instead of constantly testing new features. Regardless, you have rather fantastic luck. While this isn’t plot armor tier, you can rely on this to regularly help you out in basically every situation.",,,
34,,400,Starting On Your Best Foot,Fate/Grand Order,"If the hero died before the story started, there wouldn’t be much of a story, would there? If the plan of the bad guy had gone ahead, you’d have died back in the explosion without a chance to resist. When it comes to the schemes of the bad guys of your story, you always get at least a chance to resist their plots. You won’t get blown up out of nowhere, assassinated before even knowing who your opponent is or otherwise made useless before the story even starts. There’s no guarantee you’ll make a difference but you’ll always be able to last through the first stages of whatever plan you’re fighting against.",,,
35,,400,The Bar,Fate/Kaleid Liner Prisma Illya ,You are Determined. When you set yourself a goal your willpower is vastly increased. If there is a bar that you have decided to jump over and are currently unable to then you are able to spend as long as you need to accomplish that task. When focusing on a task you have a single-minded determination that allows you to accomplish things like fighting through several life or death fights in a single night and then forcing your broken body to still move. For some reason this is also nearly hypnotic to your preferred sex. When watching you strive for your goal they will see the raw determination you have to accomplish your desire and very few would be capable of resisting falling for you,,,
36,,400,Packing Tape!,Tsukihime,"Not many people think about using packing tape as a ‘bandage’ to hold your body together while you recover from an incredibly gruesome injury. But not many people are as amazing as you, so it all works out! You will find that you are able to supplement your own abilities or solve problems using subpar materials, such as using duct tape as bandages, a slingshot in place of a gun for firing a silver bullet, or a rusted sword in place of a Black Key and it will work just well enough that you can get by without the real thing. Won’t change how fragile the items in question are, particularly against tough situations or opponents, but hopefully the problem will be fixed by then, right? Is this the will of the planet aiding you or are you just stupidly lucky? Who knows!",,,
37,,400,Blood Brothers,Fate/Zero,"It’s not fair that heroes are always getting to make teams and friendship speeches. You know you’re just as friendly as any of those do gooders. It’s just hard finding some whose hobbies include mass murder and cannibalism. Isn’t it great that you can bond with other freaky guys like you now? Long as you aren’t fighting each other already, you find it easy to make friends and allies with all the psychos, monsters and other twisted beings you can find. Even those that would normally attack on sight give you a chance to talk and get to know each other. And if you happened to share a treat together, like some tasty young morsel you’ve caught, you’ll get closer even faster. I’m sure if you did something really nasty together, the two or more of you could become Best Friends Forever.",,,
37,,400,Tools That Make The Man,Fate/Legends: Empires of Antiquity,"Every hero in these lands isn’t just known for their own feats, they’re also known for what they used to do those things. It’s with their tools of legend, their divine treasures in many cases, that they crafted their legends. You find yourself far more fortunate than most heroes when it comes to getting your hands on magical items or other powerful artefacts where you are. Even not searching for them and living an easy life, it’s likely you’d find at least a few minor but useful tools each year, maybe even something moderately powerful like an enchanted blade. Should you be actively questing and fighting dangerous monsters, you’ll actually find that you almost trip over small magic tools and could have half a dozen powerful magical items in your arsenal in just a year’s time. You very quickly master the use of them, especially any unique properties they have, and can even find that they prove much more hardy and useful in your hands than in others, showing twice or even thrice the normal effectiveness.",,,
39,,400,Tahno Gland,Tsukihime,"Weird things are attracted to weird things, so why are they so attracted to an ordinary person like you? Those of your preferred gender find you have a certain ‘je ne sais quoi’ about you and are inexplicably drawn towards you, even those who should be your enemies, forming a crush or becoming outright smitten with you over the course of a day or two - give or take, depending on where you stand in a conflict. It will only take hold on individuals you would find attractive, or would at least have some interest in. The harem route is quite possible for you if you put in the effort. Beware, though; if you treat them poorly or spurn their affections they will react as a normal person would. Or rather how a normal person with supernatural abilities would. It’s also hard to say who this will affect and when - but make no mistake, your love life will never be boring ever again. This can be toggled on and off, but removing the effect won’t remove any attractions that have had time to grow from this perk. There is no escape.",,,
40,,400,Hero In Training,Generic Nasuverse,"Every hero starts off somewhere. Nobody is born great! Er- wait. No. That’s a lie. Plenty of people in the Nasuverse were born great. But not everybody, and that’s what this perk is about!

Normally, everybody has some sort of limit. A point at which they simply can’t improve anymore. Not you though. Not really. Once you reach your physical, mental, or spiritual limits, you can overcome them through sheer determination and force of will, allowing you to continue improving in that area.

This doesn’t remove your limits. It merely pushes them further away. At some point, you’ll hit your limit again and have to force your way past it again.",,,
41,,400,Shining Lights,Fate/Grand Order,"Poisons, knives in the dark, war, betrayal, sabotage. A leader has to survive some pretty hairy stuff. Often they don’t survive, betrayals are just as popular in legends as miraculous tales of survival. Don’t get too worried about all that. It’s good to keep an eye out but you’ll have a little bit of support now that you have this. It’s your ticket out of one impossible situation every ten years. A battle where every path ends in your death would open up to allow you to escape unheeded. Trapped in a room filled with bombs? A miracle occurs and your soul briefly separates from your body to avoid the blast and reform later in a safe place. Surrounded by political enemies united against you, about to topple you from the throne? A sudden conflict will arise to send them into disarray and give you a bit of time to ready a defence. It’s only once each time and it’s only going to give you a chance but a good leader shouldn’t need anything more than that.",,,
42,,400,Timeless Strength,Vasto of White,"With the passing of time, your strength only grows stronger. Your abilities and powers will never deteriorate or weaken, but instead, will only continue to improve and expand. You will become a legend in your own right, your name and deeds immortalized in the annals of history. Your age will only serve to enhance your power and prowess, and your enemies will tremble at the mere thought of facing you. Whether it be physical, mental, or spiritual strength, you will continue to grow stronger with each passing day. This is the truest form of a Noble Phantasm, and you possess it within yourself.",,,
43,,400,Fairy Blessed,Fate/Legends: Garden of Avalon,"It’s a rare man that gets the attention of the Fae and even rarer for that attention to be as positive as what you receive. From your handsome face to your caring heart to just a smell about you, fairies of all different kinds find that they can’t help but adore you and being around you. Not only are they almost never violent with you without serious provocation but they are almost eager to become friends with you and help you out. They can make for powerful allies and unlike most people, are quite helpful with you if you should attempt to navigate their byzantine rules and tricks. One might even say their pranks truly are good natured with you, rather then the sadistic tricks they do to others. Past this fairy love, you have also received a blessing of great luck from the fae race, one that applies in battle alone. This luck blessing is quite powerful, allowing you to defeat foes you should normally struggle greatly against with relative easy for most of the time. It is fickle, a fairy blessing is given by fairies after all, but by relying on your own skills as well, you can find yourself scything through entire ranks of the enemy like a flash.",,,
44,,400,EX Rank Luck,Fate/Grand Order: SkyrimAnon,"The circumstances arrayed against the Last Master of Chaldea are frankly absurd. Great beasts and heroes will oppose them, and they will even have to fight the very gods in their journey. All this while remaining a relatively unremarkable human, at least physically. It's a miracle that they could succeed at this task, a miracle you now share. Allies will seemingly fall into your lap, always with the right array of abilities to surmount the obstacles to come, even if you're not aware of them yet. Enemies will conveniently have better things to do than smite you, and even those laser focused on bringing you down will somehow be distracted, tricked, or blocked to allow you to survive. The right tools for the job will be placed at your hands at the right moments, and even the most hopeless situation will turn out to have a hidden solution that appears at dramatic times.

Nothing will truly be unbeatable to you, as long as you keep in mind a few things. This luck won’t care for any moral quandaries. Former enemies might become essential to your victory, and if you are unable to get over any grudges or distaste you have for them, they won’t be able to help you. Essentially, you’ll always have a winning hand to play, but it’s up to you to be willing to play it at all. You will have to accept the help of anyone, from the most upstanding moral paragons to the most repulsive monsters you’ve met, if you want to survive from truly great threats. Additionally, regardless of its strength, this is ultimately just luck. Rely on it, and you will find yourself depending on a suddenly absent factor. Simply have faith in your friends, and they shall see you through. As a final note, this does not work during climactic fights against your opponents. Your luck evens the board and makes even the most dangerous of beings possible to defeat, but actually attaining victory will have to be done on your own efforts.",,,
45,,400,Child of the Stars,Fate/Legends: Strange New World ,"It is only unnatural that you are who you are. An outsider to any world you go to. Apparently, some other beings in this world can sympathise. You’ve found yourself beloved by the eldritch beings that hail from outside reality, the gribbly things in the cracks of space-time and the monstrous gods that do not exist yet continue to act. This is to the point that lesser such beings and creatures of the mythos often act as loyal and quite cuddly pets to you while the senior ones, such as the Old Ones or other higher beings, usually dote on you as older siblings or parents might, protecting you when they notice you in danger or leaving little helping gifts in your path. Those you specifically anger, while difficult to do so, will ignore this mostly and they, unless you befriend them more, usually do not make extreme efforts for you without reason. Of course, while this affection can bring great boons, it can also bring great danger. The minds of these beings are often strange even in regards to the weak creatures, much less the ancient and unknowable outer beings, so their gifts may seem more like threats or danger, though rarely would it be without a silver lining.",,,
46,,400,The Harem King,The Holy Man of The Church Creek,"Let's be honest, most of you probably came here just to find a perk like this one. Well, given the nature of the setting it had to be offered. This perk makes you truly worthy of being not only the Harem King, but the greatest Harem King. This grants you a variety of boons to aid you in the art of romance, love, and seduction. First, your physical presence is utterly intoxicating, transcending mortal beauty and captivating the hearts of all who gaze upon you. Your charisma, charm, and natural magnetism are enhanced to an extraordinary degree, exponentially multiplying the allure you possess. Every feature, every movement, and every aspect of your being radiates an irresistible aura that effortlessly ensnares the hearts of those around you. From gods to demons, from past heroes to powerful entities, the entire spectrum of existence finds themselves irresistibly drawn to you, powerless against the allure of your presence.

In addition, your enchanting power extends to beings of all types, from the most powerful and influential individuals to mythical creatures and magical entities. You have the skill to entice, seduce, and captivate the attention of all, potentially encompassing every individual in the world and beyond. Even those without emotions or singular purposes in life will find themselves consumed by an overwhelming love and devotion, placing you above all else in their hearts. The depths of affection and devotion inspired by your presence is truly awe-inspiring. Love grips the hearts of those who encounter you with an intensity beyond measure, driving them to extraordinary lengths to remain by your side. From gods to demons, they willingly surrender their power, wisdom, and influence in order to bask in your presence. The most powerful, beautiful, and influential women become captivated, compelled to dedicate themselves wholly to you. Their goodwill, affection, and loyalty are unwavering, creating an unbreakable bond that surpasses mere infatuation.

Third, the challenges of seduction hold no weight against your prowess. Even gods of love and beauty would find themselves captivated by your charisma and expertise. From a simple conversation to an intimate encounter, your ability to kindle desire and passion surpasses all expectations. Whether it is a fleeting tryst or a profound connection, each interaction is a testament to your unrivaled skill and sensuality. The experiences shared with you become cherished memories, forever etched in the minds of your partners. Fourth, you have a keen understanding of the complexities of harem dynamics. This allows you to maintain a harmonious and fulfilling love life. All individuals who enter your harem will not only be open to sharing your affections, but also develop profound bonds with one another. This could be friendship or even romantic feelings which can blossom among your partners, fostering a sense of unity and understanding within your intimate circle.

Fifth, maintaining balance and quality time within your expanding harem is paramount, and this perk grants you the ability to effortlessly manage your relationships. Regardless of the size of your harem or your busy schedule, you possess an innate knack for finding meaningful moments with each lover. Even a few minutes will seem like hours filled with laughter, deep conversation, and shared experiences. Time itself seems to bend to accommodate the depth of your connections, allowing for genuine and fulfilling interactions with every partner. Lastly, to ensure your comfort and enjoyment, this perk grants you the freedom to weaken or disable specific aspects of its effects. You retain full control over the extent to which your powers manifest, allowing you to tailor your experiences according to your desires and the needs of your relationships.",,,
47,,600,Like Hell I'd Die,Carnival Phantasm,"Much like a certain blue-haired man in tights towards the Carnival's end, you can dodge the unfavorable lots that destiny sets up for you. This is primarily true of lethal situations, which you can, with proper skill and durability, either dodge successfully or play off in slapstick fashion. This still depends on your own capabilities, though.",,,
48,,600,Sympathy for the Devil,Fate/Stay Night,"Everyone deserves a chance, don't they? Even the worst sort of being deserves a chance. Somehow, villains and evil beings of all shapes and sizes get a sense that you know this, whether you agree or not. Often, instead of just being killed or sentenced to some worse fate, the bad guys will offer you a chance to work with or serve them instead. If you're actually bad too, this might even work on barely sentient monsters or forces of evil too, allowing you to act as an avatar of their wills. The best part is that you won't be viewed as some disposable tool or henchman but as a valued agent. If you are sacrificed, it will only be for a truly important goal.",,,
49,,600,Hard Work Conquering Talent,Fate/Zero,"Talent. Natural aptitude or skill. You either have it or you don’t. Your entire life could be decided at the moment you were conceived. You struggled so desperately to pass this barrier, this unbreakable glass ceiling and somehow, you did the impossible. You became living proof of the value of hard work. When you put in the work, the long hours, you get more out of it than anyone else would. The longer you work at learning something, the better this gets, but it won’t continue forever. You enjoy working in this way, so don’t worry about not having the will to put in that effort. And when you come up against something that only those with talent could do, something limited to those born with it? With enough work, you could match them in that too, no matter what your elders say.",,,
50,,600,Spirit of Man,Angel Notes,"You don’t have the evolved advantages of the A Rays or the raw power of the Liners. You’re not even as good as the Human Liners. But you’re still here. Humanity, pure Homo sapiens, are still alive even in this Land of Steel where the very air is poison to them. They’re still striking back to the invaders. Humans like you don’t just die, they don’t just roll over when something strong comes round. They survive. For you, that path is always open. It’ll be dirty, painful, and miserable and might even make you wish you died, but as long as you struggle onwards, you can survive. As long as there is even the tiniest chance of you living, you will as long as that is all you focus on. Winning? Not the aim of the game here. You might well lose everything. But you’ll still be there when everything else is ending around you. Just hope you don’t find something to fight for, huh? Might be tempted to give it all up for something more important than a life.",,,
51,,600,Favoured Heiress,Witch on the Holy Night,"You know, it’s not always about hard work? Some people just have all the luck. Like you. You could be some ordinary girl who just happens to share a bloodline with a powerful magus family, and the patriarch would name you heir to his Magic. Or you could go off to apprentice under someone else to actually learn magecraft from, and luck into not only a mentor who surpasses conventional magecraft understanding but is actually a pretty great friend...in her own idiosyncratic way. Last but not least, you have a tendency to bump into people with a significant role to play in the world-and make a good first impression. If you ever need a favour beyond even your own considerable power, you’ll have plenty of capable folks to call in. Whether you’re scrounging for useful Mysteries or angling for a promotion in the Magus’ Association, the powers that be seem happy to give you leeway with underwhelming qualifications and you often bumble into first pick of the loot. Just remember, AN EASY LIFE IS NOTHING WITHOUT A RESPONSIBLE ATTITUDE",,,
52,,600,Bloody Valentine,Kara no Kyokai,"It is not always great leaders who gather a fanatical following. Sometimes a blank mirror can work in much the same way, reflecting the desires of madmen back on themselves, a never-ending loop of increasing fascination. People you know having a tendency to get extremely attached to you. Even if you yourself are quite bland, most of the people you know come to feel some more intense emotions for you. An ordinary ally might eventually see you as a close friend after a few months of working together, even if you’ve done nothing to normally make that happen beyond simple courtesy. But people that are already unhinged in some way will receive a far more potent effect. What might be an unsettling acquiantance may eventually come to see you as their dearest friend, whereas someone with a creepy crush might come to obsessively love you. While it isn’t just limited to intensifying positive emotions, it does make those who feel strong negative feelings towards you have a sort of reluctance towards your death. Perhaps the one they hate so much needs to see them succeed, so they can’t kill you for a while yet?",,,
53,,600,I am No One's Tool,Fate/Stay Night,"Most people, when faced with the sorts of tortures that just hearing about would give one nightmares, simply break under the pressure and misery. A rare few with the right sort of will might bend, damaged yet not broken. You? You don't even notice it. Even if you were viciously humiliated and abused for hours every day for years on end, you wouldn't budge an inch. Not only is your willpower so great, your physical endurance matches it as well. An entire day spent being beaten and forced to do hard labour would see you as energetic and chipper the next morning as if you had a full meal and rest. Only the absolute worst of pain would cause you to cry out and you'd easily be able to power through any shame or humiliation others cause you. Finally, even if someone committed the utterly vile acts it would take to break your spirit, you will always manage to pull yourself back together on your own, though it may take a bit of time.",,,
54,,600,One That Will Never Hurt Others,Kara no Kyokai: Ammy Edition,"You are a good boy, an exemplar of human kindness and decency only matched in sheer goodness by one Mikiya Kokutou. To start you're simply a good person; compassionate, empathetic, diligent, polite, and just a joy to be around, having a sort of down to earth charisma, not the “able to get people to do what you want” kind, but the kind that just helps people relax around you. 

You also have a sort of aura of normalcy, within which people are calmer, magic is slightly less effective, and peoples mental issues are lessened, though these effects will slowly reverse upon leaving its range. Each effect is toggleable.

	「　」 Boosted:
Well, it seems emptiness suits normal pretty well. Your aura of normalcy has evolved. Magic and the supernatural begin to peter out in your presence if you so choose, and people’s mental issues lessen faster. Uniquely, any issues affected by this aura don’t come back even if the person leaves the aura’s vicinity, allowing you to slowly heal the mentally disturbed permanently with your presence alone.",,,
55,,600,Modern Hero,Lord El-Melloi II Case Files,"You have the vanishingly rare traits necessary to become a Heroic Spirit in the Information Age. Indeed, you seem almost destined for it. You are more bold, more cunning, and more powerful than your attributes imply, and since you have the mind, body, and spirit of a true warrior, they imply quite a bit. You have the Luck to shape your own destiny, your actions have increased historical impact, and you can reach comparatively ridiculous heights of power through training and adventure, which never traumatizes you. Fame is also helpful, but martial achievement will allow you to develop great strength and wisdom, often in defiance of social and magical conventions. Furthermore, you have a unique, Sybil-like connection to the Heroic Spirit you have not yet become, and may call upon the Noble Phantasms and Skills you have already earned, from your own linear perspective.",,,
56,,600,Scarred Path,Kara no Kyokai,"Limitations are just barriers to be conquered. Every misery that is thrown down in your path is a step to rise even higher, to use the flaws that cripple your body to enhance your magic ever further. You find that when your body suffers and parts are lost to you, your magic will soon compensate, providing not only additional talent in a related field of magecraft to whatever part of you has been crippled but a sudden breakthrough to effectively replace it. The loss of your sight may result in developing a sudden breakthrough in clairvoyant spells or magecraft that allows for ESP that not only replaces your lost sight but may outright surpass it. A mangled arm may provide the inspiration to greatly increase your level of skill with telekinetic magecraft or some other kinetic field, allowing you to manipulate things from afar with natural ease and immense force, seemingly costing little energy to do so. It takes time, weeks or even months, for these talents to bloom but once they do, they will remain even if you regain what you originally lost.",,,
57,,600,Worthy Luck,Fate/Legends: Vive la France,"Charlemagne’s paladins would not have survived even a half of their adventures without the luck of heroes, particularly that seemingly inept young man called Astolfo. Luck takes a special form for the heroes like these, not solving issues for you but providing to you the tools that let you solve things yourself. At least, most of the time. Your great amount of fortune focuses on this, ensuring that enemies accidentally leave behind their magical blades for you to use, friends loan you just the obscure trinket you need before you go on an adventure that reveals a desperate need for it or you ‘accidentally’ seduce a village girl who turns out to be a noblewoman that can get you out of trouble later, should you prove your affections again in the jail cell you’ve been held in.

The greater the danger, the greater the benefit your luck will bring to you, though these uses must remain in the realm of what could be possible, and even in truly dire situations, where just an added tool or ally might not help, your luck can even temporarily bend what is possible. A sword strike might suddenly skip your neck instead of cutting it off, an ally moves faster than should be possible or you seem to have just enough energy for one last attack even after you already did your one last attack. These sudden surges of fortune are a staple of heroes when pushed to the edge but appear infrequently, no more than a handful of times each adventure. A hero relies on themselves after all, the luck is just an added bonus to smooth the edges over.",,,
58,,600,Ordinary Man,Fate/Grand Order,"You weren’t born with magical powers. You didn’t discover a mighty artefact. You didn’t have some magic old man to make you a king. You had yourself, your own human body and whatever weapons you could find. In a world of legendary heroes and terrible monsters, the odds say you should have died. Yet here you are, having earned your spot in the ranks of mankind’s legends. How? You got so damn good that you made the mundane become magical. Your ordinary fists went so far beyond the limits of human possibility that they become weapons of legend. Your skill with a gun so awe inspiring that the World itself can’t comprehend it as not being magical. Your swordsmanship literally warping space and time to try and keep up with your skills. You’ve got no limits on how far you can take any skill and the further you take any skill, the more magical it becomes. Become a great enough master and you might even see those ordinary skills forming into Noble Phantasms in their own right.",,,
59,,600,Just An Ordinary Human,Fate/Grand Order: SkyrimAnon,"The Last Master of Chaldea is allegedly a normal human person, yet somehow this ‘ordinary’ trait of theirs gets them in the good graces of nearly every person they come across, from arrogant rulers, to smug deities, and even actual monsters. Now, you've come to share this unique trait of theirs. The main thing this does is make you a very amiable person to essentially everyone, unless you're specifically spurning someone. Perhaps amiable is not a strong enough word, however. More accurately, you have a talent for getting along with anyone, from usually hostile man-eating monsters to otherwise indifferent gods. As a side note, you have an odd tendency to find attractive members of your preferred sex in quite unlikely places, such as an embodied Calamity that somehow came to desire for a wholesome romantic human marriage, despite their nature. These unlikely ‘waifus’ are almost always in positions that make them very valuable allies, too.

Additionally, this effect is seemingly orders of magnitude more potent with those who are ‘on your side’ in conflicts, whether as allies or merely friends, although if they are neutral this effect will be lessened, and you will need to defeat your enemies first before this works on them. Mere weeks of interacting with others would be enough to forge a strong friendship or brotherhood, even with those who are usually quite antisocial or unwilling to respect others as equals. A month or two would see such relationships become even stronger, potentially becoming a valued lover or an invaluable friend, and with some more work your bonds may become unbreakable, the kind of thing that could be termed true love or at least on its level. Fortunately for you, the more important you are to someone, the more easily you can get them to mellow out, so to speak. Genocidal goddesses hellbent on getting their revenge on humanity as a whole would be reduced to simp- I mean, focus their positive attention entirely on you to the degree they can't plot genocide on a large scale. Likewise will said positive attention be genuinely harmless to you, as even beings that would normally have a twisted view of affection will somehow come to learn of normal human intimacy and gleefully engage in it. Do be careful with the jealous ones.",,,
60,,600,Utterly Human,Fate/Extra CCC,"Humanity is destroying the world. It is slowly degrading into a dystopia of sorts, and this timeline is definitely not one of the good ones, with wars and destruction ravaging the Earth. And yet. There’s something about the human qualia that seems entrancing to the inhuman beings of this solar system. From gods, to demons, to monsters, and so on, time and time again humanity has not only triumphed, but sometimes even tamed such things, and the human quality of an iron will that moves forwards and prevails against even the most insurmountable odds wins the hearts of the inhuman and transforms them in the image of humanity time and time again. And now, you are human.

Not only a nigh unbreakable willpower to persist even in the face of absolute defeat, but you also seem to possess a strange form of luck. Impossible to predict by any logical process, as long as you keep moving forwards, as long as you raise your head in defiance of anything that might hold you down, you will always have an opportunity to prevail over any obstacle. Whether being thrown into an endless empty hell, faced with the worst the world has to offer, or simply having all chances of victory crushed in front of your very eyes, you will find a way to snatch victory from the jaws of defeat. However, you only get one opportunity. Should you falter in those important moments where the will to shape your own future is the most important, your luck will fail and your luck will run out. Don’t let the world hold you down, and always remember to keep moving forwards.

As a side note, due to this persistent quality of yours, or perhaps a questionable aspect of your plot ar-luck, you are oddly fortunate when it comes to romance. Perhaps too much so, even. You’ll be able to make good friends with essentially anyone you meet, but with those of your preferred gender especially, you are somehow an ideal partner. Simply by being yourself and interacting with plenty of people you’d build quite a sizable group of individuals enamored with you. You should take care, however. The more inhuman, crazy, or plain dangerous someone is, the more effectively this works on them. Watch out for yanderes. As a final note, if you purchase this perk you may choose to take Hakuno’s place, if for some reason you want their role in this world.",,,
61,,800,Worthy,Fate/Legends: Garden of Avalon,"Once every few centuries, someone special is born. The sort of person that you just know will be something great as soon as you see them, even as a child. In these times, that person is Arturia Pendragon, the future king of Britain. But what if there was another like her? You’ve been found worthy of the favour of the World now and been blessed for it. Your path is one of great destiny, paved with many gifts and prizes, leading to truly incredible feats. And all it takes from you is to take the first step to adventure. So long as you pursue great feats and pursuits, you’ll find yourself surrounded by advantages. Mentors and teachers of incredible skill and fame appear to teach you skills, spells and abilities. You’ll find yourself involved in many stories in favourable ways, gathering friends, allies and resources without even trying to gain them. As you attempt to improve yourself, so long as it is in the aim of accomplishing great things later on, you’ll find no end to the breakthroughs and leaps of progress you achieve. While on this golden path, you’ll be protected from many minor dangers and risks, never needing to fear dying or failing because of accidents or the threat of unimportant foes in your story. Finally, this blessing of the World has ensured your natural charisma has skyrocketed to immense heights. Even if you act as an emotionless robot, you could gather a small army of devoted and powerful retainers over just a few years. It has it’s limits though, don’t expect people to stick around forever if you never show them a smile. Whatever path you take, it is one where you are assured to reach the centre stage of the story.",,,
62,,1000,Figurehead,Generic Nasuverse,"You seem to attract overwhelmingly competent people like rotting meat attracts flies. They might not necessarily choose to work under you as a minion for the rest of their lives, but they’ll be predisposed to accepting you as their boss/leader.

Brilliant people tend to have titanic egos. It can sometimes make it hard for them to work together. But that’s not a problem for you. You’ll always be able to help people find common ground between them and form bonds of friendship. Or, at the very least, to prevent them from being enemies. (This only works so long as they both respect and like you and don’t see you as their enemy/opponent.)",,,