50 CP,Familiar ,The Pirates of Darkwater,"Many of the locals have small familiars, such as Mantus’s pet Memorrat, Slaggon’s bioguide Roulette, or Garen’s servant Rathmore. You can design your own intelligent familiar, completely loyal to you, with abilities in line with the examples listed above."
300 CP,Crocodile ,Peter Pan,"This is the infamous Crocodile of Neverland, the one who hunts Hook to the ends of the island on the scent of his flesh. Aside from her carnivorous instincts, she is actually pretty nice, at least to you, and will even let you ride her. Crocodiles are one of the most dangerous animals in nature, being able to sneak up on foes yet also overpower them physically, and Neverland’s Crocodile puts them all to shame. If she bites off flesh from a target, she can track the victim to the ends of the earth. The clock she swallowed will die in the last year of the jump, but she will allow you to reach in and fix it. The clock is always right on time, no matter where you are. But the clock in her is also metaphorical: the Crocodile symbolizes the inevitability of time, and she is immune to all temporal effects. It’s also possible, if you allow her to safely swallow you, to merge spirits with her as a single being –but you can separate whenever the two of you feel like it, don’t worry."
150 CP,Shoulder Animal,Peter Pan,"You have a very intelligent animal, small enough to ride on your shoulder. It may be a trained parrot, a ship’s cat, or a tiny monkey. No matter the species, it’s far more intelligent than it should be and can somehow communicate with you. The perfect spy, and also perfect to throw at your enemies as a distraction in a fight (it can take care of itself). "
100 CP,Restless Pirate Lass ,Assassin's Creed Black Flag,"Wealth buys not everyone happiness. This woman is proof of that. As the daughter of a wealthy family, she found her luxurious life tedious and instead ran away from home to form her own Pirate Crew. Commandeering the Lillien Knights, she is an incredibly talented fighter and while not exactly a good person, isn’t necessarily a bad one either."
100 CP,Aspiring Treasure Hunter ,Assassin's Creed Black Flag,"This young girl isn’t the first to dream of piracy but she is one that stands out. Coming from a foreign land, she has come all the way to the Caribbean’s to follow her dreams. However let’s just say there was an incident and now she is trying to raise enough money to buy her own ship. If you take her along for now or help her with her dream, she is sure to be thankful."
100 CP,Voyager of the Storm,Assassin's Creed Black Flag,"This woman claims to be a renowned explorer who successfully became the second person alive who circumnavigate the globe, the one who served as the foundation for the East India Company and who is credited with the virtual destruction of Spain’s invincible Armada. Quite the bold claim, given said legendary captain should be long dead... and was believed to be male. Nevertheless, on board the Golden Hind and with a loyal crew at her side, this woman is a true devil on the seas and always on the lookout for another hedonistic pursuit."
300 CP,The Beast,Assassin's Creed Black Flag,"Stick to the shallows, keep an eye on the waves, and always be ready to abandon ship… because out there, there are monsters. Actually, it’s not just out there - it seems one of them has taken a liking to you and decided to follow you around. Whether it’s a Kraken pulling ships into the deep, a gigantic turtle ramming ships with its hardened shell, a Void Dragon hunting ships between the stars or some other kind of creature entirely, this monster will follow you wherever you go. It’s only about as intelligent as a household pet - smart enough to understand basic commands or possibly speak (i.e. repeat) a few words, but nowhere near human-level intellect. Nonetheless, it is unfailingly loyal, and while it doesn’t count as a Companion, it will slowly recover from any injuries and comes back to life after a week should it be killed. Which isn't gonna happen often, considering it can probably eat most ships that try fighting it. You may import an existing creature or pet you already possess at no extra cost, granting it a suitably monstrous form as appropriate."
100 CP,Easter Island Head,Muppet Treasure Island.,"A talking Easter Island head with a personality of your choice. Knows a vast amount about a mundane topic of your choice

"
600 CP,Captain,Pirates of the Caribbean Jumpchain,"Any crew you gather will follow you unto the edge of the world itself. You have a mastery of tactics upon the waves, crossing Ts regularly and escaping those battles that should not be fought. You can take a bunch of impressed landlubbers and turn them into the pride of the King’s Navy with but a few days and a limited supply of rum. "
400 CP,Laboon ,Pirates of the Caribbean 1.0,"You've gained the companionship of a massive island whale, easily over 120 meters long and impossibly heavy. Despite his enormous size, Laboon is a gentle soul who's grown deeply attached to you. He'll follow your ship across the oceans, occasionally surfacing to check on you or assist when you're in danger. Laboon is incredibly strong and durable: he can ram through enemy ships, create massive waves, and withstand attacks that would sink any vessel. He's also surprisingly emotional for a whale. He understands more than animals should, responding to your words and showing clear affection. He loves music, and when he hears it, he'll surface and listen with obvious joy, sometimes singing along with his deep whale song. If he hears the words ""yo-ho-ho-ho"", he becomes visibly emotional, his eyes welling up as if remembering something important. He's waiting for someone, perhaps, or remembering lost friends. Laboon is loyal beyond measure. He'll wait for you, no matter how long you're gone. He'll charge into battle against krakens, sea monsters, or entire fleets if you're threatened. He's a Certified Good Boy despite being a whale the size of a ship. Taking care of him is surprisingly easy: he feeds himself and just wants to be near you. Having Laboon means you'll never be alone at sea, you'll always have protection from sea monsters, and you'll have a friend who'd wait a lifetime for you."
200 CP,The People-Watcher,Pirates of the Caribbean 1.0,"You've befriended a mermaid, which is quite rare, as most mermaids would rather drown sailors than chat with them. This particular mermaid is different. She's beautiful in the way mermaids are, with long flowing red hair, haunting eyes, and a powerful tail, but her personality is surprisingly... normal? She's fascinated by human behavior and spends most of her time watching people from the water. She'll surface near docks, follow ships at a distance, or hide near beaches just to observe what humans do. She finds human society endlessly entertaining and bizarre, especially the way humans walk on two legs and somehow don’t fall over constantly. She's helpful in her way: she can scout ahead underwater, retrieve lost items from the ocean floor, communicate with sea creatures, and warn you about dangers in the water. She can also sing, which entrances listeners with her beautiful voice. She can't walk on land despite mermaids forming legs when leaving water, but she'll follow your ship and pop up regularly to chat, share observations, and occasionally save you from drowning. She considers you her friend and a window into human society, which is honestly kind of sweet.
"
50 CP,Critique ,Pirates of the Caribbean 1.0,"You came across it by accident: a sword thrust straight through a bleached skull, half-buried in sand and old bones, as though someone had tried to kill the dead and failed. When you pulled the blade free, the skull came with it. And the skull talks. A lot. This is the bound soul of a legendary pirate and master swordsman whose name has been lost to time, trapped in the blade by a curse he refuses to discuss. The skull provides constant commentary on your swordsmanship, technique, and life choices, all delivered with the constructive warmth of a disappointed mentor who's given up on gentle encouragement. ""Your footwork is atrocious,"" he'll say. ""I've seen drunken sailors with better form. Are you trying to die, or is this just natural talent?"" Despite his harsh delivery, his advice is actually excellent, and if you actually listen to him and apply his teachings, you'll improve dramatically. He can also sense danger, identify curses or magical items, and provide historical knowledge about pirates and the Caribbean. The skull’s commentary does not stop at combat; he freely offers scathing opinions on your plans, allies, navigation, and personal judgment. “You trust that one? Foolish. I’ve seen that smile right before a knife in the back.” He's usually right, which makes it more annoying. The skull claims he's only harsh because he cares, which might even be true. He can't be removed from the sword, and the sword always finds its way back to you. You're stuck with each other."
50 CP,Elizabeth Swann,Pirates of the Caribbean 1.0,"The Governor's daughter has decided to throw in her lot with you, and honestly, proper society's loss is your gain. Elizabeth appears as a refined young lady of high breeding, but beneath the corsets and fine dresses beats the heart of a true pirate. She's brave, clever, resourceful, and absolutely refuses to be the damsel in distress. Elizabeth also has a knack for strategy and leadership, able to rally people with rousing speeches and convince even hardened pirates to follow her. She's learned to fight with sword and pistol, and while not a master, she's competent and improving. Her real strengths are her quick thinking, her ability to navigate both high society and pirate culture, and her absolute refusal to accept that something is impossible. She can be impulsive and stubborn, and she has strong opinions about freedom and doing the right thing. Elizabeth dreams of adventure and will absolutely get you into trouble pursuing it, but don’t worry, she'll stand by you when things get rough. 
"
250 CP,Tia Dalma ,Pirates of the Caribbean 1.0,"You've gained the friendship of a mysterious woman who lives in a shack in the bayou, surrounded by candles, bones, and strange artifacts. Tia Dalma speaks in a thick accent and seems to know far more than she should about everything happening in the Caribbean. She's knowledgeable about curses, magic, and the supernatural, able to provide cryptic advice that always turns out to be relevant. She can also perform rituals, break certain curses, and create mystical objects, as long as you pay the price, of course. Nothing's free with Tia Dalma. She's sensual, mysterious, and has a particular fondness for those who show her respect. What you might not know initially is that Tia Dalma is actually Calypso, the sea goddess bound in human form. Her true power is sealed, but even in this state, she's formidable. She has her own agenda and her own sense of how things should be, but she's genuinely fond of you and will help you in her own way. Just don't try to bind or betray her, for you really don't want to see what happens when a goddess gets angry. She comes with her shack (which can appear wherever you need it) and various mystical items she uses.
"
600 CP,Pet Kraken,Pirates of the Caribbean 1.0,"You have a kraken. Not a metaphor, not a legend, but a real, living monstrosity of the deep that recognizes you as its master. This colossal creature dwells in the ocean depths until summoned, capable of crushing ships and dragging entire vessels beneath the waves. The kraken is bonded to you and will obey your commands, though it's still a wild animal with its own instincts and needs. You can summon it by specific means (perhaps a special ritual, mark, or object), and it will come when called. It can't stray too far from the ocean and needs deep water to be fully effective, but within its element, it's one of the most powerful creatures in the Caribbean. The kraken does not require feeding, upkeep, or supervision, and if it is somehow slain, it will reform in the deepest reaches of the sea after one year.
"
200 CP,Mermaids ,Pirates of the Caribbean 1.0,"You've somehow earned the loyalty of ten mermaids who are willing to serve as your personal attack force. They can lure victims with their enchanting appearance and songs, drag sailors underwater to drown them, and attack with supernatural strength and ferocity when in the water. They’re intelligent and can follow complex orders, but they have their own personalities and won’t appreciate being treated as mere weapons.
"
400 CP,A Floating Garrison,Pirates of the Caribbean 1.0,"You are provided with two hundred and seventy Royal Navy marines and sailors, complete with officers, specialists, and hardened veterans. This force can serve as the disciplined core of a major warship or hold entire fleets together through sheer professionalism.

"
200 CP,A Proper Detachment,Pirates of the Caribbean 1.0,"You command ninety Royal Navy personnel, a well-organized force capable of fully crewing a brigantine or frigate, defending against boarding actions, and conducting naval operations with efficiency.
"
100 CP,A Disciplined Squad,Pirates of the Caribbean 1.0,"You gain thirty Royal Navy marines or sailors, enough to crew a small vessel, serve as an elite boarding party, or impose order aboard a pirate ship that desperately needs i
"
200 CP,The Prison Dog,Pirates of the Caribbean 1.0,"A small, scruffy dog of indeterminate breed that has an uncanny ability to show up with keys whenever you need them. When you encounter a locked door, cell, chest, or any other barrier requiring a key, this dog will appear (seemingly from nowhere) within a few minutes, carrying the correct key in its mouth. The dog trots up, drops the key at your feet, and then wanders off until needed again. This works on any mundane lock, no matter how secure or well-guarded. This doesn’t work on magical locks or barriers that don't use physical keys, but for everything else, the dog is your ticket to freedom. The dog is surprisingly hard to catch or stop, and guards and anyone else might notice that something strange is going on, but they will never be able to reliably intercept or detain the dog before it completes its task. 
"
200 CP,Captain Jack (The Monkey) ,Pirates of the Caribbean 1.0,"You have a monkey named Jack. Actually, Jack has you, because this clever little beast makes his own decisions. Jack is extraordinarily intelligent for a monkey, capable of understanding complex instructions, stealing items, and causing all manner of mischief. He's also remarkably stealthy, able to sneak into places you can't and retrieve objects without being noticed. He’s fiercely loyal to you, and since he was one of Barbossa’s crew who stole the Aztec gold, he’s also immortal. Just don’t expect him to always do what you want when you want it; Jack is a free spirit.
"
50 CP,Horatio Hornblower,Age of Sail,"The first name in naval fiction, Horatio is a latecomer to the sea, gets seasick in even sheltered harbors, is tone deaf and often plagued by private doubts. Nevertheless, he is a skilled navigator and mathematician, and a masterful leader of men. As his story spans his entire lifetime, from midshipman on his first ship to retired admiral, it is up to you which Hornblower you want."
50 CP,Jacky Faber,Age of Sail,"The toughest leader of a gang of London urchins, gone to sea for better prospects. Also, secretly a girl. Mary “Jacky” Faber is an unabashed coward and guile hero, a skilled artist and eventually quite good at disguises."
50 CP,Peter Blood,Age of Sail,"A surgeon and soldier framed for treason and sold as a slave, he becomes a pirate and through his great guile and cunning winds up leading a great armada."
800 CP,Pirate Scepter,Alestorm,"This scepter marks you as chosen by the forces of chaos, and piracy, wielding power of the protoplasmic slime. By lifting this scepter up you can summon a host of pirates formed from this protoplasmic slime giving them enhanced ability to survive wounds and regenerate. The more pirate-y and spiritually powerful you are the greater this horde. Even as a mortal man were you to be as archetypically pirate as Blackbeard you might have enough men, each supernaturally durable, to man a small fleet, and if you could reach the levels of the Huntsmaster or Fannybaws even empires like Britain and Spain would have to consider you if not a peer then a potential threat. You may choose to instead of increasing the numbers of this horde increase their power (or mix both), but even if you are a quintessential pirate, you will find the horde’s combined power rarely equalling your own once they’ve begun having to scale above their baseline."
800 CP,Leviathan,Alestorm,"Legends tell of a beast 300 miles from tip to tail. Of course it seems small enough that cannons and swords can be expected to harm it so this is probably an exaggeration. Either way the legendary leviathan is now yours. A loyal pet eager for your love and affection, while it may or may not be 300 miles, this great sea serpent is easily larger than an entire pirate fleet, and powerful enough to sink any shipthat it comes across. While cannons and swords can be reasonably expected to possibly work on this beast, it is very durable, and no single ship would be likely to do any noticeable harm with them. In fact should it use hit and run tactics it could defeat the Cartagena Fleet, though if it attempted to stand and fight the entire fleet at once it would probably lose. Finally, as the great sea dragon it is, it is able to breathe terrible balls of fire from its mouth, sufficient to blow apart even the greatest ships of this age.And while it’s not 300 miles long yet it’s still growing and will never cease to. Given long enough journeys it might grow 300 miles, or more to the size of Jormungandr itself or"
100 CP,Wenches and Mead ,Alestorm,"What you have here is 9 comely and willing wenches, and enough mead for 18 men for a week. The mead restocks each week, and the wenches will be replaced in 1 week should they ever get too old or be killed. You may purchase this item multiple times, each time after the first doubles the number of wenches and the amount of mead you gain so that 2 purchases would give you 18/enough for 36 men, 3 purchases would give you 36/enough for 72, 4 purchases would give you 72/enough for 144, and so forth."
100 CP,Party Skeletons,Alestorm,"This group of 5 skeletons seem able to appear whenever you need extra guests for a party or a band. They are skilled musicians (as if they had the 100 GC version of Heavy Metal Pirate), and always down for a good time, but they disappear if pushed into a situation that is not either enjoying a party or playing music. If one is destroyed (pirate parties can get rowdy) they’ll be replaced 24 hours later."
50 CP,What Lies Beneath,Alestorm,"This shark is now your loyal pet, strangely obedient, loyal, and intelligent like a well trained dog."
0 CP,Seafarer,The Pirates of Darkwater,"You’ve earned your sea-legs and are reasonably competent in any and all shipboard
activities, allowing you to fill essentially any role on a crew."