0 CP,Off The Watch List ,Loki,"It would be unfortunate, not to mention rather unfair, to be erased from existence or otherwise targeted because you’re not ‘supposed’ to exist in this particular reality, or struck down without warning because your mere presence is interfering with some grand cosmic plan. Now, entities and organisations such as The Watcher, The Ancient One and The TVA either won’t notice your presence and actions, not notice you as anything unusual, or will assume what you are doing is all according to a greater plan that they believe in. They’ll completely overlook or ignore you, preventing them from doing anything about your interference or presence... unless you go after them directly, at which point they might take notice."
0 CP,Godric’s Guts ,Harry Potter Movies Jumpchain,"Though you may feel fear you will never allow that fear to control you as this Perk allows you to fight off any fear, even a supernatural fear that would normally paralyse or kill someone.
"
0 CP,Papers and Passports,Jackie Chan Adventures,"There’s quite a lot of globetrotting in this show, so just to make things easier on you here’s a set of valid, legal, self-updating IDs, passports, papers proving citizenship in whatever country you currently live in, and so on. You’re on your own for plane tickets."
0 CP,Compass ,The Legend of Zelda Series ,"A bronze tool meant to help those navigate their surroundings, you could never go wrong with a compass in hand. It always points north, regardless of how much an environment should be screwing with it."
0 CP,Starting Gear,The Legend of Zelda Series ,"Very few start their journey truly deprived, and you are no different. You possess a simple outfit and a steel weapon of your chosen design. It's not much, but it's better than nothing."
0 CP,Boomerang,The Legend of Zelda Series ,"What may at first seem like a children’s toy, this boomerang is razor sharp and easy to use. No matter how you throw it or how many targets it hits, it will always return to your hand."
100 CP,Travel Supplies,A Game of Thrones Jumpchain,"A leather satchel which, when opened, contains the minimum needed to survive in the wild, as well as enough food for the day. Each day, the contents of the bag will change to cover this, with, for example, an arctic biome providing (among other things) warm clothes, firewood and a tinderbox, whilst a desert locale might provide thin, light, covering clothes, extra water and a tent. Once a week the perishables are replaced."
100 CP,Shovel,Buffy and Angel (SB Edition),"You have a shovel, one perfectly fit to your height and build. It is indestructible and makes for an
excellent weapon as well as a superb tool. More importantly, when used to bolster an attempt at
intimidation, this shovel will make the holder vastly scarier than they have any right to be."
100 CP,Guild Seal,Fable TLC,"A large, disk-like object adorned with the symbol of the Heroes' Guild that represents the graduation of a Hero. Allows you to teleport between Cullis Gates scattered throughout Albion, provided you’ve been to them before and they’re currently active. Also adds Cullis Gates around each of your properties. Duplicates can be made from this to give to others once a month."
100 CP,Investigator,Fantastic Beasts,"You are a gumshoe of some note, capable of making connections that others would miss and
you are keenly observant allowing you to get a much more accurate idea of the situation with a
simple glance at a crime scene than an ordinary person would get by combing it carefully."
100 CP,Seafarer,The Pirates of Dark Water ,"You’ve earned your sea-legs and are reasonably competent in any and all ship-board
activities, allowing you to fill essentially any role on a crew."
100 CP,Divers and Fishermen,The Pirates of Dark Water ,"You’re a fantastic swimmer, to the point where you could give Michael Phelps a run for his money. In addition, you can hold your breath for a surprisingly long time—almost three times as long as one might otherwise expect—and do not suffer any ill effects of ascending too quickly while underwater (i.e. nitrogen embolisms)."
100 CP,"That's very interesting, but silly.",Masters of the Universe,"You have been around the block a few times, outrageous tales and absurd stories are nothing new. This has made you quite unflappable. When faced with the new and unusual you can easily accept what is before you and keep moving forward despite the distractions."
100 CP,Self Sufficient,Middle-Earth - Shadow of War,"You aren’t intended to be a leader or have many allies in the field. Fortunately, you are perfectly capable of keeping yourself alive in inhospitable environments. You can take care of your equipment and yourself fairly well, and can do all the hunting, scavenging and field-based medical care you might need to do in order to stay alive on a dangerous solo mission."
100 CP,Your Mark ,Middle-Earth - Shadow of War,"You might want to make it clear you are active within a given area, either to give others somewhere to find to interact with you or to try to ward off intruders. This could be a symbol that you can place within a location, or even something like a strong feeling of your presence to those who enter the area."
100 CP,Ice Axe,Tomb Raider,"This fierce looking implement is a fairly standard mountaineer’s ice­axe and climbing aide, with hooked side for hanging and a spiked side for stabbing into rock walls and faces. As long as you are holding this axe, your arms cannot get tired, nor can it slip out of your grip. You could use this to hang on a wall indefinitely. If you have to use the axe to catch a fall, your arms won’t be injured by the sudden shock and deceleration."
100 CP,Moleskin Overcoat,Wizarding World,"If you’re going to be out and about in the world, you’ll need to have more than just your wand in hand and the clothes on your back. Which is why something like this has been offered to you. Weaved with moleskin, this special overcoat is a shining example of how wondrous magic can be. Enchanted with magic, the pockets within this overcoat are far larger than they appear. You could fit in teapots, sausages, an umbrella, keys, an entire birthday cake, and many more. Wear this upon your shoulders and you’ll never need to fear running low on supplies with just how much you can pack into this thing."
100 CP,Signs​,The Witcher Novels,"One of the most useful tools in a Witcher’s arsenal is the bastardized form of magic known as Signs. These  imple spells can be used with one hand and require little knowledge about magical theory to use. There are a variety of Signs with various powers andou know all of them, though you start out with only a basic level of skill with them. With practise you may be able to improve their power and duration. If you also understand how to utilize magical spells you may become able to alter these spells into new signs, though they retain their relative simplicity and cost."
100 CP,Red Cloak,Clash of the Titans,"This is a red ‘cloak’, really more of a sash of cloth to be tied around the upper torso. Or really it’s more intended to be tied as a bag. If used as a bag anything contained completely within this sack will not harm the sack or its carrier, or be able to release any harmful energy. If something external cuts a hole within this sack there’s no promise something harmful couldn’t leak out."
100 CP,Ring of Skimming ,TES: Rogue,"A copper ring with a swimming argonian engraved onto it, it was crafted by a mage who feared falling from the edge of a ship into the waters below. This ring will allow the wearer the ability to walk on water as though it were solid ground, as well as enhancing their natural athleticism."
100 CP,Snow Touched ,TES: The Main Races,"Even before your people called the mountainous province of Skyrim your home, the nords lived in the frozen lands of Atmora. With such strong northern blood flowing through your veins, is it any wonder that you are highly resistant to the cold, both environmental and frost magics. You could even stand shirtless in the northern wastes and be completely fine."
100 CP,Adventuring Bag ,Indiana Jones,"If you're going to go on a trip, you need to be able to carry the supplies! We're not all Indiana Jones after all... well, okay maybe one or two of us, but not the point. You can choose either a messenger bag or a backpack for this item to take form, and not only will this backpack not feel heavy even packed full, but reaching in will ensure you find the item you want within seconds! Very important if time is of the essence."
100 CP,Champion’s Camp ,Corruption of Champions,"Less a specific camp, and more the guarantee that you’ll be able to pull out at least a tent and bedroll  whenever you decide to camp out somewhere. Even if you’ve stranded in a blasted wasteland with no supplies, you’d be able to find what you need to set up a basic camp and traps in short order. Don’t mind where that tent you found came from. Or the slow, passive accumulation of other goods to make your camp more comfortable. From some nice rocks that would be perfect to decorate the place with some carvings, to a rain barrel filled with fresh clean water (even in a realm without rain). In general, you might find yourself tripping over whatever might be useful for a camp wherever you find yourself. More than just ensuring your camping will get comfy after a while though, this camp’s got another helpful attribute. Your enemies never seem to think of going after you while you’re here, no matter how well-known the location of it should be to them. Or at least not without you leading them back to it or otherwise attracting them in some way."
100 CP,Wood Cutters Axe ,The Wizard of Oz,This is a plain but sturdy double headed wood cutters axe. This is unbreakable and eternally sharp.
100 CP,Wizarding Tent ,Hogwarts Legacy,"A modest, self-setting wizarding tent. It only has two bedrooms, a small kitchen and parlour, and a toilet, but it is enough for you and perhaps a couple of others to live comfortably within while out and about in the Highlands.

"
100 CP,Lee-Lee ,Generic Supernatural Fanfiction Jumpchain,A werewolf-turned-hunter who used to be involved with some pretty stupid people. She’s happy to join you just for the chance to never see another of one particular vampire species again.
100 CP,Pockets of the Endless ,God of War - PJ Edition ,"A smart warrior understands the importance of a varied arsenal, but they must temper it with the reality of needing to carry it all. This is
lessened for you, as you can store any item you can lift into a near-endless pocket dimension, storing it when not in use. You can call upon these items whenever you need them, finding them automatically equipped to your person or placed within your hands."
100 CP,Desert Attire ,"The Legend of Zelda Series 
","The desert lands that the gerudo inhabit are harsh lands, where the sun shines always. With such a dry and arid homeland, they needed proper clothing for such an environment. This set of gerudo clothing was made for the desert, keeping you cool in even the hottest of environments. It will even lower your need for water."
100 CP,Hero Outfit,The Legend of Zelda Series ,"If you want to play the part of a hero, then you're going to need to look the part. This set of green clothes are perfect for long adventures, resistant to wear and tear, very breathable, and very comfortable. The boots won't ever leave you with blisters, and the hat never seems to fall off."
100 CP,Adventure Pouches,The Legend of Zelda Series ,"There are so many neat goodies and tools to be found while adventuring the land of Hyrule, so it's always a shame when you can't carry more.
Never again, as these three hip pouches are practically endless, able to hold whatever you need without any increase in weight, so long as they can fit into the opening. If you're looking for a specific item, just reach in while thinking of it, and it's there."
100 CP,Pegasus Boots,The Legend of Zelda Series ,"A long time ago, mortals began to walk. And then, they ran. Ever looking for increased speed, they have crafted these leather boots with wings on
the side. Wearing them will triple your speed with no loss of control."
100 CP,Ancient Whip,The Legend of Zelda Series ,"An ancient treasure from the Era of the Sky, the end of it has an orb of light that grabs tightly to whatever the user desires. It is also possible to hang on poles, branches, and other things with the whip and swing in the air with it. This whip can extend to reach up to fifteen feet, and can be used for a number of other purposes, should one be clever enough."
100 CP,Upon Warm Sands,The Legend of Zelda Series ,"Living in the desert is not an easy experience, but the gerudo have been doing so for centuries, and have even thrived at times. You are such a skilled survivalist that you could live off even the most barren of lands, you aren't as affected by the heat, and you need less water in general to survive."
200 CP,Adventurer’s Backpack ,The Elder Scrolls IV - Oblivion (By YJ_Anon),"This simple backpack secretly hides powerful enchantments, the least of which is an incredibly powerful “Feather” enchantment that nullifies up to 200 pounds of weight of anything carried inside of it. The second enchantment is even more impressive as the backpacks interior is much bigger on the inside than the outside would suggest, capable of storing enough items to fill a small room. Simply reach inside and anything you placed within the backpack will find its way into your hand. Lastly, if lost or destroyed the backpack will return to you soon enough, its contents none the worse for wear; although it won’t do much to protect you if damaged it will repair itself quickly outside of combat."
200 CP,Traveler’s Hospitalit,A Game of Thrones Jumpchain,"A hearth to rest one’s feet at, and a table to eat and drink at, something we all desire and something many travelers don’t always get, is something you can get with ease. You have a bit of an aura that makes people  pen their doors to allow you to stay and rest for a bit so long as you aren’t a problem. Of course this can always be undone if you’re a monster who rapes and pillages his/her way across nations but in that case why would you be looking for friendly fellowship?"
200 CP,Sellsword for Hire,A Game of Thrones Jumpchain,"Despite the feudal nature of this world, you have no troubles travelling the land, and can easily be hired by competing factions without them killing you. Want to work for Tyrwin, then go live in the Sunspear? Go ahead. Want to live as a free folk then join the Umber’s household? Sure. Want to be a Night’s Watchmen, then leave? I guess. Essentially, despite anything you might normally expect, you may freely join or leave an organisation without consequence."
200 CP,"Scooby Doo, Where Are You?",Buffy and Angel (SB Edition),"You are lucky, in one specific way. When trying to solve a mystery, identify a demon, track down a prophecy or unravel a diabolical plan, you will never hit a permanent dead end. You will always find a clue or a scrap of information, or maybe a minion to beat a confession from. Of course, you are going to have to figure out what that clue means for yourself, but you will always have a chance."
200 CP,Treasures and Artifacts,Buffy and Angel (SB Edition),"You have a tendency to stumble over or find various powerful MacGuffins or other valuable items quite often. This may be a spell that rewrites the world to make you a superhero, a glove that throws lightning, or a box of insect demons that you need to complete a century long plan. This means that needing some specific resources is rarely if ever going to be a stumbling block in your schemes."
200 CP,Detective Agency ,Buffy and Angel (SB Edition),"You have a detective agency of your own. This includes office space, a small apartment, and
the necessary licenses to operate such a business."
200 CP,Horn of Desperation ,Chronicles of Narnia Jump,"This richly carved ivory horn, when blown in times of great need or desperation, has the power to magically summon aid to you. Exactly what aid it will bring, and how that aid will arrive, is extremely unpredictable. It might awaken great heroes from the past, teleport your companions to your side from any distance, or simply make a distant benefactor immediately aware of your location and approximate situation."
200 CP,A Fine Ship,Chronicles of Narnia Jump,"You own a great ship, comparable to the Dawn Treader or even the Splendor Hyaline. This ship is decorated to your tastes, as much a work of art as it is a functional vessel. It may be driven by any combination of sails, oars, or animal power you desire, and its speed is comparable to the fastest ships available in Narnia. It is well-provisioned and well-armed for a long voyage."
200 CP,Designated Love Interest,Dragon Age: Inquistion,"People find you interesting. Very interesting. Wherever you go you will have no shortage or romantic suitors and interested parties. You’ll still need to put for effort to capitalize on this interest and turn it into something more than infatuation, but you’ll find it easy to do so."
200 CP,Rod of Champions,Fable TLC,"A rod fit only for use by the greatest of fishermen, capable of attracting rare fish and catching fish in bodies of water that logically shouldn’t have any at all. It has the special ability to catch and restrain any underwater being you have the Strength and Skill to reel it."
200 CP,Didn’t Even Feel It,Supernatural ,In the life of a Hunter pain is a companion it hurts like hell but is also a reminder that you're alive but goddamn does it hurt. You are an old friend with pain and it shows with the way you can be beaten to a bloody pulp and come out smiling in the end even Lucifer himself could personally torture you and you would barely even grimace.
200 CP,Mental Map,Middle-Earth - Shadow of War,"Mordor is a big place, and accurate maps might be difficult to find. This is no longer a problem for you, as you get a surprisingly detailed mental map of any areas you are in, which update when you find important features and figures."
200 CP,Last Gasp,Middle-Earth - Shadow of War,"As long as you are not killed instantly by something, you have a chance of escaping death for just a little longer. Should you be battered and beaten to the point you would and may actually fall to your knees, you have a short grace period. If nobody finishes you off, you will be able to get back up and fight once more. If somebody does try to finish you off, you will have a small but noticeable opportunity to counter the final blow and force yourself back into the fight. If you time it right you could even take out your attempted executioner with the same counter, but if you get it wrong..."
200 CP,Can You Keep Up? ,Middle-Earth - Shadow of War,"Some certainly can, if not outrun you entirely, but not everybody is as fleet as foot. Now, when you want allies to keep up with you, they can. As long as they have roughly the same method of transport as you, no matter how fast you are moving and over what terrain, you will never leave your allies in the dust. You can leave them behind if you want, but you might want to keep the backup, even as a distraction while you focus on other opponents."
200 CP,I Made Some Sparks,Dr Strange: Multiverse of Madness,"Sometimes it can be difficult to control your abilities. You however seem to have instinctual control over your powers. This doesn’t mean that you will have immediate mastery over them, but you will never have to be concerned about losing control. This will also accelerate the speed at which you gain mastery over them and the speed you increase your control."
200 CP,Because My Mind Is Too Strong ,Loki,"It would be unfortunate to show up and have the misfortune of immediately running into something that can turn you into a puppet, mess with your memories or realise you know things you really shouldn’t. While you might still run into beings that can do this sort of thing, they won’t be as much of a problem for you anymore. You’re now immune to mental alteration, mind reading, enchantment, and other similar things that alter your mind or behaviour against your will."
200 CP,Beyond The End Of Time,Loki,"Being outside of the conventional flow of time has had some interesting effects, whether it’s due to coming from an entirely different time-space continuum or living after the ‘end’ of time. Specifically, you and your possessions are completely immune to any sort of temporal effects that you don’t want to be affected by.
While others might be trapped in loops, shunted through time or have their age altered, such efforts are entirely ineffective against you or your possessions."
200 CP,The Torch,Tomb Raider,"A length of wood, a metal cage for tinder, and a flask oil to start it up. Once lit, this torch can never be extinguished, (so don’t put it in a closed room). Ghosts, Zombies, Mummies and other undead beings start to smoke and smoulder under its light. This doesn’t damage legit artifacts, but corpses will still at least show up well before they fall on you. If you touch a corpse with the flames of this torch, it will immediately catch fire and burn down to ash, better than even a crematorium. Some undead creatures won’t burn quite as easily, but they’ll definitely burn long enough for you to do something clever."
200 CP,Hidden Twin,Masters of the Universe,"You have a Fraternal twin of the opposite gender floating around here somewhere. They have all of the Perks you purchased here as well as the body mod, and they are operating under the misapprehension that they should be fighting against you. If you can get through to them you will be able to unlock their potential and they will be happy to join you on your journey"
200 CP,Mark and Recall ,TES: Magic,"For the traveling mage, walking back and forth can be quite an annoying and time consuming experience. Thankfully, there are magical solutions. You now know of a unique variation of the Mark and Recall spells. You can leave an almost unlimited amount of permanent Marks, one of which is automatically placed within your Warehouse. And by casting Recall, you can choose any of the Marks you’ve left behind to teleport to. You can remove any of the Marks you want, but most will be lost at the end of a Jump."
200 CP,Boots of Springheel Jak,TES: Rogue,"To an ordinary onlooker, these would just be a fine pair of leather boots, if rather comfortable. To the wearer? These will allow you to leap an additional twenty feet in the air, and renders you immune to fall damage. Additionally, it increases your skill in acrobatics in order to make the most of your newfound abilities."
200 CP,Standing Stones,TES: The Main Races,"For longer than recorded history, the mortal races have turned to the stars in fascination and wonderment, and few examples better reflect this than your newest purchase. Thirteen runic monoliths, each one with a different constellation carved into it. By attuning yourself to one of these stones, you will find yourself blessed with an ability relating to a specific constellation. You may only benefit from one blessing at a time."
200 CP,Battle Cry ,TES: The Main Races,"In ancient times, Kyne first taught men to Shout like dragons, for their breath to carry the power of the north. Though it has fallen out of favor in modern times, your connection to the Storm Voice is present, if lessened. You can unleash a terrible warcry so primal, it instills great terror in all foes nearby. Only the bravest, or most foolish, can ignore your battle cry."
200 CP,Ariadne's thread ,Xena/Herculus,"After Theseus refused to stop and ask for directions, the daughter of Minos gave him a ball of red thread to help him find his way around. Once the Minotaur was dead and Theseus was back on the road without her, Ariadne abandoned this item and it eventually came into your possession. By tying the end of the thread to something and letting the effectively infinite length of thread spool out, you'll have no problem retracing your steps. Magical in nature, the thread can't be damaged accidentally, and is so fine as to go unnoticed by all but the most perceptive of beings, though you'll have no problem following it. The thread will even slip out of space with you to remain unbroken should you teleport or employ similar methods of travel. Because magic."
200 CP,Bentley,Good Omens,"A very comfortable older car that remains competitive. Remarkably tough, and the radiolets you hear demonic and other secret transmissions. However, any tapes left in the car will over time turn into Queen albums."
200 CP,Wednesday,The Other Harry Potter Fanfiction Jumpchain,"This oddly named girl/young woman isn’t actually magical, but everyone’s too scared to tell her she doesn't belong here. While fully capable of playing the role of someone sweet or innocent, she’s often… Not. Often she’s grim with a dry, sarcastic wit and a very dominating personality. She’s quite, quite skilled in macabre applications of the mundane sciences, particularly explosives as she’s learned from her uncle, and she has some rather strong sadomasochistic tendencies. These, she claims, run in the family, as does the fact that she’s apparently indestructible."
200 CP,Cloak of the Dunes ,Warhammer Fantasy: Rise of Sigmar,"This fabled cloak is said to have been created by Khsar the Faceless, the god of the desert who took on the form of the elemental wind. The Cloak of the Dunes is infused with the magic of the deserts, enabling the wearer to transform himself into a whirling cloud of sand and move rapidly across the battlefield. As the bearer moves across the desert, a cone of sharp sand follows in his wake that can strip flesh from bone."
200 CP,Oaths of Friendship,Warhammer Fantasy: Rise of Sigmar,"When the young Sigmar saved the High King of the dwarfs, that cemented the friendship between the mountain people and those of the burgeoning empire. Like the young warrior, you too find yourself capable of forging fast friendships with even the most prickly of characters, a friendship that will rapidly grow in strength over time as you spend time together, or aid each other. In days like these, it is essential to stand by those you trust, and lean on their strength when yours isn’t enough."
200 CP,Good Sense ,Warhammer Fantasy: Rise of Sigmar,"Not all conflicts need to devolve into violence, a contest that would see a pointless loss of life. You know that there are other paths, even if they may not be the easiest or fastest. You have a sixth sense for when you can solve problems diplomatically, such as pulling a spear out of a wounded animal to make it cease its rampages instead of slaying it."
200 CP,Wings of Icarus,God of War - PJ Edition ,"Crafted from bee wax and bird feathers, these wings were crafted by Daedalus for his son, in order to help them escape their imprisonment by
King Minos. They are to be attached to the back, and can be freely moved as if they were a part of you, offering you the ability to glide through the air, as well as offering very limited flight."
200 CP,Paraglider,The Legend of Zelda Series ,"A glider with the symbol of the Hylian royal family on its cloth, it is perfect for anyone who’s not afraid of heights. Simply having it on your person will allow you to reduce the speed at which you fall, while actually pulling it out will allow you to glide for however long you can hold on."
200 CP,Sheikah Slate ,The Legend of Zelda Series ,"Created by the ancient sheikah, it is a useful tool and a deadly weapon in the right hands. This magitek tablet contains an updating map, camera, video recorder, and a journal. But most impressively are the four runes, each with their own effects. Magnesis allows you to manipulate metallic objects. Remote Bomb allows you to place round and square bombs. Stasis temporarily stops an object in time while storing its kinetic energy. And Cryonics creates a pillar of ice."
200 CP,Owl Statues ,The Legend of Zelda Series ,"Owls and birds in general are thought to be mentors and guardians, shepherding those promising to far away places on their swift wings. Perhaps those legends have some truth, for these statues outside of major settlements and cities or important landmarks will allow you to travel to and from them almost instantaneously."
200 CP,Quest Givers Galore ,TES III Morrowind,"Not everyone is able to solve problems that plague them, sadly. Maybe they’re just a normal person and a couple of giant rats decided to make their storage room a nest, or maybe they pissed off what they believed to be a witch and were paralyzed and robbed blind. Fortunately for them, you always seem to come across these sorts of people, who have a problem they cannot deal with alone and are willing to offer a reward for your help. Strangely, they always have rewards appropriate to the request, such as a few hundred septims, or perhaps enchanted jewelry. Even if you’re a freelancer, you’re likely able to subsist entirely on these sorts of quests, provided you wander around looking for them, at least."
200 CP,Alien World ,TES III Morrowind,"Sometimes the lands of Morrowind and beyond can offer truly strange sights. Perhaps you’ll find someone’s grave on the roof of a cave, or come across a nondescript healer on a cliff and later find out they were actually the goddess Mara in disguise. Or perhaps you’ll find even stranger characters and locations, such as perhaps a mudcrab who’s actually an oddly rich merchant.while they won’t usually yield much of material value, you’ll likely gather quite the interesting stories to tell at inns. Or maybe you’ll take those meetings to the grave as secrets never to be revealed. Either way, you’re bound to have interesting times, and not the bad kind either."
200 CP,Fin Gleam,The Elder Scrolls IV - Oblivion (By YJ_Anon).pdf,"A mysterious, well-hidden helmet with an unknown history, this Glass helmet isn’t an artifact in the traditional sense but is nonetheless notable for possessing several universally beneficial traits upon the wearer, including night-eye and soul detection within 20 feet and water-breathing. It’s the perfect head-wear for any explorer or adventurer who favors light armor and dark, wet places."
300 CP,Cold Hands,A Game of Thrones Jumpchain,"It is common for men to break when they come eye to eye with the Dark. You are made of far stronger stuff. Even tortured to the brink, isolated and abandoned, you will never forget your beliefs and purpose. If you are part of an organization, that organization will always recognize you as one of them, as long as you abide by their rules to the best of your ability. In addition, your adamantine will grants you immunity to possession or trickery based magics such as warging, mind control, glamours or shadow binding."
300 CP,Trophies ,Fable TLC,"Grants you great trophies related to your past ventures, retroactively creating a collection of knickknacks such as decorative weapons, armors, and even the heads of creatures you have fought. These are purely decorative. You will gain new trophies in the future as you add more feats to your belt. Showing off these trophies carries a similar effect to Expressive, boosted more so if you have it already. The journey you took to get the trophies will also be adapted and understood by those who witness you flexing it. Trophies are very valuable and will greatly increase the property value of wherever you place them."
300 CP,Guildmaster’s Outfit ,Fable TLC,Worn by a particularly powerful Guildmaster in the times where the Heroes’ Guild still practiced chivalry as a force of Good. Very resistant to magic (especially Evil) and curses. Radiates saintly Good Will energy that makes striking the wearer of this garb feel like attacking your own loving father.
300 CP,The Glaive,Krull,"An ancient symbol, and a powerful weapon. This weapon takes the form of a 5 pointed star-shaped array of handles from which 5 blades may emerge. When thrown, you may guide it with your will by holding your hand extended, causing it to fly and spin as you will. This weapon is capable of sawing through walls of evil magical space fortresses, and bringing down the roofs of chambers, and is even powerful enough to wound the Beast though a stronger power was needed to defeat it."
400 CP,Magic Carpet,Aladdin,"A magic carpet set in the local style. Besides being able to fly at incredible speeds, its loyal, and it is even smart. Although the level of its intelligence is unknown. It is able to understand complex commands, plot, act on its own to save you from danger and more. As for speeds, in a single night it traveled from the Arabian desert to China and back. The magic of the carpet even protects the riders from the ill effects from its flight. Such things include, but not limited to, windburn, whiplash, and the force of sudden changes in speed."
400 CP,Heart of a Child ,Chronicles of Narnia Jump,"Once a friend to Narnia, always a friend to Narnia. You possess a sense of childlike wonder and excitement that can never be completely extinguished, no matter how many years you live or how many horrors you witness. No matter how much you may change over the years, there will always remain some core that is essentially you. This also improves your resistance to telepathic influence, magical curses of despair, and other similar effects."
400 CP,Mark of the Rift ,Dragon Age: Inquistion,"You’ve been touched by powerful magic, and it has left its mark on you. Somewhere on your body is a highly visible mark that will allow you influence extraplanar portals and deal more damage to entities not from the physical plane. At first the mark will only allow you to close portals, though in order to do so you must engage in a test of wills with either the portal itself or the entity opening the portal. With time, this mark will allow you to open rifts into other planes of existence in this universe."
400 CP,In the nick of Time ,Masters of the Universe,"Heroes are made by heroic actions. This is helped by this perk. It does not increase the instance of danger or increase the likelihood of injury to anyone, but it does increase the likelihood of you being nearby, or able to arrive in the nick of time to avoid injuries or rescue people when they are in danger. This perk will not prevent injuries or danger from befalling people when you aren't around either though, so remember the power is yours."
400 CP,Blessing? More of a Curse,Middle-Earth - Shadow of War,"You have a ‘gift’ that lets you sense the presence of a specific type of enemy. The more numerous the enemy is the harder it is to track them, but if it was limited to a group of nine figures you could unerringly track them anywhere in Middle-Earth. While you can toggle this on and off, it takes time to recalibrate to track a new type of enemy."
400 CP,Singularity,Dr Strange: Multiverse of Madness,"You are the only version of yourself that exists in the multiverse. No matter which universe you travel to, you will not encounter another version of yourself. This has some advantages such as allowing you to jump into any reality without anyone knowing your powers. If you want you may disable this effect allowing you to travel to different universes and meet your alternate selves. In addition this will also eliminate any ripples or issues caused by traversing the multiverse. So you won’t have to worry about accidentally causing an incursion."
400 CP,Fear Cuts Deeper Than Swords,ASOIAF - The Small Council,"Your unmatched willpower allows you to stay focused and disciplined no matter the circumstances.  You do not stop fighting. Even drenched in your own blood, you press on until there is no life left behind your eyes. You will survive, you will push on, you will not yield, no matter the tribulations. You can stand and draw your sword against a tide of death without hesitation, and you will cling to survival with every ounce of your strength  a dozen times over. 
"
400 CP,Flying Motorcycle ,Harry Potter Movies Jumpchain,"You may select between a white 1959 Triumph 650 T 120 Bonneville or a light blue Royal Enfield with optional sidecar. This motorcycle is enchanted to fly up to 300 MPH, automatically resize itself to match whoever is riding it and has a protective barrier around it in order to keep an atmospheric shell around you, protecting you from the G-Forces of flight and even in the void of space.
"
400 CP,Aegir ,Thor - Love and Thunder,"A boat named after the Norse god of the seas. This one’s even better than the original. This viking skiff is capable of utilizing the bifrost to fly, sans goats or axe. The ship itself is incredibly sturdy and can take hits from the gods without a scratch. It can carry around fifty people on its deck, and has a cabin. You can somehow breathe and survive in deep space without dying. It’s also quite seaworthy."
400 CP,Kaer Morhen ,The Witcher: Nightmare of the Wolf Jumpchain,"When you leave here, this mountaintop fortress, where witchers are trained and mutated, shall follow you. It has room for perhaps a hundred people, and a number of bestaries, many alchemical sets, and many other tools of their trade, including a bestiary, where monsters can be studied. Everything you need to produce new witchers except the Elder Blood and mutagenic alchemists can be found here. There is also an obstacle course. Post-jump, the keep will be able to generate  equipment for newly trained witchers, supplies to match its population, and books detailing the monsters of new worlds."
400 CP,Cirilla Fiona Elen Riannon,The Witcher Novels,"Also known as Ciri, the Lion Cub of Cintra, Zireael, Falka, and the Lady of Time and Space, she is the princess of Cintra, daughter of Pavetta and Duny (also known as the Urcheon of Erlenwald) and granddaughter of Queen Calanthe. She is also Geralt's and Yennefer's adopted daughter, around whom much of the plot is  entered. Ciri is a descendant of Lara Dorren and has the Elder blood which gives her access to powers that allow her to cross space and time. Ciri has ashen grey hair and green emerald eyes, a trait that runs in her family."
400 CP,Gauldur’s Amulet ,"Elder Scrolls Skyrim SB Jump","Around your neck lies a replica of a powerful magical relic from the First Era, the amulet of Archmage Gauldur. The real thing is split in three and buried with his sons; but that’s not too relevant to yours. The Amulet itself is an immensely powerful magical object, greatly enhancing your endurance, magic, and health. To put this in perspective, it took an Archmage and a company of Battlemages to stop the three brothers who had split it, and you have the whole thing."
400 CP,Highway To Hell,DC - Occult,"​There exists magical pathways between most mystical dimensions. Heaven, Hell, Faerie, Gemworld, and pretty much every afterlife or magical nook and cranny you care to name. With proper knowledge of these pathways, one can easily slip into them, allowing easy access to both them and what amounts to teleportation around earth, as well. And you are one of the few people with knowledge of pretty much all of them. After this jump, you will retain the ability to travel between nearby magical dimensions and enough knowledge to not easily get lost while doing so. This won’t let you travel to Earth Aleph while in Worm, but slipping into the Nevernever while in the Dresden Files is simple and easy. You also can’t access magical dimensions outside of your current jump until your chain is finished. In jumps that don’t have alternate magical dimensions this simply acts as a form ofmagical fast travel system instead."
400 CP,Rune Enhanced Ship,The Death Gate Cycle,"This sturdy vessel has been enhanced with Rune Magic allowing it to navigate Death's Gate in its barred state. It has additional lesser magical enhancements that allow it to fly across interplanetary distances, generate artificial gravity and atmosphere, control its temperature well enough to skim the surface of the sun unharmed, and render itself undetectable to anyone not specifically looking for it. The protective runes are inscribed on the interior of the airtight hull, so you don't need to worry about the ship suddenly falling to pieces when you visit Chelestra. This can be in the style of a flying saucer shaped Patryn craft, a bird shaped Sartan vessel, an elven dragon ship, a dwarven submersible, or you can import an existing ship to serve this role. Whatever its form, only you and those you specifically allow will be able to pilot it. If your starting location is in the Labyrinth, your ship will be waiting for you in the Nexus."
400 CP,Goblin Doors ,Labyrinth,"You’ve got the most peculiar ability to open up passages in unlikely places. Below tiles, beneath rugs, behind walls, between curtains, you can find passages from one place to another to tread swiftly and unseen as you go about your business. Now, there’s not a door in literally every place, but there are a lot more than you’d expect on the face of the earth."
400 CP,Dragon Headed Boat,Monty Python and the Holy Grail ,"This small boat, only a little larger than enough for 2 men, will appear before you in any body of water when you have need, and carry you to the nearest shore of any location of your desire (you must know the name of the location you seek) within an hour by sailing into a bank of fog. This can carry you to other worlds as long as they have sufficiently large bodies of water."
400 CP,He Can be Killed,Krull,"At least when it’s you doing it. When you find yourself tasked with facing a seemingly invincible or immortal foe, you find yourself stumbling on means with which to kill them - their secret weakness or a weapon that can harm them - or perhaps simply being able to kill that which normally would not die."
400 CP,Ancient Ruins,Hogwarts Legacy,"A large and sprawling ruin that is hidden from view from anyone other than you and those you bring with you. The ruin is filled with a variety of examples of forgotten magics and enchantments, as well as various rare and ancient texts scattered throughout it. In each new world you visit, the ruins will update with new examples and new ancient texts, as well as updating its structure to match ancient ruins from the new world."
400 CP,Trial Shrine,"The Legend of Zelda Series 
","The ancient sheikah created numerous trial shrines all across Hyrule, meant to test the future incarnations of the Hero. You now possess one of your own, a hidden complex made just for you. It can change between one-hundred and twenty layouts, each meant to train your skills, be they complex puzzles for your mental abilities, or a gauntlet of enemies for your combat skills. Over time, you may even find new layouts added to your collection, ensuring that your training won’t go dull."
50 CP,Hero Dolls,Fable TLC,Collectible dolls based on you and your companions.
50 CP,Motorcycle,Generic Buffy Fanfiction,"A quality motorcycle for you to ride. It always has it's registration taken care of, unlimited fuel, never needs to be maintained, can be summoned, and even drives itself if you want to just zone out. In other settings and times, it optionally take an appropriate single rider vehicle or even a horse with the same abilities. It can always be a motorcycle regardless of setting."
500 CP,Of the Elder Blood​,The Witcher Novels,"It appears that you are an unaccounted for relative of Ciri, by way of Laura Dorren, being an active carrier of the Elder Blood, as it seems that you can travel in the local multiverse; from shifting through time and space to crossing through worlds like stepping through a door, though your control over your ability is rather crude and in dire need of training before it becomes useful. But be wary, refining such a gift is a dangerous process, for the worlds are filled not just with wonders but horrors as well - how else do you think the monsters that witchers hunt appeared, other than when the worlds collided long ago?"
500 CP,Dovahkiin,"Elder Scrolls Skyrim SB Jump","Perhaps the Last Dragonborn isn’t the last anymore, perhaps Akatosh has decided to be generous, or maybe your benefactor just snapped their fingers, regardless, one way or another you’re now a Dragonborn. As a Dragonborn, you gain an innate understanding of the Thu’um and similar languages, with the ability to learn them by pure instinct like a dragon allowing you in time to create new shouts. Alongside this, whenever you slay a dragon you may choose to devour its soul, gaining all the knowledge it possessed in life, in essence, taking everything it was into yourself. These souls empower you whenever devoured and give you a considerable boost to your mystical and physical abilities. As one final boon, being that your nature is so intertwined with prophecy, you’ll find that fate will assist you at times, and make the impossible quite possible should you work at it, such as a mere human warrior being able to bring down the Dragon god of Destruction. One last note, the other man or woman will still be around should you not take the scenario below."
500 CP,Storied Hero,ASOIAF - The Small Council,"You are the epitome of knighthood, an unparalleled force on the battlefield and the paragon of the Kingsguard. You could match the swordsmanship of Ser Arthur Dayne, the leadership of Ser Duncan the Tall, the bravery of Ser Barristan the Bold, the beauty of Ser Jaime Lannister, and the nobility of Prince Aemon the Dragonknight. You easily stand as the greatest knight to ever live in every facet of the ideal. Your presence alone can sway the tide of battles, lifting allies’ spirits and striking despair into foes. Your skill with a blade is such that people would call you the Warrior reborn, allowing you to win a bout when outnumbered and surrounded on all sides. Your poise, gallantry, and skill set you apart, making you a living legend, an example for all the world to follow. 
"
600 CP,Pavilion of Pleasures,Pokegirls,"You have a magically expanding tent than can have room for a full squad of nine tamers and their pokegirls. It includes rooms for each pokegirl customized to their favored environment. Each tamer also gets a bedroom with a bed capable of containing their full harem. It also includes several labs for things like enchanting, potions, and crafting. There is a full kitchen and dining area, alongside an included training arena for the pokegirls to fight against each other and build up their skills. It’s also enchanted to prevent ferals and monsters from noticing it."
600 CP,Light Of Galadriel ,Middle-Earth - Shadow of War,"An artefact formed of Elven craftsmanship, taking the form of a bracer that wraps around the four fingers of the left hand as well as on a ring placed upon the middle finger, with a rune centred upon the palm. You can use this to enchant your attacks with light magic, something capable of temporarily blinding enemies with enough exposure, or heal yourself. You will find any runes you apply to it will enhance and alter any inherent light-based abilities you have, such as adding effects like fire, poison, frost, or enhancing this Item’s inherent connection to light. You can potentially disintegrate weaker enemies with this the light from this artefact, particularly those which are vulnerable to light in some way."
600 CP,Multiversal Travel ,Dr Strange: Multiverse of Madness,"This is the power that everyone is after, the ability to freely travel the multiverse. This gives you the power to create star shaped portals to other universes. You also can use this energy to enhance yourself. For example, when America channeled the energy she was capable of matching Scarlet Witch temporarily and injured her. This energy can also be used as a powerful attack capable of cutting through space. There are few beings  apable of surviving a blow like this. Lastly you will start out with proficient control over your abilities. You will be capable of opening and closing the portals at will to your targets. The power will be limited to your local multiverse"