0 CP,Fur Cloak,Warhammer Fantasy: Rise of Sigmar,"Winter is not to survive, bringing a fel chill on the winds that bites deeply, especially if one were to head further north. This thick hooded cloak, made from the fur of a bear, is meant to help one survive this cold season, keeping the wearer comfortably warm no matter what kind of weather is assaulting them."
0 CP,Griffon Mount ,Griffon Mount ,"You are one of the rare few who has managed to tame a griffon, and turned them into a suitable mount for combat. As a fully trained mass of muscle and feathers, it can rip whole men apart with its talons, and can carry you high into the sky. Not only that, but its speed will scale with yours, ensuring that it will always be faster than you no matter what."
0 CP,Horsemanship​,The Witcher Novels,"Unlike what video games may tell you horses are not medieval cars, riding all day at maximum speed and putting them the in the ​garage​ stable is a good way to lose your steed and they cost a lot, sometimes so much so that your own life is cheaper. However, you’ll now find that possess the skills to care for and ride these magnificent beasts, and somehow being capable of always taking care of them, even if at bare minimum."
0 CP,Pegasus ,God of War - PJ Edition ,"Birthed from the neck stump of Medusa, few mounts are as graceful as Pegasus. This winged horse is fully trained, capable of all kinds of tricks and maneuvers, both on land and in the air. Additionally, it will always be faster than you, regardless of how fleet you become, though it strangely seems to teleport to your side when called."
0 CP,Three-Headed Hound,God of War - PJ Edition ,"The guard dog of Hades has had many children, many litters that all share core elements with that dreaded beast. All have three heads, and all of them require someone of at least demigod level strength to slay them. How fortunate then, that you find yourself as the newest owner of a three headed pup. Though they may be small now, they will grow to be second only to their legendary progenitor, and absolutely loyal to you."
0 CP,Intelligent Wolf ,The Legend of Zelda Series ,"A strangely intelligent wolf, one bearing odd markings and a manacle around his front leg. Still, he's big, fluffy, listens well to orders, and is absolutely viscous in a fight. Some nights, he can be heard howling a pleasant melody into the night sky."
0 CP,Graceful Loftwing ,The Legend of Zelda Series ,"A relic from the Age of the Sky, the loftwings have long since gone extinct. Strange, then, how you have come into possession of one. Being of a color of your choosing, this massive bird is your trusted mount, carrying you into the heavens above at ludicrous speeds, faster than even you, regardless of how swift you may become in the future."
0 CP,Cuddly Remlit,The Legend of Zelda Series ,"A species of feline native to the floating land of Skyloft, few are as lovable as the remlits. Puffy coat, fluffy tail, and big ears make it a popular pet. It can even fly using those ears, though not for very long. Do be sure not to wake them up at night, though, as they can get a bit grumpy."
0 CP,Wolf Armor ,Out of Context: Skyrim Supplement V1.02,"This brown and black armor consists of a metal breastplate, helmet, gauntlets and boots. Most pieces are adorned with some sort of feral motif be it the likeness of a wolf's head, a skull, or teeth."
0 CP,Silver Whistle ,Dracula,"This is a small silver whistle. When you blow on it it will summon 3 hunting terriers (that is the breed of dog) to your location. They will come from somewhere out of sight, taking perhaps a few minutes to reach you depending upon how far line of sight extends, and will appear outside of any buildings so if you’re inside where a dog couldn’t get in they won’t be able to either. They are well trained and loyal, and will disappear until called again once you are done with them."
0 CP,Twin Crows ,TES: Rogues,"A pair of crows that you took on as pets, and bound to you magically, you won’t find any better messengers or spies. Though you can communicate with them telepathically no matter where they are, the greatest ability they possess is that they can share their senses with you, allowing you to gaze through their eyes and listen through
their ears whenever and wherever you want."
0 CP,Wooled Behemoth,TES:  Dovah,"Commonly found within the northern province of Skyrim under the care of Giants, mammoths are mighty beasts with many uses. You are the proud owner of one of these mammoths, one that is well trained, capable of being used as both a mount, and a battle companion."
0cp,Iago,Aladdin,"You can have this annoying parrot for free. He is loud, cowardly and has an annoying voice. He will start as a smart mouthed pet."
0cp,Slutty High Dragon,Rick and Morty Jump,"A large and beautiful High Dragon has been Soul Bonded to you and only you, being incapable of soul bonding with others, and is completely subservient to you. The Dragon seems to more like a Slut Dragon than the High Dragon it is, since it’s incredibly sexual and promiscuous, desiring you like a nymphomanic. Lucky for you if you don’t like to slay some gigantic Dragon Pussy (or dick, your choice), this dragon can magically transform into a humanoid form that you find incredibly attractive, being your ideal dragon lover. In addition to that, it can use the soul bond to increase the pleasure of both of you at will, and make anything you feel echo across the bond causing a rebound effect that only increases your sensations. Thanks to the soul bond, you can now learn Magic, which the dragon will teach you in exchange for sexual favors. Don’t worry, you won’t need a wand to use it. The dragon will find and hoard treasure, which it will share with you in exchange for, yes you guessed it, sexual favors."
100 CP,A Cat,Wizarding World,"Popular in both the Muggle and Wizarding world, cats are quite the common sight here. Not as much as owls but then again, few pets are. Regardless, cats are still useful, especially this particular one given that its half-kneazle, making it larger than ordinary household cats. And to differentiate between its lesser brethren even further, this one seems to have a knack for sniffing out untrustworthy fellows. It’s not perfect but then again, few things are."
100 CP,Acromantula Egg ,Harry Potter Movie Series,"This Acromantula egg is one of Aragog’s children gifted to you as a symbol of friendship. When it hatches it will be an infant giant spider the size of a Pekingese, growing as it ages until it is about the size of a small elephant, however thanks to Jumpchan this Acromantula will be able to control their own size changing within their natural limits. While this Acromantula is with you no other Acromantula will approach you and you will be able to milk magical silks and venoms from them that can easily be enchanted. With time they will learn how to communicate with humans via speech.
"
100 CP,Are You Magizoologist Material,Harry Potter Movie Series,"You gain the knowledge of how best to look after any creature that comes under your care.
"
100 CP,Armored Troll ,Skyrim - Dawnguard Jumpchain,"Big three eyed fuzzy monster with metal strapped onto it and axe blades stuck onto its arms, what more could you want.
"
100 CP,Augurey,Harry Potter Movie Series,"Known as the Irish Phoenix, it is a thin and mournful looking magical bird, somewhat like a small underfed vulture. The cry of the Augurey signals approaching rainfall, however it was long believed that the mournful cry of the Augurey foretold death.
"
100 CP,Dark Creatures Affinity ,"Generic HP Dark Wizard Jump","Dark creatures are more likely to obey your orders and view you as an Ally rather than a food source.
"
100 CP,Diricawl ,Harry Potter Movie Series,"This flightless magical bird is known to Muggles as the Dodo. It is plump, fluffy-feathered and native to the island of Mauritius in the Indian Ocean. While Muggles believed this bird to be extinct, in reality, it has the ability to disappear and reappear elsewhere as a means of escaping danger, similar to apparition.
"
100 CP,Dragon Egg,Corruption of Champions,"Found within a hidden and warded cave, this egg is perhaps the last of its kind, as corruption and strange magic caused the young and unborn of Mareth’s great dragons to turn into little deformed creatures called Kobolds. The egg contains the last healthy dragon to be born, requiring a small ritual to awaken from magical stasis and a sharing of essence to hatch. The accompanying notes are a little vague on what exactly that entails, but considering the world you find yourself in, it’s not hard to guess. What might come as a surprise is that any such fluids poured on it are quickly absorbed into the egg’s surface. By using various fluids or potions, you could somewhat shape the form of the dragon that will be hatched from it. By default, they will be hatched as a suitable mate of the opposite sex to you (or a fellow hermaphrodite if you happen to be one), thanks to the essence shared with it. Depending on what other items you soak the egg with, that may be changed. Some items could even influence their level of corruption. Though even altered, the shared essence will still cause them to be naturally attracted to you. Should nothing else change, their appearance will be a humanoid shape covered in reptilian scales. Standing taller than any human and adorned with huge draconic wings, a pair of long, ebony-black horns, and a lashing tail. Regardless of what they end up hatching as, some things will remain constant. They are born fully grown, already knowing their name and much of the old dragons, though they know nothing of the current state of Mareth. And while they lack any kind of training, their natural draconic might makes them a mighty opponent even without that. This natural strength is further supported by dragonfire, and may be the root of their arrogance."
100 CP,Fantastic Beast Feed ,Harry Potter Movie Series,"This feed trough produces a limitless supply of the perfect food for any creature that attempts to eat from it.
"
100 CP,Fish Tank,The Addams Family ,"A large fish tank with no proper filtration system and several dozen ravenously hungry piranhas
of the kind found in movies (the ones that actually will attack people and cows). Oddly, the tank
has no problem keeping these notoriously hard to care for fish alive."
100 CP,Form of the Beasts ,God of War - PJ Edition ,"Tales often tell of the gods' many exploits, and none more so than Zeus' escapades with mortals. Oftentimes, in the form of an animal. You seem to have a similar ability, capable of taking on the forms of five different animals, from mammals to fish to insects to everything in between. Hopefully you use this ability in a kinder manner than the King of the Gods."
100 CP,Grown in the Saddle ,Clash of the Titans,"You ride like one who has been riding since they could walk, and have a similar skill with the care, training, and handling of horses. You could ride a wild stallion bareback. You could ride a wild winged horse bareback. And given time and a chance break it to the saddle."
100 CP,Horse Stable,The Elder Scrolls Series,"The best mode of transportation for those who don't want to walk everywhere, mounts don't have to just be horses. These stables can hold three mounts comfortably, and always has enough food and water for them to be well fed. Any mounts that spend time here will find themselves with more stamina, and can run faster even than before."
100 CP,Monstrous Gargoyle,The Elder Scrolls Series,"Gargoyles are a race of living statues that have been animated by a wizard or vampire, often found guarding dungeons, castles, and ancient ruins. As expected, this powerful Gargoyle is extremely loyal to you, has skin as tough as stone, claws that can easily rend flesh, and is immune to poison and paralysis effects."
100 CP,Nagini ,Harry Potter Movie Series,"Once a beautiful young woman but due to a blood curse Nagini was permanently turned into a snake and from a twist of fate she became a Horcrux of Lord Voldemort. You may choose for Nagini to become a Companion as a Snake Animagus without her blood curse, have her become a full snake or take this as a Perk in order to become a Snake Animagus yourself, in addition to any other animagus abilities you may possess or come to possess. 
"
100 CP,Norbert ,Harry Potter Movie Series,"Norbert is a baby Norwegian Ridgeback who was later renamed Norberta when they found she was female. By purchasing this option you may choose to have an unhatched dragon’s egg or newly hatched Dragon who will be affectionate towards you regardless.
"
100 CP,Pet Owl,Harry Potter Jumpchain,A pet owl that carries your post. Can be any owl species of your choice.
100 CP,Puffskein,Harry Potter Movie Series,"Puffskein are found worldwide, they are spherical in shape and covered in soft, custard-coloured fur. A docile creature that has no objection to being cuddled or thrown about. Easy to care for, it emits a low humming noise when content. From time to time a very long, thin, pink tongue will emerge from the depths of the Puffskein and can snake through a house searching for food. The Puffskein is a scavenger that will eat anything from leftovers to spiders.
"
100 CP,Stable Summons ,Dragon Age: Inquisition,"You gain the ability to whistle! By putting your thumb and forefinger into your mouth, pursing your lips and forcefully expelling a great deal of air you can make a shrill noise. ... What, not many people can do that properly. Fiiiine. Whistling also summons a mount of one of the types below. Each purchase of this talent gives you a different grouping of mounts. Mounts are swift, intelligent and neigh tireless. Mounts will come with appropriate tack, can be dismissed at will, and while they are real animals and behave as such do not require food and water. Slain mounts will remain slain for 24 hours."
100 CP,Thestral,Harry Potter Movie Series,"This breed of magical winged horse has a skeletal body, face with reptilian features and wide leathery wings that resemble a bat's. The most well-known ability of these beasts is their invisibility to those who had not seen death. In other words, they were only visible to people who had seen someone dying and fully accepted, understood and internalised the concept.
"
100 CP,Warg Mount,The Hobbit Jumpchain,"A creature of war, you now possess a warg mount which is absolutely loyal to you even unto death. It is a lethal mount and will fearlessly bear you into battle against anyone or anything without hesitation."
100 CP,Zoo in a Suitcase,Harry Potter Movie Series,"This suitcase has been bewitched with an Undetectable Extension Charm, inside which you can house a vast number of magical beasts who each gain their own habitat to comfortably house them and inform viewers about them. You may also choose for this Suitcase to take the appearance of a Trunk.
"
100 CP,Crow-friend,The Lord of the Rings - Twilight of the North,"Large birds akin to crows that generally dwell in the areas around the southern Misty Mountains, Dunland, and Fangorn. You have a flock of these birds that have been trained to follow your commands, to spy and scout, and you can understand their speech. If any should die, another will appear to replace them a day later. If you are in danger, and request their aid, they  shall fly to your assistance, bringing food or pecking out the eyes of those who attack you."
150 CP,Yetis,The Mummy Trilogy,"A trio of mighty yetis; large, white furred, ape-like creatures with oddly cat-like features that guard the mystical Shangri-La. They’ve allied themselves with you, and will come whenever you call them, wherever that may be. Additional Yetis can be purchased for 100 CP for three"
200 CP,A Ferret of Monstrous Size ,Harry Potter Movie Series,"You are able to enchant any creature with a memetic field so that anyone who sees it will both continuously and subconsciously believe that it is an odd variation of a mundane animal, not a supernatural creature.
"
200 CP,Aela ,Skyrim - Dawnguard Jumpchain,"Werewolf lady from the Companions. Will turn you into a werewolf yourself if you earn her respect.
"
200 CP,Animagus,Harry Potter Jumpchain,You are an Animagus allowing you to change into an animal at will. You may choose any non-magic animal  as your alternate form.
200 CP,Animal Companion,A Game of Thones Jumpchain,"In this land, it’s somewhat common for people to have animal companions by their side. Whilst this item won’t get you a dragon, a sapient creature or anything which has absolutely no basis in this setting (such as trying to get a legend of zelda cuccoo as a pet), there are few real limits on size or species of animal. Examples of what can be gained through this item include a direwolf, mammoth, lion, eagle, hawk, viper, horse, war elephant or raven. Animals gained through this item are smart, loyal companions with a near human intelligence. The default is whatever would make sense for your origin, such as a Stark having a direwolf, a giant having a mammoth or a golden company member having a war elephant. If you have any animal based magics such as warging, this animal is far better suited for it and slightly boosts the effectiveness of such abilities."
200 CP,Battlecat ,Masters of the Universe ,"You may create or import an animal companion to be given a battle form. By default they will be an Eternian tiger or panther. They will be able to change into a form capable of carrying you into battle. Their physical prowess when transformed will make them quite effective in melee as well. Even if they could not before, they will now be capable of human speech in both their battle and normal forms."
200 CP,Bubbly Cryptozoologist ,The Other Harry Potter Fanfiction Jumpchain,"This cheerful, if somewhat odd, young person is utterly fascinated by all sorts of magical creatures, though they believe in some very strange ones as well. They’ve got some media connections and there’s often great wisdom in their ramblings if you know where to look."
200 CP,Buckbeak,Harry Potter Movie Series,"This male Hippogryph has declared you as worthy and will now follow you anywhere and everywhere being able to fly both through magical and non magical means.

"
200 CP,Controlled Selling and Breeding ,Harry Potter Movie Series,"You have learned the courting and breeding methods of all the creatures under your care as well as how best to protect and incubate their offspring.
"
200 CP,Creature Care Supplies,Hogwarts Legacy,"A leather bag filled with supplies for carrying for all manner of magical beasts. There are several enchanted grooming tools that will pamper a target creature on command and painlessly harvest ingredients like fur and nail trimmings in the process. There is an assortment of monster feed that will never run out, and several large and durable balls that all creatures will love to play with."
200 CP,Dragon Skin Cloak,How To Train Your Dragon Jumpchain,"This Drago-like fireproof cloak made from dragon skin protects you from dragon flames and other breaths of fire, no matter how intense.
"
200 CP,Dragon's teeth,Xena/Herculus,"An oracle told Cadmus to whip a cow and chase it until it finally decided to stop. That was how he should decide where to build the city he was thinking of founding. Halfway through the chase, he stopped to get a drink because cow-chasing was thirsty work, and he was attacked by a dragon. When the dragon was slain, Athena appeared and told Cadmus to sow its teeth into the ground like wheat, and they sprouted into a field of armed warriors. (Yes, really.) You have a bag holding five of these teeth, and they replenish each dawn if planted. When pressed into the ground, they grow into soldiers with equipment most common to infantrymen of the current world, defaulting to humans with bronze arms and armor. The soldiers are highly skilled, very tough, and completely loyal, but they can be rather gullible at times."
200 CP,Everyday I’m Slytherin, Slytherin,"What greater way to honour Salazar Slytherin is there than to take the form of a snake? Why, it would seem that’s precisely what you did. You’ve become an animagus, a witch or wizard who can transform themselves into an animal (and back again — important, that!). More specifically, you are a snake animagus. You may choose a single extant non-magical snake as your animagus form."
200 CP,Flight of Fancy ,TES:  Daedra,"You know what would be really neat? Being a butterfly, flying and flittering and fornicating and all that. Welp, your Prince heard you, and thought the idea would be pretty cool, too. At will, you can burst into a cloud of bloodsucking butterflies, capable of moving each one simultaneously. And when you want to, you can turn back, no worse for wear so long as even one of them survives."
200 CP,Hide of Skaranorak,Warhammer Fantasy: Rise of Sigmar,"A cloak made from the hide of an ancient dragon ogre, Sigmar made it in honor of the glorious battle it gave him. Not only does it keep one warm in even harsh winter, but it can turn aside a blade as well as any armor of iron, and electrocutes any that strike you. Wearing it is a sign of your might and martial prowess, for who but the mightiest of warriors would wear such a creature’s hide?"
200 CP,Little Bag of Dragons,Harry Potter Movie Series,"This little bag contains various types of animate model dragons that function as realistic models of any dragons that exist within the continuity, including the Hungarian Horntails, Chinese Fireballs, Swedish Short-Snouts, and Common Welsh Greens. These models can be used to roast food such as chestnuts, start fires, stalk and eat bugs/mice/rats near you 
"
200 CP,Mearas,LOTR Jumpchain,"You have been blessed to ride one of the descendants of Felof, Lords of Horses. Your horse is more intelligent than the average human, can understand English, and can run at up to 50 MPH for days upon end."
200 CP,Monstrous Book of Monsters ,Harry Potter Movie Series,"The Monster Book of Monsters is a particularly vicious sentient textbook that can incorporate qualities of various creatures. This version of the book is a bit different then other versions. The book can gain the abilities and mannerisms of various creatures. For example, feeding it demiguise fur and it’ll be able to turn invisible, feed it demiguise blood and it’ll be able to predict the (near) future as well. This lets you turn the book into a chimeric book-shaped creature. The book is quite informative, but usually difficult to access due to its aggressive nature. This copy, while quite vicious to others, seems incredibly loving and caring towards you acting almost like a puppy or a kitten. This book thoroughly enjoys having its spine stroked, and updates each Jump gaining new information. 
"
200 CP,Oddly Intelligent Corvid,The Wizard of Oz,This crow or raven has taken a shine to you and has adopted you as its pet. This bird is intelligent and while not able to talk it can understand and follow complex instructions. This is counted as a pet or familiar.
200 CP,Pet Landmark,Sorcerer's Apprentice,"Hopefully nobody saw you make off with this, but you've got an unusual 'pet', that is, an animated fixture from a famous landmark. Think of something like the Chrysler Eagle, or the Times Square bull. If it's an animal, it will have the full mobility it's shape suggests, including flight, and it will heed and obey your call."
200 CP,Ring of Hircine,TES:  Daedra,"A silver ring with a wolf's head, this grants the wearer the ability to transform into a bestial form similar to a Werebeast. Should you already be a werebeast, then this not only allows you a greater degree of control for your transformation, but it also removes any drawbacks you would have as a werebeast."
200 CP,Shadowmere,Dark Brotherhood Jumpchain,"An immortal horse and the only one among the brotherhood, has purple fur and glowing red eyes, loyal but is probably a demon."
200 CP,Snake Arrows,Conan the Jump,"You possess a quiver which whenever you reach for an arrow from it you can pull out a live snake instead. This snake will stiffen and paralyze into a straight ‘arrow’. If launched from a bow you will find that this snake arrow seems to seek out your target, turning a bit in the air if needed to seek out your opponent. This comes with a free bow to fire these arrows from; it’s an ordinary bow, except that if you lose it you are guaranteed to get a new one soon."
200 CP,Unparalleled Rider,A Game of Thones Jumpchain,"It’s as if you were born in the saddle, for you are able to ride any kind of steed better than anyone in a few generations. You are also truy capable of caring for your steeds, as well as make them easily follow your commands."
200 CP,Who’d like to come and say hello,Harry Potter Movie Series,"You have a way with nature so great that you can form a deep and lasting friendship with animals both magical and mundane. Through this you can pacify a violent animal making it more friendly to you, even those that might normally see humans as nothing more than a snack.
"
200 CP,Wisp Mother,TES: Undead,"There are many legends of wisps, of how they lure the unsuspecting into the arms of ghostly women who feed on their life force. It seems like the legends are not incorrect, as you are capable of summoning wisps to your side. They can drain the health and stamina from enemies, healing you in the process. They can also disguise themselves as you, though it will only be an illusion."
200 CP,Striding Through Silt ,TES III Morrowind,"The main form of long-term travel in Morrowind, for mundane citizens at least, are the Silt Striders. Massive long-legged insects, their shell is hollowed out to reach their brain, and pilot them that way along set routes to ferry people around Vvanderfell. There are plenty of silt strider farms across Vvanderfell, and you now possess one of them. It’s not particularly large, silt striders aren’t high maintenance creatures, and you possess the basics for raising and feeding them, along with a manual for how to properly train them while growing up as well as a secure method of cutting open its shell and preparing it to become public transport."
200 CP,Draconic Armor ,TES: Werebeasts,"If you can skin a bear and wear its fur like armor, why wouldn’t you do the same to dragons? You are now in possession of a set of armor created from either the bones or the scales of a dragon. Dragonbone armor is second only to Daedric armor, while dragonscale armor is more protective than glass armor while being lighter."
200 CP,Spectral Steed,Darksiders,You gain a loyal Spectral Steed that is a manifestation of your Psyche and Powers.
300 CP,Animal Control,Avengers Earth's Mighiest Heroes," You can telepathically command a certain type of animal (wolves, ants, spiders, squirrels etc.) over a one mile area."
300 CP,Could you allow me to extract a vial,Harry Potter Movie Series,"You are an expert at extracting samples from creatures both magical and mundane, doing so without causing any discomfort or loss of life in the creature. After the extraction you are able to completely regenerate the creature though it will require time to recover before you will be able to safely take the same sample again.
"
300 CP,Durnehviir ,Skyrim - Dawnguard Jumpchain,"Undead Dragon trapped in the Soul Cairn. Will be exceedingly happy about you getting him out of that hellhole even if it isn't for very long.
"
300 CP,Mechanical Owl ,Clash of the Titans,"This robotic owl speaks in clicks and wheezes but you can understand these noises. This mechanical owl is intelligent enough to talk to you and understand complicated instructions fitting for an automaton built by the gods to replicate the animal familiar of the goddess of wisdom, clever to go with it, and fairly resilient, more so than a human at least despite its somewhat delicate appearance. It is a useful scout and guide as well as somehow this owl seems to know the direction of any location - or individual - you seek or tell it to seek which is not somehow warded against such knowledge."
300 CP,Pet Phoenix,Harry Potter Jumpchain,"A pet Phoenix. Able to carry immensely heavy loads, their tears have very powerful healing powers and they make for highly faithful pets."
300 CP,Talk With the Animals,Fantastic Beasts,"You and beasts just get along. For one thing they seem to understand human speech when it’s from you and for another they seem unusually inclined to make friends with you, even if their nature is usually vicious and aggressive. You also have a nose for when an animal (or monster) is being mistreated and can zero in on their location with unerring accuracy. Beasts rescued will recognise you as their saviour and become very loyal."
300 CP,Unicorn,Wizarding World,"Perhaps one of the most iconic magical beasts alive, there are few souls who have not heard of the mythical unicorn, even amongst the Muggles. A horse with either a coat of the purest white, enough to make freshly fallen snow seem gray, or the most lustrous gold and a beautiful horn upon its head, unicorns are symbols of purity and gentility. But do not underestimate this wondrous beast. Capable of outrunning werewolves with absurd ease, each and every part of a unicorn is magical. But its most precious component is its silvery blood. By drinking of it, you can keep yourself alive even if you are but an inch from death. And though, it would ordinarily curse the drinker, this particular unicorn will give you its blood of its own free will. You will suffer
no curses if you partake in its most precious and valuable blood."
300 CP,Winged Horse ,Clash of the Titans,"This winged horse can fly in an hour the distance that would normally take a rider a day (though some of this is because it goes in a straight line) while carrying a rider, is strong enough to carry 2 riders, is durable enough to survive being knocked from the sky into the ocean by the Kraken, and can fly back out of the water again on its own power. And that’s if you’re a mere human. This is a mount worthy of you, no matter what you become. It will always be able to run at least twice as fast as you can, and fly at least twice as fast as you can (or as it runs whichever is higher), and will always remain at least as durable as you gaining all of your resistances and immunities; if you are not riding it this only scales to your base line, but if you’re riding it it will scale to your current state. Finally it is a highly intelligent beast, smarter than any horse should
be, and extremely loyal to you as long as you treat it well."
300 CP,Kine and Horses ,The Lord of the Rings - Twilight of the North,"Being one of the Easterlings, you know the value of good kine and horses as well as the ways they may be trained. From dairy farming all the way to warhorse breeding, you can tell the quality of cattle and horses at a glance. With little more than a few words you can calm wild horses, and with the right methods you can induce terror in the horses of your enemies. Under your care, cattle produce more and horses perform better. A shaggy old mare will work as well for you  as a thoroughbred warhorse in battle. With effort, you could even tame one of the horned rhinos of Far Harad to use in battle."
300 CP,Breeder of Horses ,The Lord of the Rings - Twilight of the North,"You are well-versed in not only knowing the physical health of your horses, but being able to pick the best to breed and to always ensure
the most advantageous traits are bred. You can take a poor draft horse, and in a few generations their line will produce warhorses as fine as any with a thousand-year pedigree. This goes as well for other domesticated creatures."
400 CP,Baby Dragon,A Game of Thones Jumpchain,"A single baby dragon that you’ve hatched and has bonded to you. This beast while small will grow at an incredible rate and eventually become a Medieval superweapon easily able to lay waste to armies of men. Beyond this jump the dragon will grow with you becoming more powerful as you grow in power so that it may forever stand by your side. Alternatively, it could be an egg that hatches whenever you want it to, and can rehatch each jump."
400 CP,Basilisk Fang,Harry Potter Movie Series,"This dagger-like fang can produce a limitless supply of any type of venom; if left unattended it would drip out producing a teaspoon a day but if you want to gain more you can squeeze it to make it come out at a trickle thereby producing the same amount in less than five seconds.
"
400 CP,Blood of the Dragon,ASOIAF - The Small Council,"The ancient magic of Valyria flows in your veins, granting you unparalleled command over dragons and their secrets. You possess the rare ability to tame and breed dragons, bending even the most willful of them to your will. With focus and care, you can awaken seemingly dormant or petrified dragon eggs without the need for sacrifice, breathing fire back into these ancient symbols of power. Dragons respond to you with near-instinctive obedience, and your bond with them grows stronger with time. 
"
400 CP,Dragon Armlet,Chronicles of Narnia,"You wanna be a dragon, right? Who doesn't wanna be a dragon? Unlike versions enchanted by less competent wizards, this golden armband lets you transform back and forth from the form of a 30 foot long, flying, fire-breathing dragon more or less at will. There's no need to learn a lesson about selflessness or whatever to gain control over this- just be a dragon."
400 CP,Dragon Fight Arena ,How To Train Your Dragon Jumpchain,"This is the emblematic arena of the village of Berk, and serves as a school for dragon hunting and taming. Several hunters and riders will obey your orders, as will an instructor with the same level of dragon knowledge as Gobber.
"
400 CP,Dragonbane ,House of the Dragon,"While he became King in the aftermath of the Dance Aegon III truly hated dragons for how Sunfyre killed his mother - some say he poisoned the last dragon - either way, it did not help when he sent the beasts away from the capital. Now you as a jumper can use his moniker as inspiration to do increased damage to magical entities like dragons. Attacks will do more damage and you are resistant to magic-based attacks like dragon flame."
400 CP,Golden Fleece ,God of War - PJ Edition ,"The great treasure obtained by Jason and his Argonauts, the golden fleece has taken the form of armor, though only covering a single arm. Still, it is completely indestructible, and can be used to deflect approaching weapons and projectiles, sending them back towards those who deliver them. It is a potent defensive artifact, to be sure."
400 CP,Hide of the Nemean ,God of War - PJ Edition ,"So powerful and mighty was the Nemean Lion that all the works of man were incapable of penetrating its skin, incapable of even leaving a scratch. Much like that beast, your skin is practically invulnerable, unable to be damaged in any way. Blades and arrows cannot harm you, and magic will more often than not wash over you."
400 CP,Nab-Sack,Wizarding World,"Behold the Nab-Sack! The perfect magical tool for anyone seeking to protect magical beasts and creatures everywhere! Simply open the bag and it’ll suck up any beast you might encounter, from mooncalves to hippogriffs and even dragons! And you won’t ever have to worry about running out of space in the bag. You can stuff as many animals as you want inside and you won’t even have to worry about them getting hurt or growing old. Of course, the Nab-Sack isn’t perfect. You can’t just point it any old creature and expect them to get sucked right in. No, it takes time for that to happen and while you can suck in mooncalves in five or so seconds, that time will only grow longer and longer for the larger the beast grows. Something like a Thestral will already take nearly a minute. Imagine how much longer a dragon will take. Finally, if you are pursuing a more criminal line of work... well, a never-ending black hole of a bag certainly sounds useful for such things, don’t they?"
400 CP,Toad and a Chicken Egg ,"Generic HP Dark Wizard Jump","A simple chicken's egg and a toad, not worth so much as a single Galleon normally, but this pair will allow you to hatch a Basilisk that will grow to the full size and power as the one hatched by Salazar Slytherin over the course of a single year. 
"
400 CP,Too Monstrous to be Real ,Flight of Dragons,"You may take on a horrible, massive, and powerful secondary form which is several times greater in magical and physical strength than your base self, and has great power to fight off disbelief or, in other world, various forms of magic negation, and can punch through magic resistance. Indeed, it is so horrific that its mere presence can drive off many enemies. You cannot maintain it for long, however."
400 CP,Draconic Form ,The Legend of Zelda Series ,"Are there any creatures as powerful and majestic as the dragons? Though a number of people have shown desires to become one of these flying serpents, you are the one who has made that dream into a reality. You can, at will, take on a serpentine dragon form, imbued with an element of your choice. A dragon imbued with lightning would electrocute any who dared get close, while possessing the ability to generate thunderstorms. A dragon imbued with fire could set an entire castle ablaze with frightening ease. A dragon imbued with darkness would be able to blanket an entire city in pitch black darkness, while being able to meld into the shadows."
400 CP,Dragonslayer’s Shield ,Dragonheart,"A tool of a true dragonslayer. Made from a single large dragon scale/plate, and adorned with the talons of slain dragons, it is an extremely light kite shield while being as durable as if it was made of solid metal. Adding to its utility as it was made from a dragon it’s completely fireproof and can be used to block things such as a dragon’s fiery breath. Of course many jumpers grow harder to damage than metal quickly, so it will always scale to be at least 3 times harder to damage than you are, gaining all your resistances and immunities three times over."
400 CP,Dark Pegasus,Warhammer Fantasy Dark Elves Jumpchain,"The mount of choice for many Druchii Sorceresses, including Morathi, whose mount Sulephet is the only known, named Pegasus of its kind. These Chaos-corrupted steeds are stolen while young from the eyries of their parents, as the adults are far too savage to train. When grown, these brutal, bat-winged horses can ride thermals for hours without rest while hunting for prey, whereupon they swoop down to gore it with their twin horns. These creatures are, naturally, significantly more aggressive than their uncorrupted kin, and actively seem to revel in violence."
500 CP,Dragon Egg,Merlin (BBC),"You've come into the possession of the egg of a dragon. Once there were many, but now they've been reduced to a single dragon and one other egg. Once it hatches - which normally requires a Dragonlord, but an exception can be made in this case - you must give it a name, and it will imprint on you and be  near absolutely loyal."
500 CP,Dragonbinder,A Game of Thones Jumpchain,"A priceless relic of Old Valyria, this horn has the unique ability to bind dragons and their kin.
Whenever blown any draconic creatures within earshot will be forced to kneel to you, completely
incapable of going against you and entirely submissive."
500 CP,Dragonlord,Merlin (BBC),"You are a Dragonlord. This gives you the ability to speak the language of dragons and causes them too view you with respect. You can call any dragon you know by name to your location, and command dragons and as dragon-like creatures, such as Wyverns."
500 CP,Thunderbird ,Wizarding World,"Unlike its inspiration of Hogwarts, the Ilvermony School of Witchcraft and Wizardry bases its four Houses upon four different magical beasts. These fours beasts were the mighty Horned Serpent, the tricky Wampus Cat, the ever-helpful Pukwudgie, and the majestic Thunderbird, a relative to the fiery Phoeniex. And now, you can discover just how majestic and beautiful the Thunderbird is for yourself. Dwarfing its lesser kin, the Thunderbird is, quite simply, superior to the many mundane birds of prey that roam the world. With its six wings, a Thunderbird strikes a wondrous sight as it soars through the skies, its iridescent feathers shifting colors from a luminous gold to an electrifying blue and so much more. And yet, such beauty is only a footnote to the Thunderbird’s own magical capabilities. You see, there have only been a rare number of witches and wizards who have ever been able to change the weather. But a mighty feat for humanity is but a casual deed for a Thunderbird. With a flap of its vast wings, the Thunderbird can bring forth a storm, complete with lightning and thunder. And if you had something such as the venom of a Swooping Evil, you could even add its properties to the storms of the Thunderbird. As for its other ability, while it may not be as grandiose as a storm, a Thunderbird is capable of sensing danger quite accurately which is very useful and only an idiot thinks otherwise. If needed, your Thunderbird can subtly warn you of people and things that may pose a threat to you and your companions. Finally, should you have need of it, the feathers of a Thunderbird can serve as powerful wand cores, especially when it comes to matters of Transfiguration. In fact, wands wherein a Thunderbird’s feather resides are often capable of warning their wielders of dangers or even cast curses on their own."
600 CP,Anansi Totem ,Chronicles of Narnia,"A mystical necklace is said to have been created by the trickster god Anansi for the warrior Tantu. Its simple appearance of lion's teeth and a head of a jackal hides powerful magic allowing the user to harness the life force of animals, by calling out the characteristic and animal in question. For example a lion's ferocity, gorilla's strength, cheetah's speed, and kangaroo's agility. You may call upon only one animal power at a time, but they last for as long you wish the power to last. While it’s magical in nature, the necklace can only emulates normal Earth animals."
600 CP,Breeder of Serpents ,Slytherin,"It was the ancient Greek dark wizard Herpo the Foul who first created the basilisk, after much experimentation and failed attempts. The knowledge of how to create these mighty serpents is now yours, but your skill at serpent breeding does not stop there. Indeed, you’re quite skilled and knowledgeable when it comes to breeding any kind of serpent, be they magical or not. Naturally this also extends on how to care for them in general, it would not do to finally breed your own basilisk only to then have it die in a fiery inferno because you mistakenly believed a basilisk to be fireproof, for example. That would just be embarrassing, wouldn’t it?"
600 CP,Cane of the Wild Hunt ,Corruption of Champions,"A thick cane of shiny, black wood. The symbol of the Erlking, and now yours. The cane fortifies you against the rigors of this land while on your person, greatly enhancing your strength and keeping corruption from your mind. If you’d like, it can also grant a red glow to your eyes, darken your hair, and let you grow into an imposing, ominous figure. These are only the most basic of its abilities though, for it can also call forth supernatural fog, bone-chillingly cold and mind-bending to hide you and cause fear in those you hunt. Further, it can transform the willing into hounds to hunt besides you. Powerful and obedient dog-men that benefit from the cane’s effects as well, these hunting hounds are black-furred with burning red eyes. Lastly, it enhances the thrill of the hunt for you and, should you get a truly spirited chase in, will further enhance your power at the climax of these hunts. This may also let you grow massive, golden antlers which glow with inner fire after any such good hunt. Or it could enhance horns you already possess with its golden display. Just take care not to grow too reliant on it, lest its loss lead to your downfall."
600 CP,Killer Rabbit ,Monty Python and the Holy Grail,"This rabbit has sharp, pointy teeth. It has a vicious streak a mile wide, is capable of great flying leaps, is also always faster in combat than its owner, capable of applying twice as much force with its teeth as they can with a kick (and at minimum enough to rip a man’s throat out through armored mail), and is roughly half as durable as they are barring hax effects. This rabbit will not, by default, be fond of you, but it will not attack you or your companions as long as you keep it fed, and will protect its territory which you are considered part of."
600 CP,Kraken ,Clash of the Titans,"The last of the titans. This is a sea monster. Rising about 50’ ft out of the sea, with a long tail behind it, significantly longer than the portion that would rise from the sea. It has 4 arms, positioned parallel to each other, each of which has a more than human flexibility, similar in its way to a tentacle. It is powerful enough to crush buildings or shatter rocks, and its hide is hard enough that an army of this day could not hurt it, and even a sword forged by the gods themselves would be of little aid against it. Besides its great strength and size it is able to create powerful waves tall enough to rise over buildings and crush coastal cities. It is an immortal beast needing no sustenance and fearing not time; a living natural disaster. And it will always remain at least somewhat stronger and more durable than you are; though this only scales to your baseline, no items or temporary boosts included. It is obedient to your will and intelligent enough to follow orders like ‘destroy this city’ or ‘do not destroy this city but claim the sacrifice’. Comes with a free underwater cage to keep it in if you don’t want it swimming free."
800 CP,Black Dragon,Warhammer Fantasy Dark Elves Jumpchain,"For the Druchii seeking the ultimate mount, accept no substitutes. Scales hard as iron, strength fit to make an ogre cry, and a breath attack that incinerates enemies in corrupted, agonizing fire. Rain death with impunity, Druchii."