0 CP,A Pair of Thick Woollen Socks,Harry Potter Movie Series,"Just like Dumbledore wanted for Christmas. These socks are always warm, clean, comfortable and are magically fitted to always be the right size and shape to fit your feet.
"
0 CP,That Smell,ASOIAF - The Small Council,"You are always impeccably clean and can choose exactly how you’d like to smell, no matter what you’ve been through. From your perspective, everything and everyone around you also smells perfectly pleasant—even if you’re wading through filth or haven’t seen a bath in weeks.
"
0 CP,Harley Quinn ,Something Unlimited Jump,"She was the no.1 sidekick of the Joker, having an unhealthy devotion towards him, despite him usually treating her as if she were worthless, however, after a failure on a thief caused by her, the Joker simply decided to discard her. You found her right after the Joker slapped her and threw her on the floor, so you decided to give her shelter and even helped her to steal a precious diamond in a failed attempt to recover the Joker’s trust. Currently, Harley has already completely given up on the Joker and has redirected her devotion completely to you, being fully willing to act for you with the best of her abilities. In addition to being an excellent fighter and having a complete set of skills related to entertainment, she’s also an incredibly skilled psychologist and manager."
0 CP,Master Chef ,The Legend of Zelda Series ,"So many unique Ingredients to be found in these lands, so many tasty dishes to create. And there are few as qualified to make those dishes as you. You could make superbly delicious meals out of even the most grotesque of monster parts, to say nothing of what you could create with the high quality stuff."
0 CP,The Lost Valkyrie,A Marvel Cinematic Universe,"Tall, muscular, incredibly attractive, blonde and blue eyed Asgardian Valkyrie, Freya was one of the Valkyries best warriors. She barely survived the fight against Hela, and spent the time since hiding on earth. While at a cafe, she met you by accidentally spilling coffee down your shirt. When she asked how she could apologize, you asked for a date. Flattered, she accepted. The first date went well, and she’s now waiting for the second one, her time with you being the first time she has enjoyed herself since she was with her Valkyrie sisters."
0 CP,The Road Most Travelled,TES III Morrowind,"Music is a universal art for good reason, a proper melody able to stir the emotions of even the most cold-hearted. Morrowind has its own signature songs as well, which will play in your head at appropriate times if you wish. Or maybe you’d like for them to play aloud? Turning them off is an option as well, but why would you refuse to listen to such skillfully crafted songs? Additionally, you get a personal theme song as well, in the style of synthwave from your world of origin. You can listen to equivalents of other people as well while around them, if you wish."
0 CP,Contact Juggling ,Labyrinth,"You certainly know how to handle a ball or two. Under my tutelage you will become as skilled at contact juggling as I, a master of this hypnotising art. Is it useful? A flair for showmanship is never useless."
0 CP,Instrument ,TES: Rogue,"You can't exactly be a bard of any renown without an instrument of your very own, and so taking this purchase will fix this oversight. In your possession is a well-made instrument, not only is it always perfectly in tune and ready to play, it is also durable enough to regularly be used as a makeshift weapon."
0 CP,Mrs. Coffee ,Corruption of Champions,"A demonic coffee-maker, shaped like an ebony sculpture of a lady with 'Mrs. Coffee' printed on
the side. Below the sculpture is a pot of steaming hot coffee, giving off an invigoratingly rich
smell. The magic of the coffee-maker always keeps the rich, creamy coffee at a properly steaming temperature while the pot is left in place, ensuring its readiness whenever you need a refreshingly caffeinated drink to energize yourself. However, the most notable thing about it only becomes apparent once the coffee pot is put back in place. The busty coffee-maker will come to life, grabbing her thick dusky nipples and squeezing out a trickle of scaldingly hot liquid. Her eyes rolling up into her head from pleasure as she automatically refills the missing coffee, mouth open with ecstasy. As the coffee pot is refilled, her movements gradually slow down with almost imperceptibly quivers, before she freezes back into place with a final smile of contentment. It also comes with a free mug that has '#1 Dad' written on it."
0 CP,Gigglewater,Fantastic Beasts,"A replenishing bottle of Gigglewater, one of the more popular wizarding drinks in the US. Tastes great, is reasonably strong and taking a shot causes one to giggle for a moment."
0 CP,Pipeweed Pouch,Shadow of Mordor,"A refilling pouch of dried, extremely high quality pipeweed. Chills out even the most megalomaniacal of wizards.
"
0 CP,Infinite Shawarma,MCU 1,"Upon purchasing this item, your warehouse gains access to an infinite supply of Shawarma of all
kinds. Regardless of ingredient or meat, you can have access to Shawarma that is perfectly cooked
to your specifications. Have fun."
100 CP,A Valentine’s Gift ,Harry Potter Movie Series,"On command you can summon a heart shaped box of chocolate and a fully customised Valentine’s card for someone special.
"
100 CP,ACTOR,Fantastic Beasts,You are an exceptional actor and can easily pick up all the habits and quirks of a person by watching them to successfully impersonate them. Why with some polyjuice potion you could convincingly pretend to be a well-known and respected public official from another country for months without anyone noticing anything was amiss.
100 CP,Baking,Fantastic Beasts,"There are machines that can create hundreds of donuts an hour but they are nothing like what you
can do. Without magic you can create almost magically delicious breads, pastries and cakes and
with magic you can do the same thing but it takes no more time than a flick of your wand as long as you have the ingredients."
100 CP,Barrels of Mead ,TES: The Main Races,"Any true nord knows that there are fewer things better in life than being surrounded by friends and having a belly full of mead. Such is the purpose behind these number of barrels, each one filled with a brand of mead, from the standard stuff all the way to the rare and vaunted Black-Briar Reserve. These barrels will never empty, spilling forth an endless amount of the sweet drink for all to enjoy."
100 CP,Bertie Bott's Every Flavour Beans,Harry Potter Movie Series,"These sweets are almost the same as Muggle jelly beans, except the range encompasses every flavour imaginable. There is normally no way of telling for sure what flavour any given bean has without tasting it, however any packs retrieved in this way can have up to the first 10 beans in flavours you choose before opening. You get one new pack every day after the previous pack is opened.
"
100 CP,Chocolate Frogs ,Harry Potter Movie Series,"A very popular wizarding sweet made from chocolate in the form of an animated frog.  These sweets come with a collectible card of a famous witch or wizard in each pack. These cards update with a new series each Jump showing all the famous magic users of that world. You get one new chocolate frog pack (plus the card in it) each time you’ve either thrown away the previous frog package or unwrapped it. The chocolate frog does not spoil.
"
100 CP,Dancing Fireworks,Harry Potter Movie Series,"These fireworks are low explosive magical pyrotechnic illusion devices that are magically programmed for aesthetic and entertainment purposes. They are programmed so that when they are set off they shoot into the air exploding then displaying a preset 3D image and animation. The fireworks animation can be used to display anything the user can replicate any illusion the user can make through magic. By default it will take the form of a giant dancing Leprechaun.
"
100 CP,Frey Pies,A Game of Thrones Jumpchain,"You are a world class chef capable of making any material taste delicious, and masking any
flavour. Literally any flavour."
100 CP,Full Of Song ,Loki,"It’s easy for you to become the life of a party, even cheering people up that are trying to flee an imminent apocalypse. Not only do you know a wide selection of songs and have a good memory for new ones, but you also possess an excellent singing voice."
100 CP,Gambling Props,The Witcher Novels,"Slightly special complete collection of Gwent cards and small box with Poker dices. Not many people even see an entire set of such well-made cards or roll so perfectly balanced dices, two games so simple yet so deep, demanding both strategy of calculated chance and blind adherence to luck. Whoever plays in this with you will be more inclined to accept their loss without hard feelings. Even observers will have a good time and take their satisfaction from the excitement and passionate gambling. By the end of your stay in this world, should you leave a mark upon its history, you will find that a new set of cards was added; an additional faction that features you and your friends. In just a week, you will find a replacement spontaneously appears in your possessions in case you lose or damage it."
100 CP,Halfling Pantry ,Overlord - PJ Edition,"What is the point of a kitchen if there is no food? None, and something this Tower addition seeks to solve. Your pantries/storerooms never run out of food and ingredients to make better food. The best part? It has basically every kind of culinary ingredient you can imagine. Somehow."
100 CP,Hollywood Hot,Buffy and Angel (SB Edition),"You are exceptionally attractive, even by Hollywood standards. You don’t even need all that time
with makeup and airbrushing, you naturally look like you spent hours being made up by professionals, which might come in handy if for some reason mirrors don’t work for you. Specifics are up to you, but no matter what, you look damn good."
100 CP,Honey Cakes ,Xena/Hercules,"A box of delicious, magically-replenishing sweet cakes is delivered to your warehouse. These cakes are universally tasty, appealing to almost any creature in existence, making them an excellent distraction for hungry guard animals of all types."
100 CP,Imperial Luck ,TES: The Main Races,"Is it luck, or is it a blessing to your people, those native to the very heart of the Arena itself? It doesn't really matter in the long run. Not only is your luck slightly boosted, but you will come across more loot and coins than most others, should you choose to go searching."
100 CP,It’s alright it’s chocolate,Harry Potter Movie Series,"You can on command call one of an infinite supply of chocolate bars out of any type of pocket that you have. The bar will instantly cure any of the emotional effects that any supernatural or chemical alterations have inflicted upon the consumer's mind.
"
100 CP,Light Up a Room ,ASOIAF - The Small Council,"You are a natural charmer, with an effortless talent for wit, storytelling, and conversation. You can disarm even the coldest of strangers, turning guarded individuals into fast friends. From soothing tensions to drawing laughter from a crowd, you command attention with your boundless charisma. Even those at the receiving end of a well-placed jest can’t help but feel an undeniable fondness for you.
"
100 CP,Limitless Supply of Hot Drinks,Harry Potter Movie Series,"You can summon a limitless supply of tin cups with each one containing a piping hot tea, coffee or hot chocolate, and also summon appropriate biscuits and marshmallows.
"
100 CP,A Friendly Ear ,Dragon Age: Inquisition ,"You’re a good listener, a really good listener. People feel inclined to talk to you about their problems and woes, particularly those problems that are stressful or could be described as gossip. Attempting to steer the conversation toward a specific topic may or may not work, but every time you employ this skill the conversation you have will  contain information of note."
100 CP,Magical Cutlery Set,Harry Potter Movie Series,"This magical cutlery set is able to effortlessly cut into any food with the knife effortlessly with incredible accuracy, stab and grasp even the slipperiest of food with the fork, or spoon up even the hottest of soups and instantly cool it down to perfect eating temperature. The cutlery will not damage either the user or the plate the food is on even when they are used to forcefully stab into them. You can summon these utensils to you at will and are also replaced within an hour if damaged or destroyed.
"
100 CP,Manners Maketh Man,Slytherin,"What sort of self-respecting Slytherin would you be if you didn’t even know how to act in polite society? You’d be the disgrace of your House. It’s a good thing that you’ve had tiquette lessons hammered into you from a young age, and thus know how to treat everyone according to their station no matter what situation you may find yourself in."
100 CP,Master Chef ,Supernatural,"Self-explanatory really, it says it on the tin you have become an amazing chef equal to the finest Michelin stars around."
100 CP,Musical Skill,A Game of Thrones Jumpchain,"The art of Song and Instruments, one you're quite talented at, to the point that many would compare your skill to the late Prince Rhaegar Targaryen. Weaving new songs and music comes as easy to you as winning the hearts and minds of your audience and you’ll find that you seem to never run out of inspiration; drawing ideas from your experiences and environment. To think, with this alone you could indeed make quite a lot of coin; though do be careful, not every King or Lord enjoys a good song."
100 CP,No Happy Accidents,ASOIAF - The Small Council,"You hold full control over your own fertility, deciding precisely if and when you wish to conceive, without fear of accidental pregnancy. Additionally, you are entirely immune to diseases transmitted through intimacy, granting you peace of mind and security in even the closest liaisons. If you experience them, you may choose to never have a period again should you wish it to be so
"
100 CP,Overseer's Music Box,Dishonoured,"This musicbox when played will disrupt the magical abilities of those Marked by the Outsider. Since that includes you as a bonus it won’t affect you now. On future jumps, when played will disrupt the concentration of those who use magic, causing them to mess up. Effects end when the music box is no longer played."
100 CP,Poet and Playwright ,Clash of the Titans,"You have the skills and talents of a poet and a playwright. Beyond writing skill, this includes being well-informed in popular stories and tales of the day and age."
100 CP,Poise and Stature,ASOIAF - The Small Council,"Your bearing adjusts to fit precisely the impression you wish to create. You can carry yourself with an aura that commands fear, inspires loyalty, evokes respect, or even invites underestimation, depending on what serves your purpose best. 
"
100 CP,Put your best foot forward,Harry Potter Movie Series,"You possess mastery over the art of dancing, being capable of intuitively understanding the rhythm of sound and flawlessly performing any type of dance. These methods of dance can include classical dances such as ballet as well as freestyle dance types such as hip-hop.
"
100 CP,Sing Us a Tune,Pirates of the Caribbean,"All the sea shanties of the world are known to you. You can sing (mostly on key) hundreds of sea
shanties in dozens of tongues, and can inspire others to join in. Most of them carry a message of
some sort, and a few can even have deeper effects. If nothing else, they’re good to get a crew
working in time."
100 CP,The Deceiver's Finery ,Dark Brotherhood Jumpchain,"A suit of fine and expensive clothing worn by the rich, enchanted to increase the wearers charisma an impressive amount"
100 CP,Uncommon Taste ,The Elder Scrolls Series,"Not the exact copy written by the Gourmet, this book is filled with recipes from all over Tamriel. From sweetrolls to Nordic mead to Breton souffle to Bosmer barbeque to Altmer baked goods to the insectoid cuisine of the Dunmer. No matter what you make, so long as you follow the directions found here it's sure to taste good."
100 CP,What about your activities outside the classroom ,Harry Potter Movie Series,"You have gained a certain romantic intuition allowing you to tell when someone is attracted to you as well as how deep and sincere their emotions are. This also passively improves the quality of any dates you plan and gives you a minor luck boost during the date itself.
"
100 CP,Whistle,The Death Gate Cycle,"This magical whistle will protect any who hear it, including the user, from any outside mental influence."
100 CP,You should feel right at home then ,Harry Potter Movie Series,"You are an expert at brevity, irony and sarcasm. You have a mastery over offensive witty comments and back handed compliments and you can easily bring an opponent's confidence down in order to get under their skin.
"
100 CP,Shades,Good Omens,"You have a ridiculously large number of stylish dark glasses. Perfect for hiding unusual eyes. Even if you run out, rifle around in your pockets, cabinets or glove box, and you’ll find a pair."
100 CP,Goth Juice ,The Might Boosh,"A bottle of the most powerful hair spray known to man. It can hold any style in place, and can even hold objects in mid-air. It’s THAT strong."
100 CP,Magical Instrument,The Legend of Zelda Series ,"It is often said that music is its own kind of magic, capable of moving the hearts and souls of any who listen to it. And when played through an instrument like this, that claim becomes a bit more literal. Not only will this enhance any music based magic when played, but the music played will always be pleasant to hear, even from a complete novice."
100 CP,Not Dialogue Supported,TES III Morrowind,"Racism is an undercurrent problem with basically everyone on Tamriel in some way or another. However, that doesn’t seem to stop relations between members of different races too much. Even if you’re, say, a Nord, you will still be able to have intelligent discussion with an Altmer, although perhaps they are simply hiding their disdain. Maybe it’s just something about you? Even if you are part of a hated group, no one seems to hold it against you, any more seriously than as jests, at least. Doubtlessly useful in the land of Morrowind, where most of the locals are very isolationist."
100 CP,"Walk Up To People, Ask Them Their Life Story",TES III Morrowind,"The people of Morrowind are strangely friendly, despite what everyone says. Or, at least, that’s just how it always has seemed to you. You find that people are strangely willing to divulge the story of their life, the more public parts of it at least, and elaborate on their jobs, even if you’ve just walked up to them and asked them about such things with nothing more than a greeting. It could be useful for gathering information, but you likely will never feel like you’re out of the loop regarding wide-reaching events. Of course, personal opinion still matters, so if someone hates you specifically, then there’s not much you can do without improving their disposition to you."
100 CP,Chalice of Reversal ,The Elder Scrolls IV - Oblivion (By YJ_Anon),"Created by Duke Thadon of Mania in the Shivering Isles to help him consume Felldew, the Chalice of Reversal is a strange artifact that tempers the effects of any harmful substances imbibed by a person who drinks from it regularly, removing poisons and addictive properties while only slightly lowering the beneficial qualities of the drug in question. Using the Chalice the Duke was able to regularly consume Felldew, a potent and possibly hallucinogenic drug that causes a severe addiction in those who imbibe it and effects of withdrawal mere hours afterwards, with no debilitating side-effects. "
100 CP,Fate’s Favoured ,The Pirates of Dark Water,"You’re just that bit luckier than average. This effect is more pronounced if the odds are stacked against you—the worse your situation, the more likely a small coincidence or happenstance will tilt the odds in your favour. This isn’t always going to save you if you’re cornered, but more often than not there might be a convenient rug to pull out from under your foes, or their aim might be off for just long enough for you to slip behind a shield."
100 CP,Apron of Adroitness ,TES: Warrior,"A thick apron made from troll leather with splotches of red and green paint, it was once owned by a renowned painter before it found its way to you. While you wear this apron, you will find that both the quality of your creations as well as the beauty and aesthetics of them will be improved."
100 CP,Daedric Spider Silk,TES: Daedra,"If silk is such a valued commodity, then there is no finer or stronger silk than that taken from the spider daedra. This spool will replenish itself when used, and contains enough to easily create a few outfits."
100 CP,Travel Bag ,Generic Bard,"A decently sized pack that is roughly ten times larger on the inside and doesn't express the weight of what is put into it. It also comes with a carry case for an instrument that keeps said instruments in stasis while inside, becoming impossible to damage without destroying the case directly."
100 CP,"""Party Favors""",Generic Bard,"Also known as social lubricant or alcohol. You have a massive supply of various forms of alcohol in a nearly bottomless, chest-like cooler that keeps them all at the perfect temperature. This alcohol has a unique property where it doesn't cause hangovers or addiction. Additional purchases can be used to gain other recreational drugs of the sort, similarly altered to have reduced negative effects and an inability to cause addiction."
200 CP,Brush of Truepaint,TES: Deadra,"One of the incredibly rare Aedric Artifacts, this paintbrush is said to have been fashioned from Dibella's own hair. The brush allows the wielder to enter a painting canvas and create things within simply by painting them, even living creatures like trolls."
200 CP,Dragon Cracker,Harry Potter Movie Series,"This supernatural Firework creates a luminescent sparkling dragon that you can pilot telepathically in order to control its movements until its explosive reaction has finished.
"
200 CP,Dragon Hide Jacket ,Harry Potter Jumpchain,A Jacket made of dragon-hide that reflects minor spells. Makes you look pretty cool. You’ll grow into it.
200 CP,Golden Quil,Harry Potter Movie Series,"You have a beautiful magical quill that never requires ink as the tip produces a limitless trail of gold to write with.
"
200 CP,I'm sure Harry's kissing was more than satisfactory,Harry Potter Movie Series,"Through this Perk you become an incredible kisser as you have both the knowledge of kissing techniques as well as other types of physical romance. Additionally you can boost the pleasure reactions caused when you touch others in any way.
"
200 CP,It would take years yet happened the day after ,Harry Potter Movie Series,"If you ever decide to find a romantic partner you will find an option within 24 hours.
Whether this option works out or not is down to you. If you do hit it off you can give them the option to become a follower for free with the option of them becoming an importable companion in the future.
"
200 CP,It’ll taste fine all the same ,Harry Potter Movie Series,"You are a damn good cook and anything you make will taste good and remain unspoiled even if it goes through less than sanitary storage conditions, so no need to worry about food poisoning.
"
200 CP,Long-Running,Supernatural,"Say what you want about Supernatural but the fact that it went for 15 seasons in a time where everything was cancelled says something. You possess a unique gift among other directors and that is the ability to keep a tv show going for decades without a drop in ratings and without even a talk of being cancelled. It’s almost as if by magic, anything you direct or produce seems almost destined to become popular and watched by all."
200 CP,Magical Camera ,Harry Potter Movie Series,"A device used to take magical photographs. Originally a Muggle invention, but in the wizarding world, cameras had been adapted to be powered by magic, rather than electricity, and photographs taken may be specially developed to allow subjects the ability to move on their own within the confines of the photo frame. This has an unlimited amount of film and doesn’t require electricity to operate (but does have an adjustable flash bulb). The resulting magic moving photographs can be easily copied into other forms of media like newspapers.
"
200 CP,Puppeteer,ASOIAF/GOT Hedge Knights Jumpchain,"You can create extremely intricate puppets and use them in a show. Watchers will be drawn in by the stories and if you let your hands wander with specific figures you can tell the future. 
This comes with two puppets - one for each hand - which when held out of sight change to fit the story.
"
200 CP,Ring of Azura,TES: Deadra,"A ring gifted to the Nerevarine after the defeat of the Sharmat, its ebony construction depicts a specific birthsign. While wearing this, you will find your charisma and speechcraft enhanced, while also possessing night vision. Perhaps a bit lackluster, but it would be suicide to deny a gift from such a vengeful goddess."
200 CP,Silver Tongue,A Game of Thrones Jumpchain,"You are a skillful orator, storyteller, and performer, capable of great snark and japes. As a side effect of this, you are a truly brilliant liar and incredibly persuasive as a general rule."
200 CP,Sire’s Choice,Pokegirls,You gain the ability to choose what powers/abilities/traits/talents those that you sire/carry to term through whatever methods inherit from you or your DNA.
200 CP,Tattoo Artist,Fable TLC,"This perk makes you highly skilled at giving tattoos, ups your pain resistance, and allows your tattoos (given and received) to have a pronounced effect on attractiveness, scariness, and even alignment. The higher the quality of the tattoo, the greater the effect. Tattoos will still affect these attributes even when covered or unseen. You can also easily remove tattoos through a painless and side-effect free process involving only your hands and a few minutes of time. "
200 CP,Whisper the Right Words,ASOIAF - The Small Council,"You have an almost supernatural knack for saying just the right thing at the right time to be selected for prestigious or influential tasks. Be it a quiet word in a lord’s ear, a rousing speech, or an earnest request, your words naturally present you as the ideal candidate for opportunities that lead to power, wealth, or influence. You are frequently offered chances others might dream of, as your instincts for advancement are sharp and reliable.
"
200 CP,Wild Night,TES: Deadra,"Mortals can be so silly at times, all hooked on honor, duty, chastity, and generally being a stick in the mud. Well, not when you're around! You now produce an aura that encourages debauchery and revelry, corroding the sense of modesty and their inhibitions."
200 CP,Wizard Chess Set,Harry Potter Movie Series,"A magical variant of the classic board game Chess where the pieces have been enchanted to move on their own accord when commanded by the player. When a piece is taken, the losing piece is smashed by the winning piece. Don’t worry, all the pieces reassemble themselves after the game is over.
This particular set is especially fancy and meets chess tournament regulation standards, it also folds up and has a shrink/grow command spell built into the folding mechanism, allowing it to shrink down into a keychain-sized miniature chess set or expand back into its full size when opened/closed.
"
200 CP,Unlimited Picnic Basket,The Wizard of Oz,"You have a classic wicker picnic basket, when you reach in while visualizing a food type that can fit through its opening you can pull out any mundane, non-magical food or drink desired without limit. It will come out either fully wrapped, bagged, or boxed, you can also pull out unlimited amounts of plates, cups, utensils, knapkins, and picnic blankets as desired, and any garbage can be placed back into the basket to be vanished and disposed of."
200 CP,I do love knitting patterns,Harry Potter Movie Series,"You have gained a talent for various knitting methods, being able to create and style numerous styles of clothing in a fraction of the normally required time with perfect measurements.
"
200 CP,Glamour Slam ,Something Unlimited Jump,"The star of your criminal operations in Metropolis, or better saying, the first half of it. Regardless if you’re affiliated with Roulette or not, you became the legitimate owner of your own Glamour Slam, a luxurious strip club that specializes in heroine cosplay as well as having legal permission to operate as such regardless of the local laws. Even if actual heroines were to be the ones on the shows, it’s granted that any people without supernatural perception abilities would believe they’re only cosplayers unless you explicitly tell them the truth. It also comes with a trained staff that count as your followers to maintain the place and take care of paperwork and of potentially troublesome patrons, however, keep in mind that they’re only regular humans so their capacity is limited. Lastly, your Glamour Slam will reappear in any city of your choice in future jumps, as well as retaining any modification done to it and always having legal permission to operate as a strip club."
200 CP,Tales of Homer,God of War - PJ Edition ,"Culture is not only conveyed through paintings and food, but through stories. Through weaving a narrative so compelling that those thousands of years from now are still enraptured by the tales you weave. You are a masterful storyteller of such skill that any stories or legends you tell are highly unlikely to deviate, no matter how long it has been since you first spun your narrative."
200 CP,Dialogues of Plato ,God of War - PJ Edition ,"All men desire conflict, a way to prove themselves superior to one another, though not always through a show of force. One way is through words, through discussion and argument. You are a talented debater, on par with the greatest of mortals, capable of swaying nearly anyone to see your side of things with a few choice facts and the right words."
200 CP,Friendly Face ,The Legend of Zelda Series ,"Why is it that the hylians are the premier race, the one most pivotal to the fate of the land? Maybe it's how friendly their usual demeanor is. Most people will instinctively feel inclined to like and trust you, even if you've only just met."
200 CP,Muse ,Generic Bard,"A spirit of creativity and inspiration has bonded with you. They take the form of a beautiful human or human-like creature, sometimes with animal features, but at a size where they could fit into the palm of a man’s hand, though few can see them as they are naturally invisible to those not bonded to them. Just having the bond allows you to see the supernatural that would otherwise be hidden, improves your intuition, and makes you more sensitive to emotions, your own and those of others. Additionally, muses bonded to a person produce and store up a power that can be channeled into an individual, their bonded or someone they touch, to provide a temporary boost in creativity and spark new ideas. This power can also be used by the one bonded to the muse in order to infuse any supernatural power with an emotional resonance, altering and empowering the manifestation with the emotion infused into it."
200 CP,Traveling Stage ,Generic Bard,"This rather large, covered cart is much larger on the inside, having room and amenities to house a troupe of up to twenty performers, however, it can also unfold into an actual, tavern-like building that can house hundreds and has a built in stage for performances. While in this unfolded form, entertainers will have fewer missteps in their performances, so long as their performance is done on stage."
300 CP,Let the feast begin,Harry Potter Movie Series,"You have a magical table large enough to hold 10 people. Three times per day by saying the magic words “Let the feast begin” you are able to fill the table with a full course meal for each person sitting at it.
This food will be to the same quality as if you had personally spent up to an hour cooking each meal.
"
300 CP,Bardic College,Generic Bard,"You have come to be the owner and headmaster of a school. This school has a primary focus on history and the arts by default but you can choose whatever subjects you want to be taught here. Any student learning in this school will gain the benefits of any teaching perk you possess, with a minimum of learning twice as fast as they would in another environment, and will have talents emphasized while studying here. You can choose the requirements for entry into the school as a student, such as requiring them to pay to attend, that they show a level of existing proficiency, or that they have some innate quality. You cannot benefit from this bonus. The school is fully staffed with teachers and support staff necessary to run the school, and they do such a good job of it that you really don't have to put in any effort to run the school yourself. The teachers are akin to NPC followers rather than proper, living beings, having no need for food, drink, sleep, or air. If you have companions take the place of teachers, they can apply their own teaching perks to their students in addition to what the school provides normally."
400 CP,Bard Song,The Death Gate Cycle,"This perk allows the user to infuse a song with magic in the process of composing it. The
resulting song will have a profound effect on the listener, up to a radical upending of their
personality or values. The composer designates what the effect of the song will be at the time
of composing it. This style of elven magic relies on shared genetic memories, so it has its full
effect only on those who are the same race as the song’s composer, with effects diminishing
the more distant the genetic relationship. Effects which block magic based mental effects
such as charm spells will block the effects of the song, however once the changes take root
they are permanent. A warning: once composed, anyone can sing the song to invoke the
effect. Comes with an excellent singing voice."
400 CP,Bard's College ,TES: Rogue,"All those who desire to walk the path of the bard must start their journey somewhere, and there are fewer places better than this illustrious college. A place of learning how to sing, play instruments, writing songs and poems, and much more. It houses an impressive library focused mainly on the historical side, though you will find many plays, poems and sagas within. Any who wish to learn any of these fine arts will find their progress greatly improved."
400 CP,Blood-Made-Pleasure ,TES: Deadra,"To be tempted by Sanguine is to be tempted by the urges of the flesh. When your blood runs hot with desire, lust and bodily cravings, it is his work. But to you, blood and wine are simply the same. For this stems from your new ability to transform liquids of all kinds into wine. Of course, the wine created from the
blood still pumping in a mortal’s heart is the most delectable of all."
400 CP,Death Dealer's Fete ,TES: Deadra,"An ebony ring with a ruby gem in the shape of a rose, this is one of Lord of Revelry’s more ‘useful’ artifacts. While wearing it, the user will find their vitality skyrocketing, as well as possessing an infinite amount of stamina. Additionally, you will no longer have a refractory period, and your climaxes will be all the more powerful and pleasant."
400 CP,I open at the close,Harry Potter Movie Series,"This special Golden Snitch has a gateway to an expanded sub-space in the centre. This gate only exists when the snitch is open and it can only be opened by knowing its password and touching it with a specific part of your body which can both be changed while the gate is open. When it is closed you can set it to hover mode where it will float as commanded and act as best as it can in order to protect you.
"
400 CP,Lies and Arbor Gold,ASOIAF - The Small Council,"A single bottle of the finest Arbor Gold, a vintage so rare and smooth that it’s guaranteed to impress even the most skeptical of drinkers. But its true power lies in its ability to grease the wheels of deception. Serve this wine to someone, and they will believe almost any lie you tell them during the course of their intoxication. However, the effects are not foolproof—evidence to the contrary will break the illusion, and once sobriety returns, the lie will be judged as any other. Use it to spin tales, seal deals, or save your life in a pinch.
"
400 CP,Masque of Clavicus Vile ,TES: Deadra,"A metallic mask that has undergone numerous changes, often to best suit the current wearer. When wearing this, you will find yourself to be extremely persuasive and skilled at bartering. It would be quite possible for you to talk a poor man out of all of his worldly possessions."
400 CP,Pub at the End of the Universe,Marvel - What If?,"There’s no finer place to grab a drink with some friends. This lovely establishment sits on the cusp of reality, surrounded by a hungry void of destruction. Despite that, you’ll find a cozy interior, fabulous food, and mastercrafted refreshments inside. You and anyone you designate receives the incantation to summon the pub’s entrance. They may visit this pub at any time, whether everyone resides in a single
timeline or are scattered across the multiverse. When your visit is done, each customer can exit the pub and return to their local dimension. Catch up with your friends over a pint, no matter how far away they choose to hang their hat."
400 CP,Pauper Luck,TES III Morrowind,"Some people are born with bad luck, who have their lives be miserable for the entire extent of it. Others start with good luck, and live blessed and comfortable lives. Some people have luck in only a few specific things, such as a fisherman who always succeeds in catching big fishes. You, you have absurd luck, of the good kind, which applies mainly in combat. Your opponents will trip even on flat ground, they will stumble and miss even if you’re sitting still. Inexperienced opponents can simply forget the thought of ever hitting you, while masters of the craft will find you an unusually annoying opponent."
400 CP,Bardic Music,Libriomancer Jumpchain,"You are a bard. A rare class of magic user who can use music to change the world. Music is most useful for altering the mental state of others, making them calmer or more compliant to your will. Alternatively it could make someone more aggressive, or in some cases more clear headed (and arguably intelligent). If the subtle manipulation of emotions isn’t your style, perhaps you could default to the standard “blast them with unnatural vibrations” style of bardic music. Whatever you decide to do, the magic of music is sure to set you free."
400 CP,"Speakeasy
",Fantastic Beasts,"A poster that when put on a wall and told a password (or when approached by people fitting a dresscode) of your choice grants access to a speakeasy owned by you and staffed by House Elves with strong New York accents. Attracts friendly if unsavoury types, makes a good profit and has an endless amount of booze."
500 CP,Cosmic Key ,Masters of the Universe,"This portable cylinder is covered with buttons which when pressed emit certain tones. When a particular melody is played, the Key will open a portal that will allow you to teleport to the corresponding location bypassing any and all wards, shields barriers or other defenses or even into another time-space merging with your younger selves. Of course you have to know what melody to play, and the device doesn't have an instruction manual. One nice feature, it has a home key that will return you to the planet/general starting location of whatever jump you happen to be in."
600 CP,Enchanted Flute,Flight of Dragons,"Just like Lao Shu’s flute, this is a musical instrument imbued with magic, though if you like you may pick a different instrument as it’s form, or even import one you already own. At the beginning of each jump you
may designate one species that exists within that jump. If they hear music played from this flute, then no matter how many of them there are they shall swiftly fall asleep for an indeterminate amount of time. Powerful magic can protect them from this, however, and I would not attempt it on anything stronger than the Red Wizard."
600 CP,Perverse Hedonist,TES: Deadra,"No mortal is immune to the allure of the flesh, of the heat within their loins and passion in their hearts. As alcohol taints the blood and leads to a state of drunkenness, so do you taint the mind through indulgence, through vice and sin. To control mortals through their desires, to trap them in a haze of pure debauchery and depravity, until eventually they cannot bear to exist without your influence clouding their mind, looking for their next hit. It certainly helps that those under this influence will be greater than they were before, all inhibitions cast aside to unleash their full potential."
600 CP,Sanguine Rose ,TES: Deadra,"Taking on the form of a rose larger than most Bosmer, this staff is by far Sanguine’s most popular artifact. Upon activation, it will summon ten daedra to your side. But not just any daedra, ones perfect for whatever situation you find yourself in at the time. Are you in a fight and require more muscle, or perhaps you need to set up a killer party. Maybe you need a daedra that can’t be subverted to join your enemy’s side, and will react violently to any who attempt to control them. Or maybe you just need some help for some ‘recreational’ activities. We won’t judge."
600 CP,Ocarina of Time ,The Legend of Zelda Series ,"An azure instrument, only the symbol of the triforce on the mouthpiece hints at just how unique it actually is. This is the Ocarina of Time, a magical relic passed down through the royal Hylian family for generations. By playing the correct songs, one is capable of amazing feats, such as speeding up or slowing down their personal experience of time, alter the weather, ease regrets and soothe the souls, and even going back in time by three days. Perhaps more magic can be performed, should you seek out how."
600 CP ,Wabbajack,TES: Deadra,"As befits the Prince of Madness, this magical staff is unique. Just like the Mad God who made it, its effects are impossible to predict. It may shoot a fireball, turn the target into a chicken or dragon, heal them of all wounds, make them explode in a shower of gold and sweetrolls, or an infinite number of possibilities. I'm sure you'll have a lot of fun with this."