100 CP,Witchsight ,Empire of Man," Though many flavors of wizard exist within the Empire alone, across the world they share one ability: Witchsight. This is the ability to sense the Winds of Magic, their presence, strength and nature. Even if not able to actually cast magic, with this perk you can perceive it, tell an enchanted item from a mundane one, feel the prickling presence of a demon nearby and so on. Each wind of magic has its own feel; for instance Aqshy, the Red Wind of Fire, is a hot and searing wind, whilst Ulgu, the Grey Wind of Shadow appears as more of an impenetrable fog. In future worlds, you'll sense different flavors of magic in this manner too, attributes appropriate to their nature sticking out to you."
100 CP,Probity Probe,Harry Potter,These thing metal golden rods can be used to detects spells of concealment and hidden magical objects.
100 CP,Magic Glasses ,Libriomancer,"These glasses allow you to see magic as a shimmering energy field composing all things magic. Even invisible or secret magic is visible in some form while wearing these glasses. You may also see the faint lines connecting the magical aura of a created object or recent spell to its initial caster (assuming it occurred recently enough). These also give you a much better idea of what is going on whenever magic happens making it easier to understand and learn from it.
"
100 CP,Dragonglass Candle ,ASOIAF - Game Of Thrones ,"A candle made of obsidian, Dragonglass candles are magical artefacts which when burnt, allow the mage using them to see across mountains, seas and deserts, give men visions and dreams and communicate with one another half a world apart. Light behaves bizarrely around them, with whites becoming as white as freshly fallen snow, reds like flame, yellows like gold and shadows so black they look like holes in the world. Ordinarily, to light the candles requires magic to be strong, but given that you've paid good CP, you may light them at will. "
100 CP,Sneakoscope,Hogwarts Professor Jumpchain,"A small spinning top will light up, screech loudly, and spin non-stop in the presence of untrustworthy people.
"
100 CP,Foe Glass ,Hogwarts Professor Jumpchain,"A large mirror that shows fog instead of your reflection, fog contains silhouettes of those who consider you an enemy (or who you view as such) that grow clearer and more easily visible the closer they are to you
"
100 CP,Soothsayer,Pirates of Dark Water,"You have minor precognitive abilities, allowing you to divine some measure of the future. Your prophecies are vague, but always accurate. Due to their imprecise nature, however, you can still steer events in a direction you find more favourable while still technically fulfilling your predictions."
100 CP,Seeing Orb,Pirates of Dark Water,"The magic imbued in this three-foot wide crystal orb can be activated by anyone with
magical talent, displaying images pulled directly from their memory with a touch."
100 CP,Scrying Orb ,TES: Magic,"To see events happening great distances away is a valuable ability,
which makes this crystal orb a valuable tool. With it, you can look anywhere you’ve
been before, no matter where you currently are, as well as listen in on conversations. It
can be blocked or be fed false information with sufficient magical protections."
100 CP,Tea Leaves,Harry Potter Movie Series,"An unlimited pot of fine quality tea leaves that are both delicious and perfect for
Tessomancy, the magical art of reading tea leaves to predict events in the future.
Though the results you get from this method of seeing the future may be vague, they
will always be accurate."
100 CP,Gatekeeper's Ointment,The Dresden Files,"It might smell weird, and I've got no idea what's in it, but this Ointment was made by a member of the Senior Council, and it's got the power to prove it. Apply it under your eyes, and you'll be able to see through any veils, illusions, flesh masks, and any other sort of supernatural obfuscation out there until it dries up in about an hour. It's even better than using the Sight, and without the risk of getting what you see burned into your mind. There's enough goo for nine doses, and if you shut it up after you're done with it you'll find that it's refilled itself overnight."
100 CP,Remembrall,Hogwarts Professor Jumpchain,"A small glass orb surrounded by a Gold band, when held in hand will fill with red smoke if you've forgotten something. (""Only problem is I can't remember what I've Forgotten."")
"
100 CP,Crystal Ball,Hogwarts Professor Jumpchain,"A small glass ball with smoke swirling inside, mildly boosts precognitive abilities and explodes if dropped on someone's head knocking them out instantly.
"
100CP,Omnioculars,Harry Potter,"Pause, rewind, and watch events in slow motion. It's basically a video camera combined with some binoculurs. "
200 CP,Precognition,Supernatural,"With this perk, you can see into the distant future. These visions will occur while you are sleeping and you will be visited by the visions of events that will come to pass, these visions can help you avoid deaths, protect others, or just be used to avoid pain. Now, before you get too excited these dreams will only show you a future that could come to pass. This skill will allow you to remember all your visions; if you decide not to sleep you can choose to enter a meditative state instead."
200 CP,Schufftein Glasses,Hellboy,"These magical mask/goggle devices, invented by Emil Schufftein, have the unusual ability to see through glamours and reveal the the true nature of beings seen through their crystal lenses. You get a set of four."
200 CP,Crystal Ball of Seeing,Dragon Ball,"Roshi’s elder sister, Fortuneteller Baba, is known not only for being a mischievous witch but also for her crystal ball. Likewise, Old Kai is also known to be in possession of one, and that is because of its ability. With this crystal ball the viewer may view any location in the universe, including side dimensions such as hell or heaven."
200 CP,This kills the adventurer,Xena - Hercules,"With a look, you know the greatest dangers that something presents to you. Looking at a snake would warn you of venom. A ruined temple may speak of traps and rotten floorboards. Intelligent foes are much harder to read, and you will only get a single piece of vague information regarding whatever they have at their disposal which is most likely to end your life, like 'sword' or 'fire magic.'"
200 CP,Magic Compass,Pirates of the Caribbean,"This magical compass has been imbued with your soul. Not in a bad way, just enough to create a link. The needle always points to whatever you most desire, or the means to get to that which you desire. It can be hard to tell. Anyways, at least you’ll always know where your next step is, so long as you know what you want. If you don’t know what you really desire, the compass doesn’t either."
200 CP,Wolski‘s Glass        ,Pirates of the Caribbean,"This spyglass is impressive. It might be a small thing you can stick in a pocket, or a huge pole that needs a stand to balance on, but it has the same magical qualities. First, it’s really incredibly durable; you can use it as a club without worrying about breaking the lenses. It’s also able to see through things it shouldn’t; mists and darkness hide nothing from its eye, and even magical illusions give up their secrets."
200 CP,Premonitions        ,The Nightmare Before Christmas,When you are about to run into a real disaster you frequently have cryptic (but usually obvious) visions that indicate what is coming if you do not alter your course of actions from what you would otherwise do.
200 CP,Little Wherever,The Dresden Files,"Alright, this one just isn't fair. It's a scale model of the city you're living in, meticulously including the smallest details, and every piece has some of the actual materials from the real object woven into it. This would normally take you months worth of work to construct, but not only did it get put together for you, but it automatically updates after any major changes or moves. You can use it as a focus for tracking spells or remote viewing, to the point where you can follow someone around while sitting comfortably in your lab, and it'll block the backlash if they catch you and send a psychic cease-and-desist."
200 CP,Tarot Cards ,DC Occult,"You have an enchanted set of Tarot cards. In addition to functioning much the way they're supposed to, they also change to have personalized illustrations based on the person drawing the cards. Of course, the damn things don’t actually come with any instructions, so you’ll have to figure out fortune telling on your own."
200 CP,Pensieve ,Harry Potter,"A device that allows the user to keep their memories and
peruse them at their leisure. You may also use this to
remove, organise and prioritise your sets of memories."
200 CP,Marauders Map,Harry Potter,"A perfect copy of the Marauders Map. A map with a
detailed, dynamic layout of Hogwarts displaying the
location of everyone in the grounds as well as various
secret passageways. Each jump this will change to another
area (up to the size of a vast castle) of your choice."
200 CP,Legilimency ,Hogwarts Professor Jumpchain,"The counterpart of Occlumency, it will let you view another’s memories and allows you to hear their surface thoughts with eye contact."
200 CP,Occlumency,Hogwarts Professor Jumpchain,Protection against Legilimency which allows others to view your memories and surface thoughts.
200 CP,The Queen’s Mirror,Marvel Cinematic Universe - Volume 2 ,"In the vast expanse of the infinite Void, there are worlds which might seem like they are fairy tales made real. Doubtlessly, this means that such stories can be inspiration for those mystified by the power these stories hold. A large golden surface that can be hung on a wall, this mirror contains the power to scry upon people and locations from any distance. The mirror also contains a sentience which will understand your reasoning for scrying on those targets and offer suggestions on courses of action to help you. Just be wary of any magical or powerful beings that may notice they’re being watched."
200 CP,Imperial Orrery,Elder Scrolls: Oblivion,"Imperial Orrery: This ancient dwarven machine has many mystical properties. The better you understand the cycles of the heavens, the more aware you can be of prophecy and your path in life. Understanding the stars and how to chart your course may take great effort, but understanding your potential future is made much easier with this facility. The primary function here is the magic it can harness from the moons: Masser and Secunda. Depending on their phases when this ability is bestowed, you will be granted great power from the heavens. Doing so substantially fortifies one of your attributes at the cost of draining another attribute for half an hour and it can be used each day. When the moons are different, you may revisit here to swap out the power or keep your previous one. Even when you find yourself in a world with different moon cycles, you will find that the skies viewed through the orrery still match Nirn’s and provide the correct insights and powers. "
200 CP,Strands Of Fate Are Meaningless,Game of Thrones,"This world shares a very important trait with your world that many others lack, the fact that death can be right around the corner and when your luck has run out and you’ve been surrounded it is the end. For this is the power you hold, anyone who you clash with has any protection from fate/plot armour removed and is thus forced to face you like a normal person with only their abilities. This is also applied to plans and such of yours which would normally fail due to the intervention of obscene luck or fate allowing you to be a threat to even the greatest heros."
200 CP,XL Extendable Ears ,Harry Potter Movie Series,"These large novelty ears function as a long distance listening device, by placing the bud
in your ear you can hear sounds from the novelty ear as if it were your actual ear
regardless of the distance between the ear and the bud."
200 CP,Prophecy Orb ,Harry Potter Movie Series,"At the start of each Jump this orb will light up and grant you a prophecy of your greatest
problem that is to occur within the Jump, in the form of a poetic riddle. The prophecy will give you notes on how best to prepare for the problem and potential solutions."
250 CP,Azimuth‘s Eye,Legacy of Kain,"Now this is an interesting one. This powerful item, appearing like a demonic red eye surrounded by a bit of leathery skin and set in a small metal rhombus, allows one to peer into other planes of existence and communicate with their inhabitants. Invaluable to summoners and scholars of alien realms alike. Be aware that the more powerful entities of such realms might also be capable of looking back."
300 CP,Crystal Ball ,Conan,"This is a mostly spherical chunk of crystal similar to the one used by Thoth-Amon. By concentrating on an individual or location, and focusing on the ball you can cause it to display that individual or location, showing you what is happening to them in real time."
300 CP,Twilight Mirror ,The Legend of Zelda,"A copy of the Twilight Mirror, which was once used to execute and imprison the worst criminals of Hyrule by casting them into the Twilight Realm. Yours is capable of transporting yourself to a similar, Twilight filled world you might use it as a prison like the ancient Hylians, or maybe you’ll find that it’s already inhabited if you decide to explore.."
300 CP,Green Dreams,A Song of Ice and Fire Jumpchain,You will occasionally dream entirely in green. These dreams are prophetic and of important events but are difficult to decipher. You can affect the prophesied future.
300 CP,Mirror Of Erised,Hogwarts Professor Jumpchain,"Shows not the reflection of the one in front of it but the deepest desire of the one looking at it. This version is safe to use.
"
300 CP,Orb of Vaermina,Elder Scrolls: Oblivion,"A powerful Daedric Artifact, the Orb of Vaermina in the right hands can be a powerful tool for plumbing the depths of dreaming minds, be they the user’s or the dreams of others; at times it has even been used for scrying. However, while it is a powerful tool for navigating the realms of dreams, "
300 CP,Spectrespecs ,Harry Potter Movie Series,"These magical 3D glasses known as Spectrespecs tend to make the wearer look like a
demented, multicoloured owl. Their true effect however is that they allow the user to
see the true outline of normally invisible or shapeshifted beings."
400 CP,Lens of Truth ,Hyrule Warriors,"A magical relic appearing as a purple mirror with red barbs sprouting from the top of its frame.  It has an incredibly potent ability to dispel illusions by revealing the truth, allowing it to easily dispel even powerful illusions.  Simply hold it up to what you believe is deceiving you. The Lens of Truth is also able to reveal other forms of deception, as it can make the invisible visible, or highlight camouflaged objects that blend in with everything else in their surroundings. "
400 CP,Ring of the Gray ,The Elder Scrolls,"A gold diamond ring once owned by the thief Daravyn the Gray, it certainly helped him during his tenure as a thief. It improves your acrobatics, lockpicking, marksmanship, stealth, and let's you detect any living creature within fifty feet of yourself."
400 CP,Seer,Harry Potter,"You are a true seer. You occasionally make correct
prophecies regarding those around you although you do
not remember them at first. You can also make correct,
useful, predictions in your day to day life through
Divination. Real seers are highly prized and celebrated."
400 CP,Palantír ,The Lord of the Rings: Twilight of the North,"Seven seeing stones were brought to Middle-earth after the downfall of Númenor, though many more had been made by Feanor, and one of them has somehow made its way to you. With this stone you can communicate with any of the others, and scry far off locations with ease. You are the master of this stone, and this one is special. Despite the size being that of one of the stones akin to those in Orthanc or Minas Ithil or Minas Anor, it is as strong as the lost chief stone from Osgiliath and can even see to Avallónë like the Elendil Stone. With effort, you can view backwards in time as well."
400 CP,Prophet,Middle-Earth - Shadow of War Jump,"You have prophetic abilities giving you an occasional, accurate glimpse of important future events. While these powers cannot be directed or focused your visions will always be pertinent. More commonly you have regular insight into the location of rare and unique relics and gear."
400 CP,"The Nice and Accurate Prophecies of Agnes Nutter, Witch ",Good Omens Jump,"Written by a witch in the 1650s, and only published because she wanted a copy, this book of prophecy is entirely accurate, yet so incredibly specific as to be all but useless except to very particular intended recipients at very specific times."
400 CP,Prediction ,Young Justice,"Some magic users are more supernaturally sensitive than others.
Like Madame Xanadu, you are capable of foreseeing the future with the aid of rituals.
Although, these rituals take time and are not always easy to interpret"
400 CP,"Prophetic Dreams, Visions, and Hallucinations ",The Mummy Trilogy,"For some reason, you keep having these strange, random flashes of insight- suddenly you might find yourself in a room as it was a thousand years ago, or you may see someone as they were in a past life. This can be disorienting at first, but it will also give you great insight into things that you wouldn’t normally know. Eventually, you might find a way to trigger them on purpose. "
400 CP,Sightless Eye ,Diablo 1&2,"The Sisterhood of the Sightless Eye takes its name from an ancient mirror that showed the future on its surface. A sacred object, the sisterhood learned from it how to develop their own 'Inner sight.' Far more limited in scope than the mirror, deep meditation allows for brief glimpses of future events that will most likely occur within a few day's time. When rushed or in combat, only a few second's foresight can be achieved, but even this is often just enough time to react to an attack that would have claimed a sister's life. 
"
400 CP,Madame Xanadu’s Crystal Ball,"DCeased 
","It’s a crystal ball. What do you think it does? The transparent sphere we speak of used to belong to Madame Xanadu, but she’s gone now. For the uninitiated, it tells the future. Luckily for you, this thing won’t need you to set up a tent and some tarot cards like old-fashioned stereotypes. It’s much better than the earlier precognition power, as even Metron, that guy who flies around in space on the Mobius Chair - the supreme scientist and inventor of New Genesis, would value it greatly. This thing can be used to scry the aforementioned centuries-long prophecies that short-term precogs can’t with no problem."
400 CP,They’re At The Elephant Graveyard,The Lion King ,"You have the ability to form empathic connections with people you care for. Combining this with your enhanced tracking skills, you can find anyone you are familiar with at the level of a close friend or charge. Those who you’ve formed a particularly strong bond with can even act as a beacon in times of stress, allowing you to find them all the more faster."
600 CP,Haedir Towers,Shadow of Mordor,"These might be called dark imitations of the Palantir by some, but they can grant sight once they have been claimed. Interacting with the fiery stone in the chamber atop them allows you to perceive through an eye-like blue flame above the tower. They allow you to locate lost secrets and memories of their environment’s past, with points of interest found through the eye being automatically marked on any map you are using if desired. While you will find these towers in the various regions of Mordor even without this purchase that you can purify and claim for yourself, paying for it here allows similar towers to be established within any territory you claim within the future. For one final advantage you can utilise to guard territory you have managed to claim, they allow you to instantly transport yourself between them so long as you are not in danger."
600 CP,Eye of Shangri-La,The Mummy,"The Eye of Shangri-La; a magnificent artifact that is said to lead to the fabled location. Although it could normally only be opened by the blood of the pure of heart, you can open this one yourself- the stone unfolding to reveal a diamond. Somehow, the diamond can be used to find Shangri-La, wherever you find yourself- a valley that can only be called a paradise to those who see it. By drinking the waters of Shangri-La, one can heal all wounds; those who bath in it become free of the ravages of time, becoming immortal, as well as becoming immune to disease."
600 CP,Crystal Mirror,My Little Pony,"This is a mirror to an alternate world, A world where everyone is a human and all the
Important characters go to high school. In every jump after which one You will be able to enter the mirror to go to an alternate world where anyone of note is in high school and the stakes are much lower. You will be able to spend one month every year in the alternate world before you get spit out. In the alternate world everyone will go about normal high school life with the social dynamics being roughly similar as to the normal world."
600 CP,Croydon's Compass ,Justice League Dark,"Made in the dirty thirties by a sadistic wizard the name of Angus Croydon.  Croydon was mostly known for squandering his power on arranging satanic orgies and cannibalistic rituals with England's blue-blood, but did manage to make this one legitimately powerful artifact:A large antique compass capable of pointing to each and every notable source of magic in the world.  Anyone in possession of it could be first on the scene of every mystical awakening and the first to dig up every artifact that's worth anything.  Though it'd be practically worthless in a world without magic, it's an artifact of immense value in this one. "
600 CP,Reading the threads,Xena - Hercules,"You have a sense of how fate binds things together. By observing a subject, you can gauge the strength and type of connections it has to others, such as recognizing that two people share True Love, that a man's fate is deeply tied to the weapon he carries, or even the link between a throne and a true king. This takes time, at least a few minutes of observation or conversation before you can suss out details. With a little more effort and a strong enough connection, you can even follow a thread to find the person/place/thing on the other end."
600 CP,Dreamer ,Dragon Age,"A dreamer is a mage capable of mentally entering the Fade at will, without the aid of lyrium or blood magic. This is an innate skill one is born with, and not something that can just be taught. A talented dreamer can shape the Fade and affect the dreams of sleeping people, killing or driving them mad. Some dreamers can dream in forgotten ruins to uncover secrets long forgotten by witnessing spirits re-enact the history of a place. Admittedly though, the account of the dream may be biased depending on whose perspective the spirit chooses to emulate. However, dreamers attract demons and most prove too frail of mind to survive a demonic possession. As a result, dreamers are rare, with human dreamers being even more rare than elven ones."
600 CP,Jumper in the Mirror,Charmed,"Turns out there are other worlds out there. Please, suppress your shock Jumper, I am well aware this isn’t news to you, but the world in question is one with a special relationship with this world. This alternate world is flipped morally from the world you live in.  What is Good is Evil and Evil is Good. Demons of Fear and Hate are here Demons of Hope and Love. And from this world comes a version of your: Evil where you are Good (although if you are Neutral then so are they) with your mirror-image Race. If you are a Witch, they will be a Warlock, if you are a Whitelighter, they’ll be a Darklighter and so on. Your Mirror-self may or may not have a goatee. Yes, even if you are a woman.                                                                                                                                                              "
800 CP,Eye of Agamotto ,Ultimate Marvel,"A powerful and valued artifact that has many functions. Using the Eye, can see through any lie, deception, or illusion, send the eye out at light speed to intercept and absorb massive amounts of any type of energy and free others who are trapped in their own illusions. It is often used to amplify the mind's eye, giving psychic abilities that rival the most powerful of telepaths. It is also often used to playback an area's past events, lift beings weighing thousands of pounds into the air telekinetically, open dimensional portals, as well as place beings in suspended animation. The Eye can track beings by their psychic or magical emissions. The light is given off by the Eye also weakens a variety of evil mystical beings, such as demons, devils, undead beings, dark extra-dimensional entities, and even sufficiently corrupt human practitioners of dark magic."