0 CP,Horse Riding,The Witcher Video Games Jump,­You can ride a horse proficiently.Horses will trust you more easily.
100 CP,Tradecraft Skill,ASOIAF - Game Of Thrones ,"You have skills in a mundane trade of your choice which someone of Planetos of your political standing, geographic location and time could conceivably learn. This includes being a Myrrish glassmaker, a carpenter, a brewer or other such trades. 
"
100 CP,Frey Pies,ASOIAF - Game Of Thrones ,"You are a world class chef capable of making any material taste delicious, and masking any flavour. Literally any flavour. 
"
100 CP,Bard,The Witcher Novels,"At courts of kings lies and blood flow alike. With the talent to charmingly weave words in pleasant flatteries and convincing half-truths, mask taunts as innocent remarks and make fun of brutish opponent you can be considered one of the most interesting courtiers. Why duel with sharp sticks when you can destroy your opponent with your no less sharp wit? This talent also give a great affinity and natural skill for poetry, music, singing, and - as many beauties can confirm - something else, which while not openly spoken of in higher society can only increase your popularity. Try to be careful in your conquests, otherwise the crowd of angry husbands will become quite inconvenient."
100 CP,Dandelion,The Witcher Novels," He is a poet, minstrel, bard and Geralt's best friend. Some of his more famous ballads were about the relationship between Geralt and Yennefer. By the time of the saga he was already in his 40's though it was said that he looked like he was in his 30's and was often mistaken for an elf. He accompanies Geralt in many of his (mis)adventures and ends up joining his hansa while searching for Ciri but left it before the deadly assault on Stygga. He would later rejoin Geralt and witness his and Yennefer's death at Rivia. In your case, he’s perfectly willing to chronicle your journeys through the cosmos, to tell tale of your, admittedly flourished, achievements"
100 CP,Dragonhide Jacket ,Harry Potter ,A Jacket made of dragon-hide that reflects minor spells and it resizes to fit you. Also makes you look pretty cool. 
100 CP,Mokeskin Pouch,Harry Potter ,A pouch that can only be opened by the owner. There is cache of rounds as well as a good place to hide them. as much space inside for storage as there
100 CP,"Elven Grace",Lord of the Rings,"You possess the famed grace and skill of the Elves of Middle-Earth. Your movements are a bit more graceful, your music a bit more pleasing, and your voice a bit more soothing. You are more effective in diplomacy, are gifted in artistic endeavors, and your dexterity and balance are improved."
100 CP,Black Coat,Kingdom Hearts ,"A hooded black long coat with a huge zipper down the length of it. Strangely this unassuming coat is completely immune to the effects of darkness and corruption, allowing the wearer to travel through normally inhospitable areas with a good deal more protection than they might otherwise have had. Inexplicably hides your features under the hoods shadow unless particularly inhuman (long tails, large wings, enormous snouts, giant demon horns, etc). Do note that while the coat is completely immune it won’t have any effect on corruption that gets past it somehow. Comes with free black gloves, pants, undershirt and shoes (normal shoes or almost knee high boots, your choice) that provide the same protection while worn under the coat, but aren’t needed to gain the protection."
100 CP,Talented,Ursines' Buffy the Vampire Slayer Jump,"Maybe you are an expert in art, or you play in a rock band. Maybe you are a teacher with a talent for inspiring your students. Whatever the specifics, you are naturally talented, well trained and highly knowledgeable in a mundane skill of some sort. This perk can be purchased multiple times, additional purchases are discounted."
100 CP,Musical Skill,ASOIAF - Game Of Thrones ,"The art of Song and Instruments, one you're quite talented at, to the point that many would compare your skill to the late Prince Rhaegar Targaryen. Weaving new songs and music comes as easy to you as winning the hearts and minds of your audience and you'll find that you seem to never run out of inspiration; drawing ideas from your experiences and environment. To think, with this alone you could indeed make quite a lot of coin; though do be careful, not every King or Lord enjoys a good song. 
"
100 CP,Traveller’s Hospitality ,ASOIAF - Game Of Thrones ,"A hearth to rest one’s feet at, and a table to eat and drink at, something we all desire and something many travellers don’t always get, is something you can get with ease. You have a bit of an aura that makes people open their doors to allow you to stay and rest for a bit so long as you aren’t a problem. Of course this can always be undone if you’re a monster who rapes and pillages his/her way across nations but then why would you be looking for fellowship? 
"
100 CP,Way of the Land ,ASOIAF - Game Of Thrones ,"As wanderers move they pick up knowledge of the lands they visit and now so do you. Whenever you take a jump you immediately gain a basic understanding of the world’s history and languages as well as the important figures with it. 
"
100 CP,"A Pouch of Golden Coins

",A Song of Ice and Fire Jumpchain,Around 100 Golden Dragons worth. May be taken multiple times if you have the points
100 CP,Story Book,ASOIAF/GOT Hedge Knights Jumpchain,You get a book that details your adventures. Said book not only shows past Jumps and the current Jump but it also gains a new chapter every time you complete a Jump. It also never runs out of pages. While it has little actual use it makes for a nice souvenir. 
100 CP,Hollywood Hot,Ursines' Buffy the Vampire Slayer Jump,"You are exceptionally attractive, even by Hollywood standards. You don't even need all that time with makeup and airbrushing, you naturally look like you spent hours being made up by professionals, which might come in handy if for some reason mirrors don't work for you. Specifics are up to you, but no matter what, you look damn good."
100 CP,Talented,Ursines' Buffy the Vampire Slayer Jump,"Maybe you are an expert in art, or you play in a rock band. Maybe you are a teacher with a talent for inspiring your students. Whatever the specifics, you are naturally talented, well trained and highly knowledgeable in a mundane skill of some sort. This perk can be purchased multiple times, additional purchases are discounted."
100 CP,A Friendly Ear ,Dragon Age Inquisition,"You’re a good listener, a really good listener. People feel inclined to talk to you about their problems and woes, particularly those problems that are stressful or could be described as gossip. Attempting to steer the conversation toward a specific topic may or may not work, but every time you employ this skill the conversation you have will contain information of note."
100 CP,Weatherward Circlet ,Elder Scrolls: Oblivion,"An enchanted ring, once carried by the same traveller that wieldedDebaser.It has an inscription in an unknown language along its band and offers substantial protection from both heat and cold- including fire and ice magic- making it an excellent ring for travelers looking to make long journeys. Not Cursed. "
100 CP,The Black Horse Courier,Elder Scrolls: Oblivion,"Get your copy of the Black Horse Courier! This is the only newspaper available in the province and is funded by the Elder Council making it available free of charge to citizens. None of these newspapers are particularly hard to get your hands on. Couriers are likely to give you a copy regularly. There’s an extremely high chance that new issues will be about you. You are now a regular focus of the news being delivered to the province. Your exploits (whether or not the journalists can specifically attribute them to you) will be showcased and talked about by people all over.  This can be an excellent way to archive your adventures – though the news is sometimes guilty of not having all the facts right.  While this may not function the same in other realms, you’ll continue to see your deeds immortalized in print.  "
100 CP,Quick Friendship,Elder Scrolls: Oblivion,"The land of Skyrim is cold and unforgiving, and only a few Holds are very good for harvest. And yet, the Nords are generally jolly people (as long as you don’t piss them off), and quite honourable too. Perhaps this is why, or maybe there’s some other reason behind it, but you find it quite easy to befriend people. Outside of just striking up an interesting conversation, whenever you do a favour for someone, their opinion of you will rise a bit more than it otherwise might, letting you forge a lifelong friendship with people by just helping them with a few problems. When the land is cold, the least you can do is help the hearth stay warm. 
"
100 CP,Iron Stomach,Pirates of Dark Water,"You have a voracious appetite that allows you to eat pretty much anything without suffering any ill effects—you could eat food that is off, rotten or even poisoned and the worst that would happen is a little bit of gas. Your prodigious stomach can digest and glean nutrients from basically anything. Even things that aren’t traditionally considered “food” are now on the table, so to speak. Careful not to break your teeth."
100 CP,Deathmask,Warhammer - Tomb Kings,"For your burial, an ornate, full face mask was created. Fitted perfectly to you and crafted with the most incredible skill, this mask looks like you if you were even more beautiful then you truly are. From porcelain, gold and other valuable materials, it was enchanted with magic to act and move as if it were your real face. A minor addition at the time but a surprise boon in your current state, as it allows you to take on the appearance of being truly alive, even if under the mask you are as bony as ever."
100 CP,Magic Cooking Pot,The Legend of Zelda Breath of the Wild,"A simple iron pan, that can magically light a fire underneath itself when set up. Even when off of a fire, it will heat items placed in it to the desired temperature. All meals and elixirs cooked on it will receive a boost in quality, and can provide a variety of beneficial effects, depending on the ingredients used. Magically provides a comfortable temperature nearby when in use.
"
100 CP,Extradimensional Pub,Marvel: What If.. ,"Whether or not it’s something of a metaphor, this strangely familiar and welcoming place now belongs to you. It’s best not to try leaving without some sort of safe dimensional travel unless you want to get dragged into swirling yellow and black oblivion, but fortunately, the purchase of this Item provides this capacity, though only to and from the Pub. It might be a nice place to meet up with friends or hold gatherings of new allies."
100 CP,Endless Mug,Marvel: What If.. ,"It never runs out, you try to drink it all but you can’t because it’s MAGIC! This doesn’t need to be alcoholic and can instead provide a supply of another mundane drink, such as endless chocolate milkshake. Should you get tired of one drink, all you need to do is deliberately pour it out with the intention of emptying it and think of your new preference the next time you pick it up with the intention to drink from it."
100 CP,Acting Skills,Harley Quinn Jump,Did you used to be an actor? You certainly seem to have the  skills to be a Hollywood Movie star. That is even if you were ugly.
200 CP,Designated Love Interest,Dragon Age Inquisition,"People find you interesting. Very interesting. Wherever you go you will have no shortage or romantic suitors and interested parties. You’ll still need to put for effort to capitalize on this interest and turn it into something more than infatuation, but you’ll find it easy to do so."
200 CP,Brush of Truepaint ,The Elder Scrolls,"One of the incredibly rare Aedric Artifacts, this paintbrush is said to have been fashioned from Dibella's own hair. The brush allows the wielder to enter a painting canvas and create things simply by painting them, even living creatures like trolls."
200 CP,Riddles in the Dark,The Hobbit,"You are naturally talented with games of intellect and puzzles. Whether it's playing riddles in the dark against a sinister creature or coming up with clever ways to avoid telling a dragon who you are, you can match their wits and come up with ingenious answers to even the trickiest games."
200 CP,Five Points Will Be Awarded To Each Of You For Sheer Dumb Luck,Hogwarts Professor Jumpchain,"Substantial boost in your general Luck, not nearly as much as Felix Felicis but this is permanent.
"
200 CP,Bentley,Good Omens Jump,"A very comfortable older car that remains competitive. Remarkably tough, and the radio
lets you hear demonic and other secret transmissions. However, any tapes left in the car will over time turn into Queen albums."
200 CP,Ozzy Summoning Orb,Little Nicky,"The Crown Prince of Darkness is, surprisingly, not one of the  spawn of Satan. He isn’t even aligned with Hell in the slightest. No, Ozzy is, in fact, heaven  bound. And while he hasn’t died yet, he has chosen to earn a few brownie points by helping  out the big man upstairs whenever there’s a need. Now you hold the method for summoning  the rock legend himself. Just throw this orb on the ground and he will appear in a puff of  white smoke while wearing white robes. He’ll assist you for a short while in whatever problems  you have with all the energy and ability at his disposal. Which is enough to bite the head off  a son of Satan and make it work. If you just want to party with him, he’ll be down for that too.  Just make sure you’ve got enough drugs to keep him happy.  "
200 CP,Poisoned Hone,Elder Scrolls: Skyrim,"That’s exactly what your words are, you have a certain roguelike charisma surrounding you. You’ve a way with words that few have and can easily talk your way through guards and thugs, or convince people to accept deals that favor you.  Naturally using this right will make you a very popular man or woman and can result in some nice connections. As a bonus you’ve also got a wonderful singing voice. 
"
200 CP,Wonder at Mysteries,Minecraft,"The world is a large place, and you’re likely to see much more of it. With this Perk you’ll never experience the ennui that makes such events become dull to you. You will also be granted the ability to comprehend the workings of how things work when you see them, allowing you to more easily reverse-engineer them so you might bring a piece of that wonder with you."
200 CP,Underground Navigation,Warhammer Fantasy: Dwarfs,"You never get lost when navigating tunnels, can easily map out any tunnels you have explored in a way that is understandable to others who lack your familiarity, and have no problems interpreting maps or instructions left by others."
200 CP,Troupe of Players,Dragonheart,"A travelling troupe of actors, along with their wagons. They are decently skilled and include a playwright who will write plays for them. Besides being more than willing to play for their supper, they are very loyal to you, and when they put on a show it will be more distracting than it should be. It might not draw massive crowds, but it will attract more of the attention of people who can see or hear it than you would normally expect."
200 CP,Casanova,Young Justice,"Zatanna, Batgirl, Rocket. What do they have in common besides being powerful, intelligent, and beautiful women? Nightwing has been with them. He is quite a dog. A real ladies' man. And now, so are you. You seem to have a charm that attracts your preferred gender(s) the same way Dick Grayson does."
200 CP,It’ll taste fine all the same,Harry Potter - Movie Series,"You are a damn good cook and anything you make will taste good and remain unspoiled even if it goes through less than sanitary storage conditions, so no need to worry about food poisoning."
200 CP,I'm sure Harry's kissing was more than satisfactory,Harry Potter Movie Series,Through this Perk you become an incredible kisser as you have both the knowledge of kissing techniques as well as other types of physical romance. Additionally you can boost the pleasure reactions caused when you touch others in any way.
200 CP,Piper’s Instrument ,"DCeased","A musical instrument of your choice. It’s very well made, and playing it has hypnotic qualities, allowing the musician to mentally control rats. It can also amplify sound to destructive levels, close but not quite the sonic blasts of Black Canary. I’d suggest taking something portable that you can run around while playing, instead of something big and bulky like a tuba or cello."
400 CP,Veela-Blood ,Harry Potter,"You have a Veela grandparent. You are exceptionally
attractive and may occasionally charm members of the
opposite gender who will find themselves desperate to
impress you."
400 CP,Writ of Safe Passage,Warhammer Fantasy: High Elf,"To twist the world to your design, you must often travel. A personal look, or visit, always makes a better impression than an envoy after all. And yet, those are some hostile looking natives there... Never fear, bear this scroll upon your person and, no matter how much those that would accost you may not like it, they’ll be forced to let you alone. However, A, if you attack them the writ is revoked. B, the writ only affects sapient creatures. C, Chaos and Chaos-equivalent “all- hating” entities are also unaffected."
400 CP,Boots of Springheel Jak ,The Elder Scrolls,"To an ordinary onlooker, these would just be a fine pair of leather boots. To the wearer? These will allow you to leap up to twenty feet in the air, and make you immune to fall damage. Additionally, it increases your skill in acrobatics in order to make the most of these abilities."
400 CP,Masque of Clavicus Vile ,The Elder Scrolls,"A Daedric Artifact of Clavicus Vile, Daedric Prince of Trickery, this metallic helmet is useful for the sweet talkers of Tamriel. When wearing this, you will find yourself to be extremely persuasive and skilled at bartering. You could literally talk a poor man out of all of his worldly possessions."
400 CP,The Wayfinder,Star Wars,"This device will point the way toward caches of lost or forgotten lore or artifacts leading you what could be an amazing journey. Once you’ve found a location using this device, you can re-attune it to lead you back with a moment of effort, then it will begin to point a new source. "
400 CP,Flying Motorcycle ,Harry Potter Movie Series,"You may select between a white 1959 Triumph 650 T 120 Bonneville or a light blue Royal Enfield with optional sidecar. This motorcycle is enchanted to fly up to 300 MPH, automatically resize itself to match whoever is riding it and has a protective barrier around it in order to keep an atmospheric shell around you, protecting you from the  G-Forces of flight and even in the void of space."
400 CP,Lasso of Truth,Harley Quinn Jump,An exact replica of Wonder Woman’s primary tool and weapon; a magical golden lariat that forces anyone captured within it to obey the wielder's commands and tell the truth. Can be used to dispel mind control.
400 CP,Bard's College ,TES: Rogue,"All those who desire to walk the path of the bard must start their
journey somewhere, and there are fewer places better than this illustrious college. A place for learning how to sing, play instruments, write songs and poems, and much more. It houses an impressive library focused mainly on the historical side, though you will find many plays, poems and sagas within. Any who wish to learn any of these fine arts will find their progress greatly improved."
400 CP,Ring of Moon-and-Star ,TES: First Council,"The legendary ring of Indoril Nerevar, said to have been crafted by dwemer and blessed by Azura. It will improve the charisma and speechcraft of any who are wearing it, and will kill anyone who wears it but its true owner and anyone else they willingly allow."
50 CP,Map and Compass ,Legend of Zelda: A Link to the Past,"Something like these should be a part of any adventurers kit, if only so that you know where you are.  This map of Hyrule has a very minor enchantment woven over it to help you navigate.  Specifically, the map always show a simple image of your face in estimation of a ‘You are here’ sign.  Secondly, it will do the same thing for the locations of things you are currently seeking out.  A sword floating over the Lost Woods, a pendant over the Desert Palace, so on and so forth.  Of note is the fact that the map will update itself slightly - head to another country and suddenly the map is of that land.  Simple but useful, no?"
50 CP,Lute,Frozen,A traditional music instrument. You’re not very good at using it yet but you know how to play at least a few songs on it. It also makes for a pretty good club and won’t break even if you’re using it to beat down a pack of wolves.
50 CP,Deluminator,Harry Potter - Magic,"Magically extinguishes nearby light sources, and can then restore them/ "
500 CP,Lux,Lucifer,"A large, extravagant nightclub guaranteed to be filled every night and staffed by completely loyal workers who are incredibly skilled at their respective jobs. This nightclub comes with a large penthouse suite and is guaranteed to bring in loads of cash if kept in the real world and no will question its presence.  It also has plenty of empty rooms you can use to house allies or for other purposes. And you get your own Maze."
500 CP,The Cosmic Key,He-Man,"This portable cylinder is covered with buttons which when pressed emit certain tones. When a particular melody is played, the Key will open a portal that will allow you to teleport to the corresponding location bypassing any and all wards, shields barriers or other defenses or even into another time-space merging with your younger selves. Of course you have to know what melody to play, and the device doesn't have an instruction manual. One nice feature, it has a home key that will return you to the planet/general starting location of whatever universeyou happen to be in."
500 CP,Green and Yellow Rings,The Magician's Nephew ,"A set of green and yellow rings, which allow one to enter the Wood between the Worlds and leave there for any number of worlds. You have a set of each and what worlds can be accessed from the woods is unknown"
500 CP,Magic Bag,Harry Potter Movie Series,This wonderful bag seems to have an infinite space within it that can store anything inside. Should you want to retrieve Items you can do so by putting your hand into the bag with intent to pull a specific Item out. No other may retrieve Items from this bag. You can also connect this to your warehouse in order to access the Items stored within as if they were in the bag.
600 CP,The Ocarina of Time ,Legend of Zelda: Ocarina of Time,"A unique instrument, the Ocarina of Time is one of the vital keys to opening the Door of Time and accessing the Sacred Realm.  For this reason alone it is quite a treasure of the Royal Family - but even beyond that, you’ll find that magical music played upon this Ocarina is enhanced greatly, to the point of being able to turn day to night with a song usually meant to summon the light of the Sun for a brief moment. "
600 CP, Horn ,Teen Titans,"It's judgment day for your enemies. You have a horn (the instrument) which can create portals anywhere, including to other dimensions. This is pretty simple, but absurdly powerful. Not only do the portals allow you to go anywhere, but they can actively suck things in if you wish, with such power that even a being as strong as the dread dragon Malchior would be unable to resist its pull and be sucked away, likely never to be seen again. The one weakness is that you actually have to blow the horn to summon the portals, so if the horn got blocked or gunked up it would be rendered temporarily useless.
"
400 CP,Debt To Society,Elder Scrolls: Morroblivion,"As long as you can find a lawman to give money to, you can totally absolve yourself in the eyes of the law for any crime committed. Victims may still be miffed."
200 CP,Training,Elder Scrolls: Skyrim,"As long as you're willing to pay and know someone who has the ability, they'll be able to get you up to their level bizarrely quickly. Becomes exponentially more expensive as you improve."
600 CP,Keyblade,Kingdom Hearts,"The day you will open the door is both far off and very near. The closer you get to light, the greater your shadow becomes. But don’t be afraid. And don’t forget... You hold the mightiest weapon of all. So don’t forget. You are the one who will open the door. You are one of the few chosen to wield one of the legendary Keyblades, a fanciful weapon capable of cutting regardless of its apparent suitability as a weapon, and possessing many unique powers. Keyblades can open most mundane locks, and a good deal of magical locks too. They also act as a magical focus in place of other such items, and can boost the power of spells cast with it - some are better at this than others however. A Keyblade can be summoned into your empty hands with a flash of light, or can be called upon to temporarily replace the weapon you’re holding, which returns to your hands when you dismiss the Keyblade. Your Keyblade may even have the potential to transform, but it would require intense study under a master who knows how to accomplish it; you won’t be learning how to do so on your own. Once you’ve trained with your Keyblade you’ll be able to pull off some crazy moves like Sonic Raid, or maybe even your own version of Ars Arcanum."
600 CP,Multiversal Travel,Dr Strange Multiverse of Madness,"This is the power that everyone is after, the ability to freely the multiverse. This gives you the power to create star shaped portals to other universes. You also can use this energy to enhance yourself. For example when America channeled the energy she was capable of matching Scarlet Witch temporarily and injured her. This energy can also be used as a powerful attack capable of cutting through space. There are few beings capable of surviving a blow like this. Lastly you will start out with proficient control over your abilities. You will be capable of opening and closing the portals at will to your targets. The power will be limited to your local multiverse however until you acquire your spark. At this point you will gain the ability to travel anywhere in the Omniverse."
600 CP,Space Gem,Marvel Cosmic,"Now to the last of the Infinity Stones/Gems. The Space Gem gives its wielder the ability to manipulate space as they see fit. Teleport anywhere they desire, go as fast as they wish, manipulate gravity, and even create black holes. The stone can even manipulate the distances between objects and other normally physically impossible things. The feedback circuit sees it empowered by the Power Stone and it further empowers the Time Stone. Is usually blue or purple. You gain the ability to use Infinity Stones directly and can do safely"