0 CP,Trinket,Cabin In The Woods,A little trinket or toy of your design. When someone completes a specific action with it you’ll know about it as well as their location.
0 CP,Vanguard Plate Armour Set,Darkspawn Chroncles Gauntlet,"A set of plate armour made from veridium, in the style of the Darkspawn. It offers excellent defensive bonuses which will increase your survivability."
0 CP,Darkspawn Longsword,Darkspawn Chroncles Gauntlet,"This crude, savage-looking blade has been tainted by the touch of its wielder."
0 CP,Potions Bag,Dishonoured  1,A bag that contains 3 of Sokolov’s elixir and Piero’s spiritual remedies each. The elixirs heal the body while the remedies heal the mind. Replenishes weekly.
100 CP,The Heart,Dishonoured  1,"A copy of the one given to Corvo by the outsider. Like the original, it will beat fast when pointed at supernatural objects. Squeezing it causes it to whisper secrets of the area you’re in into your mind. If it’s pointed at someone while squeezed, it will reveal their secrets to you."
100 CP,Overseer Music Box ,Dishonoured  1,"This musicbox when played will disrupt the magical abilities of those Marked by the Outsider. Since that includes you as a bonus it won’t affect you now. On future jumps, when played will disrupt the concentration of those who use magic, causing them to mess up. Effects end when the music box is no longer played."
100 CP,Ritual Components,Doom Eternal,"To prolong suffering is the nature of Hell. To cause suffering is to declare your loyalty for it. It is fortunate that so many worlds feed their resources and their people to us, for we will have greater use than they ever will. You will get a regular supply of blood, bone, and corpses to utilize in necromantic rituals, and a book of rituals so that you may place down wards or create horrific doors. Use everything you can."
400 CP,Hell Barge,Doom Eternal,"As disorganized as Hell’s armies are thanks to their innumerable minions, there is still a level of coordination required. This coordination cannot use normal methods for such forces, and thus the Hell Barge was created. A slave Titan carrying a small palace atop their shoulders, a commanding demon could gauge much from their vantage point and psionically direct their minions to increase their battle effectiveness and reduce chances of infighting. It is also extremely durable, with enemies needing to sever the psychokinetic link from the commander to the titan in order to neutralize it. Try not to make it easy for them."
600 CP,Darkhold ,Dr Strange: In the Multiverse of Madness by Sentry342,"The Darkhold, also known as the Book of Sins, was a book of spells created by Chthon the First Demon. This book has two main powers. First, the book is said to contain infinite knowledge. Spells, formula, advanced technology and numerous other examples of invaluable knowledge are within this book. Second, the book amplifies the user&#39;s magic. While using the book, Scarlet Witch was capable of easily overpowering Strange and a number of other sorcerers at the same time. Since you are paying CP for this, you will be immune to its corruptive effects and gain access to the entirety of its knowledge as soon as you acquire it. You may also gain a third eye like Dr. Strange to represent the boosted power you have obtained."
200 CP,Profane Idol ,Generic Lovecraftian Film,"This statue(tte) is a representation of you. Besides the vanity of it all, it is a representation of you. It acts as a sort of proxy for yourself; to look at it is to look at you, to be in its presence is to be in your presence, and you may even concentrate to move your consciousness into it though this will not animate it. It is however only a proxy of yourself, effects applied by seeing you or being in your presence are weakened through it, and while you can perceive through it and project mental or spiritual powers through it they will likewise be weakened when transmitted in this way."
400 CP,Elder Sign Talisman,Generic Lovecraftian Film,"This is a small talisman worn around the neck and bearing the Elder Sign. Reinforced by powerful warding magic, this talisman has strong protective qualities. Hostile magic cannot affect you as long as you wear it, creatures from other realities are repulsed by it unable to touch you or it, and corruptive forces cannot affect you when you wear it. However it does have only so much power, the more powerful the being or magic it holds back the faster this power will drain, and eventually it will shut down temporarily until it manages to recharge itself."
100 CP,Stylish Robes,Hellboy (Cinematic) JumpChain,"A stylish set of robes that practically radiate a feeling of occult strangeness. They also have the ability to change shape, taking on the appearance of other clothing items such as suits, including items like sunglasses."
600 CP,Wabbajack,TES: Daedea,"As befits the Prince of Madness, this magical staff is unique. Just like the Mad God who made it, its effects are impossible to predict. It may shoot a fireball,turn the target into a chicken or dragon, heal them of all wounds, make them explode in a shower of gold and sweetrolls, or an infinite number of possibilities. I'm sure you'll have a lot of fun with this."
600 CP,Skeleton Key ,TES: Daedea,"By far Nocturnal's most well known and sought after artifact. The Skeleton Key can open any lock, be it mundane or magical. You can also use it to relock stuff once you're done. Should you channel enough magicka into it, you could even unlock a person's latent potential."
400 CP,Cowl of Nocturnal ,TES: Daedea,"An artifact associated with stealth and secrecy, it is the greatest tool for any thief. While wearing it, to all others you will simply become the Gray Fox, a legendary thief. None will be able to tell what your actual identity is, even if you were to take it off right in front of somebody. It will also increase the wearer’s ability to sneak around, long falls will not harm them as much, and they will be able to detect life around them in a radius of fifty feet."
200 CP,The Bow of Shadows,TES: Daedea,"A bow made from shadow, it was gifted to a legendary ranger, Raerlas Ghile, who had unfortunately failed in his mission. This bow will allow arrows to fly faster than ever before, is easier to pull back, and will temporarily render the user invisible."
100 CP,Eye of Nocturnal,TES: Daedea,"A black and red orb the size of a man’s head, it is highly valued by Nocturnal for sentimental reasons. By activating it, this orb can envelop an entire area in darkness, making it difficult to see."
600 CP,Oghma Infinium ,TES: Daedea,"An ancient tome of knowledge written by Xarxes, the wizard sage and scribe also known as ""The Ageless One."" Upon reading it, you gain the eldritch knowledge of one of the three paths of Shadow, Spirit, or Steel. Each person may only be affected by this artifact once, as more than that can and have driven men to madness. Still, many who have read it have achieved near demi-god capabilities."
400 CP,Black Books,TES: Daedea,"These eight books are tomes of esoteric knowledge with a special property to them. By reading them, you will be taken to an island within the realm of Apocrypha, and subjected to a test. What this test is differs from book to book, ranging from complex puzzles to a gauntlet of combat. If you die in the books, you will be returned to the real world unharmed, but should you succeed you will be granted powerful abilities."
400 CP,Masque of Clavicus Vile,TES: Daedea,"A metallic mask that has undergone numerous changes, often to best suit the current wearer. When wearing this, you will find yourself to be extremely persuasive and skilled at bartering. It would be quite possible for you to talk a poor man out of all of his worldly possessions."
100 CP,Rueful Axe ,TES: Daedea,"A silver axe with engravings of a wolf created by the Daedric Prince of Bargains, Clavicus Vile. A father learned of his daughter being afflicted with lycanthropy and begged the Prince for a cure. Clavicus gave him this silver axe. It will drain away the stamina of the target, replenishing the user's."
400 CP,Spear of Bitter Mercy,TES: Daedea,"A mighty spear, daedric in origin and passed around by the many Princes, or perhaps there are actually multiple copies? Regardless, this mighty weapon certainly lives up to its name. When the target is wounded by the spear, all methods of healing it will be heavily stunted. Not even healing magics would be able to heal it, forcing the target to wait for it to heal naturally, if it ever could. Secondly, it is capable of striking at the target’s very soul, should the wielder desire it. Theoretically, it could even slay a Daedric Prince."
100 CP,Helm of Iron and Blood,Warhammer Fantasy - Warriors of Chaos,"This helmet has been seen on the heads of many Champions of Khorne, constantly being taken and worn as a trophy by other champions when the owner was killed. As it was passed along, it seemed to gather a curious effect. Those that wear their helmet are able to artificially inflate their rage, becoming immensely furious over absolutely nothing. The helmet is of good construction, and if the wearer has a set of Chaos Armor on when it is first donned, the helmet will take up the durability and traits of Chaos Armor when put on. Otherwise it is simply a fine helmet. The Helm sports a pair of sharp, massive horns which can literally be used to gore enemies like a bull."
100 CP,Irresistible Jewelry,Warhammer Fantasy - Warriors of Chaos,"This box of jewelry has perhaps some of the most high-quality necklaces and rings that you’ve ever seen, and they will quickly prove to be very popular at social gatherings and high-class occasions. They give you an air of confidence and presence that makes you very prominent socially, allowing you to tempt and manipulate others with the aid of their subtle effect."
200 CP,Chaos Weapon,Warhammer Fantasy - Warriors of Chaos,"Chaos Weapons are usually bladed weapons of some form that have either been awarded to an exceptional servant of the Chaos Gods or have been (un)naturally created through continuous contact with the energies of Chaos. Ranged Chaos Weapons do exist, but the Chaos Gods normally look down on cowardly ranged combat so weapons of that type are exceptionally rare. Chaos Weapons are certainly dangerous, but they are essentially a lesser form of a proper Daemon Weapon and are usually awarded to the lesser servants of Chaos, as opposed to their great Champions. They are unnaturally powerful, but they will not strike horror and awe like Daemon Weapons do."
200 CP,Banner of Rage,Warhammer Fantasy - Warriors of Chaos,"This banner is inscribed with daemonic words and the sigils of Khorne, and all who look upon it feel their inner rage flaring wildly, driving them into furious killing should even the smallest excuse present itself. This is extremely useful for warding away cowardice within the ranks and is considered a holy item by most servants of Khorne, so those willing to carry it into battle are treated with great respect."
200 CP,Tome of Secrets ,Warhammer Fantasy - Warriors of Chaos,"This journal looks completely unassuming at first glance, but when one looks inside they will find that no matter how many pages they turn, the journal will simply have more pages available, the texts on those pages perfectly preserved regardless of the conditions. This will make an excellent place to write down information you keep to keep but also remain private, for if any who are not welcome attempt to take or open the book will be on the receiving end of a powerful blast of magic that will likely take off their hands and arms. The book will also magically notify you that an intruder is attempting to steal your precious secrets."
200 CP,Artist’s Tools ,Warhammer Fantasy - Warriors of Chaos,"This set of paintbrushes and sculpting tools are simply perfect for their mundane uses, but they have a use beyond mere tools to create art. You can use them to literally remake the appearance of others by magically changing the flesh how you please. Under your touch, the ugly would become astonishingly beautiful, and the entire process is so pleasurable that others might ask you to change them purely for how it feels."
400 CP,The Collar of Khorne,Warhammer Fantasy - Warriors of Chaos,"This spiked collar is worn only by the greatest champions of Khorne and his many Daemons. Khorne’s immense hatred of magic is reflected in this collar, which protects the wearer against ANY spells that aren’t impressively strong or are cast by a weak-willed mage. This is not complete immunity, but you may stride much more confidently into battle knowing that underhanded tricks are of no concern. Normally, these collars are impossible to remove, but this one is able to be unclasped and removed if you desire."
400 CP,Talisman of Tzeentch,Warhammer Fantasy - Warriors of Chaos,"This silver amulet with a large blue gem allows Tzeentch’s Sorcerers to magically store some of the Winds of Magic to be used at the Sorcerer’s discretion, rather than rely on the whims of the Winds for the magical energy that they need. This special pendant is made specially for you, and it can store ANY kind of magical energy to be used whenever you desire. You can utilize some of the stored energy as fuel for spells or use them for some other nefarious purpose, but there seems to be no upper limit on how much can be stored. You may import another piece of jewelry if you wish."
400 CP,The Jade Idol,Warhammer Fantasy - Warriors of Chaos,"This is a small statuette of an androgynous individual, covering their chest and groin with their arms. It seems like a small conversation starter and nothing more, but it is more than that underneath the surface. When placed in a dwelling, such as a church or bar, regulars will over the course of a few days feel an odd excitement stir in themselves. Their repressed desires will become harder to stop and eventually all will gather not for what they originally planned to do, but to release these strong despires. Even if it is done in secret, occupants will eventually drop all pretenses and party, potentially creating a Slaaneshi cult over the course of a few days. The new club will simply acknowledge you as their new leader and allow you to indulge yourself with them as the master."