0,,Cost,Name,Jumpchain,Description,PERKS,COVER,78
,,,,,,,,
,,25,Medjed,Fate/Legends: Oasis of Fantasy ,"A clean white coat with two blank eyes printed on the front. Some might say you’re just wearing a bed sheet but it truly is of the finest egyptian cotton. That doesn’t exclude it from being a bed sheet? Well, at least it looks good. No one will be able to tell who or what you are under the cloak. Unless they look at your feet. Sadly, there wasn’t enough material to make a sheet that covered below your mid thighs. Maybe if you squat, it’ll be the perfect disguise. Buy it twice and you’ll get enough for all your friends too.",,,
,,50,Faerie Drip,Fate - The Island of Sin,"Faeries may be awful, but their taste in clothing isn’t. This gives you a closet that contains copies of all of the clothing ever seen in the entire British Lostbelt.",,,
,,50,Fancy Shoes,Lord El-Melloi II Case Files,"A pair of fancy shoes, just your size and style, which never wear out or need cleaning. More importantly, they act as a memento for an important life decision of yours, and never fail to remind you of it.",,,
,,50,Kaleidostick,Fate/Hollow Ataraxia,"You will find yourself in possession of a kaleidostick. While stripped of nearly all magical power and appearing to be a little cosplay trinket, it does carry one unique magical effect. Anyone who wields it and shouts out their own custom transformation phrase will be given a unique magical girl outfit. The outfit is nothing more than what you might find someone cosplaying as, but it will be of a very high quality. The outfit only exists while holding the stick, once they let go of it, they will return to their original clothes. The stick will always appear in your warehouse the next day should something happen to it.",,,
,,50,Mystic Eye Killers,Kara no Kyokai,"One of Touko’s special inventions, a pair of glasses in whatever style you prefer that seals the effects of Mystic Eyes on the person they’re worn by. While the eyes retain their normal appearance, they will not affect anyone as they normally will and it eliminates the strain the wearer might feel from the normal effects. The glasses can be broken but seem to repair and reappear in their case nearby you when you’re next in a safe location.",,,
,,50,Mystic Eye Killers,Lord El-Melloi II Case Files,"Something Father Karabo, Reines, and probably Wills would have benefited from. These glasses are just your size and prescription, perfectly fitted to your face and style. All of those features are self-updating, but they are joined by one other quality; the ability to nullify any and all of the wearer’s ocular powers, thus preventing uncontrolled usage. As added bonuses, they protect you from spells cast through eye contact, and also dial other sensory abilities down to whatever level is manageable.",,,
,,100,Friendship Bracelet,Fate/Kaleid Liner Prisma Illya ,You have a supply of bracelets with a decorative pendant of your choice. When given to someone looking at it will remind him or her of the strength of your bond.,,,
,,100,Nice Clothes,Lord El-Melloi II Case Files,A full and fashionable wardrobe that somehow continues to fit you perfectly no matter your form. It can even update for whatever the current local fashion is.,,,
,,100,Lucky Saint Quartz Ring,Generic Fate Crossover,A small token that helps boosts your odds 10% against the gacha odds of summoning the servant you want. Raises your luck by one rank.,,,
,,100,Fashion That Transcends Time,Fate/Grand Order: SkyrimAnon,"Being a gacha game with massive amounts of Servants, as well as Craft Essences letting the developers only bother making one image with some new outfit for a Servant, there’s a vast variety of clothing that can be found in FGO. Even some humanoid enemies get to be stylish. And with this purchase, you get all forms of clothing that can be found in FGO. Yes, all of it, from outfits Servants wear to even just outfits that show up in Craft Essences, and even any outfits that the NPCs wear. You even have non-protective and non-magical versions of armors and magically enchanted outfits too. As a small mercy, you’re given a wardrobe that is normal sized outside but big enough to hold all these outfits inside. If you want some variant of the outfit, you can simply write a note with the changes described or illustrated, and you’ll find an extra copy of it with the given modifications after a minute of closing the wardrobe with the notes or illustrations inside of it. Additionally, you’ll find a fixed version of any outfit from this wardrobe that is damaged inside the thing a mere second after the damage itself happens. You can also ask for multiple examples of the same outfit, if you want to match with your friends or something. As a final note, you’re guaranteed that all of these outfits are comfortable to wear, despite how they might look. Have fun trying out new styles.",,,
,,100,NFF Wardrobe,Fate/Legends: Baba Yaga,"It is best to be prepared for any occasion isn’t it ♡? This infinite wardrobe ensures you will never have to worry about clothing again, coming stocked and updating for every occasion you may encounter. From spy operative outfits, commissar uniforms, qipao’s, sari’s or simple dresses, even bunnygirl outfits, all is available within this wardrobe. While they have no special properties aside from being self-cleaning and repairing and of course making you look good, there is sure to be something for any occasion.",,,
,,100,Summoning Catalysts ,Fate/Grand Master,"Before you can summon a servant you need a summoning catalyst, unless you’re willing to trust your fate to the whims of random chance. Most masters use ancient relics or magical artifacts to summon particular servants, but you have something much more personal: a collection of panties and other unmentionables taken from the servants themselves. Every time you seduce a new partner you’ll find a set of their lingerie added to this perverse trophy collection, another notch on your figurative bedpost. These catalysts power up your spells if used as ritual aides, allowing you to easily summon any servants you’ve seduced before, or penetrate any magical resistance they may have when using other sorts of spells on them.",,,
,,100,Key to Politeness,Kara no Kyokai: Ammy Edition,"You might not need glasses, but these glasses (coming in whatever design you like) are certainly useful, in that they're actually a simple mystic code that uses autosuggestion when worn to change the user's personality, generally to avoid making decisions that may result in them being exposed.  What your personality changes to is up to you, but it defaults to the opposite of your default personality; a cruel and business-oriented jumper would become a bubbly and fun-loving personality, an empathetic person would become disconnected and somewhat cruel, so on and so forth.
As a bonus, they also serve as Mystic Eye Killers, designed to suppress the powers of such eyes if they prove to be uncontrollable. May or may not be the set intended for Shiki before she rejected them.
",,,
,,100,Translation Glasses,Grand Foreigner ,"The Translating Glasses are a quest item from a rare quest in Yggdrasil. These glasses are able to freely shift to fit their user and have a gold metallic appearance. These glasses can translate any written language into one the user can understand. Additionally they block eye based powers including your own and that of others. For example, Medusa could look at others while wearing them. This also includes foreign eye powers such as the gaze of a basilisk. Purchasing this will give ten of these glasses. You may freely give them to others or use them yourself. Should they be used up or destroyed then new ones will appear a few days later.",,,
,,100,Treatment Tricks,Fate/Legends: God Save the Queen,"Even the best surgeon is unlikely to have much luck using his bare hands and a bit of shoe string to sew up wounds. Better to come properly equipped. This large yet light backpack is packed full of seemingly any tool you could need for a medical procedure, provided it’s both mundane and not bigger than the backpack itself. They’re high quality and sturdy enough to survive rough use on the battlefield. Those scissors won’t break even after you cut a Krauts’ throat out with them. What else did you think rough use meant? Along with the backpack are a few apparent ‘nurse’ outfits. Some of them are reasonable for the time but many appear to be made to fit especially tight across your body, or barely cover anything at all. One just looks like a few bits of see-through green and purple plastic. What kind of nurse wears this sort of clothing?",,,
,,100,Body Armor,Generic Nasuverse,"High quality, but mundane, body armor. It’s made of a similar material as EMIYA's body armor from the future.",,,
,,100,A Special Ruby,Fate/Stay Night,"A notably powerful magical gem that is attached to a well-made and fancy metal necklace. This gem is capable of holding a large amount of prana, enough to match a dozen full grown Magi's maximum capacities with ease. It can only be used by those you desire to be able to draw from it and drawing forth the energy within is near instantaneously, just as fast as naturally using your own energy. Storing magical energy in the gem is just as quick and easy.",,,
,,100,Sealing Artifact,Tsukihime,"Curious little thing, isn’t it? This artifact both seals and hides the supernatural powers of whoever is wearing it. It's easy to don and remove, so if you don't want anybody to know you're an unnatural abomination this is for you. The sealing must be voluntary, however - so no throwing it over someone to stab them.",,,
,,100,Bespoke Wardrobe,Fate/Stay Night,"Whether you need to look good for work or you've just got a liking for being fabulously attired, this has you covered. Either attached to your Warehouse or to a property you own, this room is filled to the brim with custom tailored clothes of any range. From three piece suits to dress shirts and slacks to bathing wear, any modern day article of clothing you can think of can be found here. Whatever you pick up will always be tailored to you specifically and can optionally have a crest of your choosing somewhere on the piece of clothing. There's no need to worry about running out either.",,,
,,100,Killer's Cloak,Fate/Grand Order,"A tattered cloak in a colour of your choice. Does it not look like much? You’re right, it’s awfully raggedy. But it never seems to get any more ragged, even if it gets cut or pierced or set on fire, it’ll come out just fine a few moments later. When worn, it’ll be impossible to see your face through any means. The best people can get is seeing the lower portion of your face and they’ll never be able to identify you through it.",,,
,,100,Winged Sandals,Fate/Legends: Empires of Antiquity,"A pair of Grecian sandals with small wings attached to the ankle areas. Perhaps Perseus’ most minor gift but one that remained vital for him. The one that wears the sandals will find themselves able to levitate and fly at their will, moving as quickly and agilely as they would on land. The sandals move through magic, meaning that there is no propulsion effect, but the wings must be able to beat at your heels and thus the sandals are ineffective at moving through water at speed.",,,
,,100,Cloak of Night,Fate/Legends: God Save the Queen,"A raggedy cloak of tough brown cloth, somehow always large enough to fully cover your body and even your head if you pull up the hood. Useful for disguising your identity but it’s going to stand out in daytime London. Instead, this cloak can take on a variety of mundane forms. Any of the outfits considered to be ‘likely’ appearances for assumed identities of Jack the Ripper can be chosen. A doctor’s coat or the uniform of a police officer, both possible options. A variety of mundane outfits found on everyday Londoners’ too. One strange outfit available here is an exceptionally skimpy one, barely more than a vest with some lingerie for below. What ridiculous interpretation of Jack would wear this?",,,
,,100,Kitsune Wear,Fate/Legends: The Land of The Rising Sun,"With all the forms they take, it can be pretty hard to keep looking stylish and fashionable. What kind of clothes look nice on a curvy human and a small fox? Clothes that change shape like you do, seems to be the only answer. These robes have the ability to shapeshift as you please, taking on the form of not just any traditional Japanese clothing but also any of the more modern outfits that Tamamo would eventually wear. A tight fitting police outfit or military dress uniform can be just as appealing as robes that seem to be barely covering all the loveliest parts. The robes are enchanted to provide comfortable protection from the elements and lesser attacks at all times, letting you swan around in a skimpy swimsuit as if you were wearing full samurai armor. Anything better will require further enchantment from you however.",,,
,,100,Outlaw's Garb,Fate/Legends: Strange New World ,"If they knew the real you, you just wouldn’t be nearly so fun to hear stories about. Part of the fame of outlaws like yourself is that people never really know what’s true and what isn’t. You can’t disappoint your audience and so this quite concealing outfit will give you a helping hand. From a cowboy’s hat, poncho and stirrups to the full body paints some of the Indians wear, you have ready and easy access to some kind of outfit that conceals your identity amazingly well. People can barely remember distinguishing features of your appearance, spells used to scry you give back partial or fuzzy images, even the evidence you leave behind that might link to you is damaged or partial at best. People can usually find out that it was you, they just can’t find out who you are.

You may import a outfit into this item.",,,
,,100,Traitor's Cloak,Fate/Extella,"Vital for anyone hoping to fool the heroes gathered to stop Velber’s advance. A few outfits in designs of your choice, with a unique ability to hide the taint and presence of other beings within your body from detection. The influence of something like the Umbral Star would normally leave a noticeable stain just on your skin, much less your spiritual core, but these special garments will prevent anyone from noticing either as long as you don’t draw attention to them. They’ll still see you as normal, the cloth doesn’t hide you, only influence from outsiders.",,,
,,100,Sealing Cloths,Fate/Legends: Empires of Antiquity,"As befits the nature of being a monster, not all your powers may be ideal in all situations, particularly those that are difficult to control. There are solutions for such things, however, and this small chest contains a range of clothing accessories made for different parts of the body that can each disable a specific power linked to that body part while you wear it, though you can take it off at any time and it will not hinder you. A blindfold that you can see through while sealing your dangerous petrifying gaze for instance. They won’t work on enemies but allies can use them as well.",,,
,,100,Cloaking Ring,Grand Foreigner,"The Cloaking Ring is a common treasure used in Yggdrasil to prevent espionage. It prevents the user from being tracked, observed, or detected in any way. This property also makes the ring perfect for concealing your power should you possess immense reserves of power. For example, Ainz used this ring to avoid scaring or intimidating his allies.",,,
,,100,Survival Gear,Fate/Extella,"Haven't you heard? The Moon Cell is an awfully dangerous place, filled with all kinds of dangers. Obviously, the solution to this is to outfit yourself in wilderness survival gear. Not a full set, it’s not that dangerous but half an outfit will do. It’s rugged, comfortable and reliable despite looking a little silly. It’s also tough enough to withstand a handle of attacks from a Servant, leaving you battered and bruised but not cut in half or crushed. Handy for the Master that can put up wearing just a coat.",,,
,,100,Arctic Mystic Code,Fate/Legends: Baba Yaga,The cold of Russia is unyielding. If you wish to prevail you have no choice but to adapt and endure. Dread not you are not the first to face this challenge so take what they too used. This black Mystic Code has an enchantment on it which protects the wearer from the most brutal and cold of environments. Even a blizzard well below -100 degrees would pose no risk to your health. Lastly it has the curious effect of aiding in supportive magic. Even a pathetic third-rate magus could cast several enhancing or healing spells over the course of a drawn out batle.,,,
,,100,Sanrei Glove,Vasto of White,"The Sanrei Glove is a powerful Quincy artifact that amplifies a Quincy's powers by forcing them to temporarily give up their ability to absorb spirit particles from their surroundings. By wearing the glove, a Quincy is able to train in a high-gravity environment that allows them to refine and increase their reiryoku, making them stronger and more skilled in the use of their abilities.

The Sanrei Glove is not without its risks, however. If a Quincy does not possess enough spiritual power to withstand the training, their body may break down or they may lose their powers altogether. Additionally, the glove can only be used once in a Quincy's lifetime, as its effects cannot be repeated. Overall, the Sanrei Glove is a valuable tool for any Quincy looking to increase their strength and hone their skills, but its use must be approached with caution and care.",,,
,,100,The Perfect Shoes,Fate - The Island of Sin,"What you have here is a set of shoes that have been lovingly crafted for your feet—for all your feet, a set for every alt-form you possess that could reasonably be capable of wearing some manner of footwear. All of the shoes are perfectly fitted, and are capable of a degree of self-transformation in order to adapt to any changes to the status of your foot, so even losing some toes to frostbite won’t require you to get different shoes.

They provide excellent traction on all surfaces—except when you want them not to—and are so easy to walk in that even if your shoes were high heels, you wouldn’t experience the slightest difficulty in walking, running, or keeping your balance. What’s more, when you kick someone with these shoes, you can extend a sliver of mana into the shoes to cause a sharp spike longer than your entire leg to pierce out through the heel, which retreats back into the shoe as soon as you need it to.",,,
,,100,Magical Equipment,Fate/Legends: God Save the Queen,"An incredible gift for any lesser lord and something that even most kings would be happy to have at hand. A set of magical arms and armor, not of legendary scale but terribly useful still. The personal weapon, likely a sword or axe, has supernatural offensive power and a minor power of choice, such as alighting with blazing fire or filling wounds it makes with corrosive acid. Normal plate armor will be of little use against the weapon. The armor, a full set in a style of your choice, has the defensive properties to render mundane swords or lances mostly ineffectual and can even ward away the elements, letting you shrug off fireballs and small blasts of lightning, as well as the heat or cold despite your heavy armor.",,,
,,100,Shining Armour,Fate/Legends: Garden of Avalon,"A knight cannot be so without a proper set of equipment. You have a full set of plate armour, customised to fit your theme and personality. Perhaps it is a brilliant silver set with a lion helm or a dreary and dark plate with hard lines and no curves. It is fitted perfectly to you and you can channel your mana into the armour to enhance it’s protection with ease and, unlike most reinforcement, it appears to have no upper limit. The armour will also repair itself if damaged or destroyed, though this takes hours of rest.",,,
,,100,Saber Badges,Fate/Saber Wars,"The must have collectible seeing a surge in popularity across the galaxy. These little badges are a sign of Saber Superiority, able to transform the wearer into a proper Saber class Servant. Sure, they’re still total fakers to the glory of a true Saber but who can blame them for reaching above their station?

A set of bronze badges is available with this initial purchase. They provide a small boost in physical attributes with a focus on Strength, a noticeable skill with swords and low strength Magic Resistance and Riding. For an additional 100,000CP you’ll receive silver badges instead, the physical benefits and skill increase could make one a dangerous Saber in their own right, with moderately strong Magic Resistance and Riding Skills to boot. A final 100,000CP on top gives you one of the Ultra Rare Gold Badges, the pinnacle of fake Sabers. Powerful physical attribute boosts and a natural mastery of swordsmanship, with top class Magic Resistance and Riding Skills. 

You’ll receive nine badges for whatever tier you purchase. Multiple badges at once seem to offer nothing more. Maybe you can only be so much of a Saber at once. Only the first purchase is applicable for freebies, later tiers are not discounted. Optionally, you can pick another of the seven main Servant Classes to have badges for, with appropriately altered benefits and Skills attached.",,,
,,100,Fae-Forged Armor,Fate - The Island of Sin,"What you have here is a beautiful suit of armor perfectly sculpted to fit your form. It is harder than steel, and serves as an excellent conductor for magical energy, allowing you to channel mana through it to increase its protective qualities. The precise details of your armor’s appearance are up to you.",,,
,,100,Sacred Gem,Fate/Legends: Nirvana Yuga,"A brilliant gemstone of perfect cut, laid into your body as if to become a natural part of you. While a gorgeous ornament by itself, it has significant powers of protection enchanted into it. When fighting against demons or humans, you’ll find that their blows are dulled and left with only half their normal power. The presence of the gem in battle can even cause such opponents to become nervous, seeing your battle presence as much larger than it would normally be. Outside of battle, the power that circulates into your body from the stone prevents you from requiring food, drink or rest as normal men do. The gem provides for these needs, helping to craft your body into a perfect form that produces no waste and requires no sustenance.",,,
,,150,Wizard's Hat,Generic Nasuverse,"It's a fancy hat! Well, that and more. The opening of the hat acts as a portal to a pocket dimension stored inside the hat. There's about a hundred cubic meters worth of space in there. The opening of the hat can expand to about five times its normal size in order to assist with you depositing and removing items.",,,
,,200,Suit,Fate/Kaleid Liner Prisma Illya ,You have a suit of your design engraved with runes to enhance your physical abilities. Further improvements you make to it with magic will also be slightly enhanced.,,,
,,200,Harway Badge,Fate/Extra,"This small silver badge will grant an uncanny skill at manipulating computer systems to whoever wears it, as if they were a genuine hacker. Not only that, but it seems to be especially suited for accessing secure systems, an effect that carries over to virtual realities.",,,
,,200,Salamander skin Glove,Kara no Kyokai,"A starter tool that helps even the most amateurish of beginners with their magecraft studies. It’s one of Touko’s creations, made so that even someone without any magic circuits can start to gather a little magical energy and learn to make use of it through the glove. Even on a proper Magus, it’d be helpful, as the glove is attuned to one Element and makes it noticeably easier to control spells within that Element. The default is fire, hence the Salamander name, but you can have it refocus onto a different one when you buy the tool.",,,
,,200,Hades's Cap of Invisibility,Fate/Kaleid Liner Prisma Illya ,Also known as the Cloth of Concealment is the cap of invisibility owned by Hades. It is the prototype of all concealment Noble Phantasms with anything covered or enclosed by the cloth unable to be observed through magical or optical means. It does not obscure anything but the visual spectrum of the thing using it; however it is possible to pass bounded fields and magical protections while under the fabric. The cloth is made of a very complex weave said to have reached five dimensions with complete reproduction being impossible for humans.,,,
,,200,Tattoos,Fate/Myth,Get tattoos in a style of your choosing. These tattoos will have some minor magical effects such as warning you when someone uses Scrying to figure out your location or giving you a sort of “Danger Sense” that can wake you from sleep.,,,
,,200,Coat of Oaths,Fate/Legends: The Land of The Rising Sun,"The official uniform of the Shinsengumi, a blue and white overcoat that carries the beliefs of the heroes that fought for justice. Wearing it grants enhanced physical abilities, even a sickly young girl can tear through expert samurai in full armor like this, and ranks up any armaments held by the wielder. Swords take on a new name and form, gaining far greater cutting power and durability while held. Other weapons vary, though the results is generally a significant increase in quality from it’s current form. Once released, the armament will return to it’s original state.",,,
,,200,Holy Vestments,Fate/Stay Night,"A notably powerful holy artefact, this enchanted priest's cassock is one of the better protections the modern magical world has to offer. Covering everything from the neck down, its holy protections are enough to fend off anything short of a high powered sniper rifle in terms of mundane weapons, with anything lesser being lucky to deal bruises. It also has strong protections against unholy weapons, significantly reducing the power of any evil or unholy attack or spell used on you whilst wearing this. If you have a particular outfit of clothing in mind already, you can instead transfer these magical protections to it.",,,
,,200,Berza Damask,Fate/Legends: Baba Yaga,"What does a Bogatyr need almost as much as a steed? A set of worthy armor and weapons of course. In your hands is the same set of armaments as Dobrynya Nikitich possesses. Made of Damascus steel, this mighty set of equipment consists of the armor itself, a melee weapon of your preference and a handy dagger for more casual needs. The armament is of top quality and further effective against draconic enemies. Finally you receive a small supply of Damascus steel, with which to form even more of these tools, though they by themselves will not have any Dragon Slaying properties. Unless your new Damask creations end up killing a Dragon of course, in which case they will be equally as effective as the armament you already possess with this Item.",,,
,,200,Binding Wraps,Fate/Legends: The Land of The Rising Sun,"A pile of black and red ribbons lies before you, soft and comfortable on the skin but rather thin looking. These are powerful sealing wraps, binding artefacts that aid the imprisonment of cursed beings in a human body. Bound around the body, they can suppress the wearer’s powers at their will and greatly aid in the aforementioned imprisonment process. Not only do they significantly reinforce existing seals and bodily prisons, they also reduce the strain placed on the body by such a ordeal by a large extent. Someone normally wracked with crippling pains and weakness because of the evil spirit held in their belly could be reduced to merely having a constant light sickness and aching, enough to be a capable fighter still. The ribbons apparently work best when unobstructed, unfortunate given how risque it can make the wearer appear when covered by only thin straps of cloth. But no one seems to mind you being two inches from nudity.",,,
,,200,Mystic Codes,Fate/Grand Master,"Even if you have a Shielder-class servant at your side there’s no such thing as having too many defenses when you’re Chaldea’s only remaining master. You’ve obtained a whole wardrobe of mystic codes ranging from stylish business suits to arctic winter gear to swim trunks. Appearances aside these outfits are battle armor for magi, helping to protect you against the many hazards of the battlefield via defensive wards and enchantments of many sorts. A proper magus can reinforce these defenses and make them exceptionally strong, but even a rank amateur will be well-protected against the kind of collateral damage that inevitably happens in servant battles. The magic powering the defenses can also be redirected into reinforcing your magecraft, significantly powering up your spells at the cost of a drop in protection for a brief period.",,,
,,200,Lipstick Catalyst,Fate/Legends: Baba Yaga,"Gota look prety when following your ambitions right? This lipstick is the last piece of Makeup you will ever need, taking whatever color you want and easily applicable to perfection. Treat your lips with it and you find even the rest of your face suddenly being treated just how you wanted it to be, even if you wouldn’t have mascara. Of course that by itself isn’t worth much. The true benefit of this lipstick comes however from its direct connection to you, making it applicable for any magical rituals that require a connection to you. You could be summoned or summon yourself once to any place where this lipstick is, no mater where you yourself are or even if you yourself lack any teleportation powers or are otherwise unable to go there. Just a mater of ensuring the right person hangs on to it.",,,
,,200,No Face May King,Fate/Legends: God Save the Queen,"The festival clothes of the May King, an English folk spirit associated with different kinds of fairy. The robes are one with nature and those who wear them find themselves melding with the world around them, erasing any sign of their presence. It does not hide magical energy but sounds and scents made by the wearer are completely concealed, as is their physical presence. The cloth grants effective invisibility, even when attacking, though special techniques and attacks of significant power force the robes protection to briefly end and allow your detection. However, even during intense combat, wearing the cloak prevents others from being able to directly detect your abilities, level of power or skills via magical means.",,,
,,200,Proper Gear of a True Player,Grand Foreigner,"Any Player will tell you this...Good gear is NECESSARY!!! No really! You mean to tell me that you don’t make some good gear or farm for materials so that you can get some good gear? Well if you pay the appropriate price here you will get your gear.
● For the default price of 200 CP you get a Set of Relic Tier Armor, One Necklace, Two Earrings, 10 Rings and Two Weapons.
● For the increased price of 400cp you get a Set of Legendary Tier Armor, One Necklace, Two Earrings 10 Rings and Two Weapons
● For the increased price of 600cp you get a Set of Divine Tier Armor, One Necklace, Two Earrings 10 Rings and Two Weapons
● For the increased price of 700cp you get a Set of Divine Tier Armor, One Necklace, Two Earrings, 10 Rings and Two Weapons. All infused with Caloric Stones. This kind of Gear is just below World Item Tier, you could even call this Pseudo-World Tier Gear.
○ For 50cp you may buy more Gear of any Tier.",,,
,,200,Ortinax Exoskelton,Fate/Grand Order: Cosmos In The Lostbelt,"The back up plan for if the original Demi-Servant experiments conducted by Marisbury failed, the Ortinax Exoskeleton is an immensely powerful Mystic Code designed to allow those possessed by greater forces to utilize their borrowed power safely and controllably. Taking the form of a bulky and futuristic looking black set of equipment, its specific form will imitate whatever equipment or regalia the powerful being inhabiting the wearer as a vessel uses, such as a knight wielding a massive shield forming into vaguely plate-looking armor and a similarly massive shield. Additionally, this equipment will let people who have been abandoned by such forces keep wielding a lesser imitation of the power they once borrowed. That said, this lesser imitation won’t be able to surpass the power possible for Servants, being at the lower bound of Top Rank at most, more likely around High Rank, and this is if their original power was beyond such Ranks. You can purchase this item multiple times for more Ortinax sets, with each additional set costing 100cp, whether or not you discounted this item.",,,
,,200,Presidential Suit,Fate/Legends: Strange New World ,"Future proofed and fit for the top man of the nation, this fantastical armour is a sight to see for any red blooded American. Clad in red, white and blue, this full body suit of high tech armour does more than just make you strong enough to throw a truck with one hand and tough enough to take that same truck to the face. It also produces large amounts of electricity in the lightbulbs mounted on each shoulder, letting you fire off blasts from your hands or even charge up an especially powerful beam from your chest cannon. Which you have now. It’s made of pure gold. Anyone tries to deny you funding, just melt down their entire mansion with one shot from this baby. The suit can also do some unimportant stuff about greatly improving the efficiency and concentration/power of any energy channeled within the suit or your body, providing half again the effectiveness in each category, but who cares about that when you can punch out an ox, fry it with your lightning fingers and eat it for breakfast. Also comes with a animating lion helmet.

You may import a set of armour or clothing into this",,,
,,200,Witch's Robes,Fate/Legends: Empires of Antiquity,"An expanded wardrobe, placed in a home of your choosing, which contains all sorts of outfits perfect for a young magic user. These cloaks and undergarments are quite heavily enchanted, certainly superior to the full metal plate men will tote around much later, and have a range of magical abilities for the one that wears them. It allows for fairly fast flight at your will, is covered in a half-dozen decent bounded fields that alert you of and ward away danger and damage, can be used as a somewhat effective weapon and have spells channeled directly through it, which also lets it be much easier than normal to enchant and improve further with magic. The cloak is also able to store your spirit should your body be destroyed, letting you live on in the outfit until you can possess physical form again. Wearing more than one of these outfits won’t do much but you do have over twenty alternates, from the classic mysterious magus look to something a little more magical girly. You can import an existing outfit into this.",,,
,,200,Rune Suit,Fate/Legends: Land of Shadows,"There’s no reason to not show off as you fight, is there? Your enemies can appreciate a glance or two at you as you carve your way through them, especially with this suit stretched so tightly over your body. This bodysuit, made of a tough but terribly comfortable material, and with a few pieces of thicker armour on it to your liking, may not seem like great armour at first. Certainly, it’ll inflame the passions of those that look at you but it is only the strange, softly glowing markings that can be seen when looking closely at the bodysuit that ones finds the real power. This suit is engraved with countless runes, turning it from a piece of seeming fetish wear into a veritable walking fortress. A chariot smashing into you would not even be felt whilst even lower end magical spears will shatter on contact with you. Magical spells from those less than an expert will harmlessly wash over your body and even the threats of nature itself are largely calmed and left to not affect you, allowing you to walk through heavy storms without wavering or getting wet. Self-cleaning, self repairing and strangely, even able to shapeshift itself to fit any particular kind of clothing you’d like without losing effectiveness. A beach-wear bikini that still protects all the skin that appears to be exposed perhaps.",,,
,,200,Mask of Darkness,Fate/Saber Wars,"A dark and menacing mask, the mere act of breathing with it on risks a copyright strike. This full- head helmet helps one deal with all sorts of difficult questions. Who’s going to interrogate Darth Servant over here, especially with that unfortunate breathing problem he has? The helmet’s actual qualities are pretty straightforward. It’s a tough piece of Star Metal to protect your head from chopping blades, it’ll filter out anything nasty in the air and it enhances the user’s vision almost without limit. You could spot a quark in the air or track a person’s movements from orbit with ease, somehow the helmet even takes care of any natural disorientation.",,,
,,300,Caster's Charm,Carnival Phantasm ,"A hand-made luck charm from Caster Medea herself. It gives a general, low level luck boost at all times, but once per month you can focus on the warm feelings encased within it for a massive windfall of fortune. Figuratively in most cases, though if you're using it on a lottery it may well be literal as well.",,,
,,300,Holy Shroud,Generic Nasuverse,"Cloths once used to wrap the body of a Saint. Each of them is a form of mystic code and has their own unique properties.

Usually, those properties are about sealing something harmful, purifying, binding, or healing. They’re rarely about attacking.",,,
,,400,Ring of Bay Laurel,Fate/Grand Order,"A golden wreath to place upon your brow, just wearing it inspires great devotion in those who call themselves your subjects. The one who wears the wreath is seen as a far greater and more beloved king than they really are, greatly increasing the loyalty, love and devotion any of those you believe you rule over them will feel to you. Ordinary citizens become devoted believers over time and those who already feel that strongly become unbreakable fanatics. This effect will slowly drain back to normal if you cease to wear the wreath for more than a day.",,,
,,400,Mystic Wardrobe,Fate/Grand Order,"Chaldea has crafted some terrifically powerful Mystic Codes for use by its agents and has found itself with an awfully large surplus now that most of them are dead. More for you, right? While as a human, if you are one, you likely received a basic Mystic Code outfit for free, this option will ensure you continue to receive one every month for the rest of your life, even in other worlds. These outfits have up to 3 spells encoded into them, each one a pretty powerful piece of magic operating on the Servant level. Spells that greatly increase the attack or defence power of a Servant or fully heal them or even deal a surprising amount of damage to foes on that level are quite commonplace but you may eventually find some stranger effects being encoded. The Mystic Code outfits also happen to look really, really good on you.",,,
,,400,Mystic Armory,Fate/Extella,"A range of mystic codes, already unlocked and well fitted to you. Around a dozen in total, with four linked code casts to each outfit. While it is difficult to wear more than one at a time, the code casts linked to this have no cooldowns like personal use ones do. Instead, they can only be used a certain number of times per engagement, needing a short rest to recharge their uses. These Mystic Codes contain mostly middle to high level effects. Powerful buffs to all of a Servant’s statistics, immediately healing all wounds they’ve taken, reflective shields, teleporting in new allies and even instantly allowing a free use of their Noble Phantasm without the normal energy requirements.",,,
,,400,Goddes of War,Fate/Legends: Empires of Antiquity,"A red sash, stolen from the amazons, that is imbued with an immense amount of magical power, particularly that of the divine. By wearing it and focusing on the sash, a user can channel it into their body, their weapons or their magic. The energy of the sash can greatly enhance the strength and speed of these things, along with making them much tougher and any inherent magic significantly stronger. The sash also has the property of greatly enhancing divine abilities and power of the wearer. The sash must be worn to gain the benefits but is exceptionally tough and resistant to damage.",,,
,,400,Shroud of Martin,Fate/Zero,"A Holy Shroud and important artefact of the Church, this red fabric is capable of sealing events or returning something to normal, so long as it is wrapped tightly around the subject in question. With enough material to cover the average sized adult man, it is an incredible tool for saving lives. Even the most ferocious and deadly of poisons could be stopped by wrapping the shroud around the limb or part of the body which was bitten, reverting that event until the victim could get to a proper care facility. This reversion effect is not without limits. It cannot bring back the dead and as soon as the shroud is taken off the being it is wrapped around, all effects are undone and they again suffer with full force what afflicted them. The shroud cannot be cut up into more than one piece, not without losing its supernatural properties, but any damage done to it will be undone within a day. This can be imported into.",,,
,,400,Rings of Power,Fate/Legends: Vive la France,"Magical rings are a classic of heroic fables, both as tools for the hero and as objects of destruction. You’ve managed to come upon one of quite some power, though the exact specifics are up to you to decide. An example would be the Angelica Cathay, last held by the paladin Bradamante. It granted moderate protection against magic to her and the ability to remove curses and magical transformations done to others with a touch, provided they were not of immense power. A twist of the ring will turn the user invisible to the mundane and magical eyes, while a pulse of magical power will grant an extreme increase in defence to the user and their allies for a few seconds, turning an ordinary man’s skin to steel. Lastly, the ring could be used to significantly empower weapons held in the same hand it was worn, granting them half again their normal offense. You can choose to take Angelica Cathay or create your own ring, taking a range of minor to moderate powers or perhaps one or two more significant ones. Extra purchases are allowed and will discount this option again.",,,
,,400,Coat,Lewd Fate,"This coat is quite special, it’s a mystic code that allows the wearer to summon tentacles, but these aren’t the normal variety of tentacles no. With these you can restrain and modify your target as you wish. From enhancing their sensitivity, modifying their body to be lewder or even messing with their common sense until they honestly believe that when asking to be fucked it’s only polite to kneel and bow with your head touching the ground before desperately begging for it. It takes a few sessions but the results speak for themselves.",,,
,,400,Origin Regalia,Fate/Extra CCC,"What a powerful Mystic Code you possess now. An outfit attuned to the Origin itself, this regalia can bring out the potential of any who wear it. An average Servant would be able to match high ranking ones, and an already powerful Servant would become an incredibly dangerous opponent even to peers. Perhaps if a Master wears it, they might be able to fight against weak Servants? It does shift in appearance depending on who wears it, although it always seems to be oddly skimpy for some reason, but to bring out this outfit’s true power, you must awaken the Origin of whoever wears it. Dive into the deepest recesses of the soul of the wearer, defeat the incredibly powerful guardian within, and the outfit will gain even greater attunement to the power of the wearer, letting them fight on equal terms with the Moon Cell itself. You don’t need to worry about how to use this, as the outfit will guide you should you wish. Well, theoretically at least. See, Servants with this level of potential aren’t very common, but even without the possibility of awakening the Origin, a normal Servant would benefit quite a lot from this Mystic Code. How did you even come to obtain it?",,,
,,400,Technological World,Fate/Legends: God Save the Queen,"Straight from the pages of a pulp sci-fi story, this marvel of science is a weapon of surpassing power. A set of armor, within which is contained a constantly manifested Reality Marble linked to a certain technological field, which influences the armor’s appearance and capabilities. The armor can manifest around your body with but a thought, called forth from your belief in the science it represents. 

Depending on your desired theme, the armor will differ quite extensively. A believer in steam power technology could receive a hulking tank of a machine, powered by gouts of boiling steam. The armor could easily destroy even modern day armored vehicles and gives the user enough raw physical power to smash a battleship into pieces in short order. The steam could be used for short ranged attacks of boiling heat or overload the armor to gain enormously increased speed and striking power. Miscellaneous gadgets and devices linked to steam power may also be present, such as high speed wheels on the armor’s boots that emulate a steam train. Alternatively, one might look into electricity or firearms or evolution as a variety of sciences that the reality marble can be set to manifest, resulting in different forms, weaponry and abilities for the armor. 

Whatever the choice, the armor is able to produce smaller and weaker versions of itself over time, each powered by a rudimentary artificial intelligence that can take simple orders from you. Guarding locations from all but specific intruders, attacking enemies, manual labor and so on. No import.",,,
,,400,Pelt of the Divine Beast,Fate/Legends: Empires of Antiquity,"The skinned pelt of the Nemean Lion, a legendary beast that Heracles once strangled to death. The pelt, either looking like a lion belt or as a simple black sash, delivers a potent protection to anyone that wears it. It rejects human civilisation, making the wearer immune against all the tools that humanity has made. Regardless of the power of or behind the tool, so long as you have the pelt somewhere on your body, it cannot harm you. At most, you might feel a tickle or a light brush, regardless of the monstrously powerful weapons used against you. The pelt itself will never be ripped or torn, though it provides no physical protection on it’s own.",,,
,,400,Reinforcement Badge,Vasto of White,"This badge is a powerful tool that can summon a group of elite warriors that rival the strength of Squad Zero. The warriors summoned by this badge are not just powerful fighters, but they are also highly skilled in various techniques and strategies. They can provide you with immense support during battles and can turn the tide of even the toughest fights.

The badge itself is a symbol of your authority and can be used to call for assistance whenever you need it. The warriors who answer your call are completely loyal to you and will follow your orders without question. With this badge, you will have an elite team of warriors at your disposal, ready to defend you and carry out your commands. Whenever a member of this group is slain they will respawn a week later.",,,
,,400,Kavacha and Kundala,Fate/Legends: Nirvana Yuga,"Weaved from the light of the gods, the armour that is bound to your form could rightly be called a near-invincible protection. A tight suit of armor integrated into your body, it provides unmatched protection against any threat, whether physical or conceptual. All harm that comes to you from outside of your body is reduced by ninety percent of it’s damage, turning major wounds into small scratches and cuts. Many magical spells and powers will be reduced to useless sparks or negated outright, such as the armor preventing you from being erased from reality by those that can warp such things. But this protection does not apply inwardly, allowing any harm that originates from inside your body to proceed unaffected, such as summoned spears piercing you from within. You can take off the armor and even give it to others, the integration into your body able to be undone with a thought. As well, when in the way physically, the armor can recede inside of your body to allow you full access. Optionally, you may have a flamboyant cape of flowers appear behind you when the armor is present on your skin.",,,
,,500,Exoskeleton,Generic Nasuverse,"A mechanical suit that sets your baseline Strength, Agility, and Endurance parameters to A. This is the same as if you’d chosen a race with those parameters.

The Exoskeleton is roughly three times larger than your standard body, according to volume. Nearly all that mass is used to give the Exoskeleton its incredible strength. But it also has systems to repair itself using nanomachines, to gather and store energy, and to read the brain patterns of the user so it’s able to respond to the user’s desire.",,,
,,600,A Silver Earring,Fate/Hollow Ataraxia,"An old, silver earring is now in your possession. If you wear it, you will ironically find that it significantly boosts your luck in most things in life, except in battle where it acts as a very minor unlucky charm. With that said, so long as you’re wearing it, you can’t be killed by some mysterious OP power either. It might harm you, but it will fail to kill you. In order to qualify for this protection, it has to be a power you are unaware of and must also be among the top tier of powers that the world you’re in can offer.",,,
,,600,Four Fiend Sacred Gears: Blitz,The Holy Man of The Church Creek,"Blitz also known as Húndùn resembles a dog-like creature. It is capable of merging with its wielder to form a set of exoskeletal armor. This form allows it to generate whip-like weapons to attack its foes. Lastly, it can distribute excess power to its allies to boost their strength.",,,
,,600,Crown of the Planet,Fate/Grand Order,"A magnificent crown fit for a king. More true a statement than one may realise, as those who wear the crown lead lives fit for the legendary kings of the past. By wearing this crown regularly, never losing it for more than once a day, the wearer will become a vital figure in the stories of the world that they are in. They become a focal point for events that will change the world and be given the chance to have a great deal of influence over that story and those around them. The wearer must be ready for the challenges they’ll face as the crown makes no judgements on whether you are going to be ready for the story you thrust yourself into but it is likely that, as the hero of the story, you’ll find allies and other forms of help along the way if you can survive. The crown will resize to fit your head and can be in a style of your choosing, though it must be at least a little fancy.",,,
,,100,Ten Rings,Fate/Legends: Oasis of Fantasy ,"A gift from god, one ring for each of your fingers and together, they symbolize power in fact. The Ten Rings of Solomon that lie on your fingers now represent supremacy over magic, allowing you immense command over the arcane. Any and all existing magecraft is under your control, allowing you to negate, create or control it as you wish no matter who uses it. Even the greatest human magus is powerless before you. Magical spells that are not of magecraft are still affected by your rings however, though to a much lesser extent. You can control or negate the spells of any being weaker than you as normal but magic users that equal you can still act, though at a greatly weakened level. Those stronger than you will see less and less difficulty in casting magic. The Rings are powerful artefacts but they are not without limit, at least not while their wielder is trying to fight something so far beyond himself. Pride is indeed a sin.",,,
,,600,Eleventh Ring,Fate/Grand Order,"In the legend of King Solomon, the King of Magic was granted ten rings by God Himself. These magical rings gave guidance and power to the good king and upon his deathbed, he was instructed to send one of those rings away. This task would have far reaching consequences but now, with you here, an eleventh ring has been manufactured and placed in your hand. Not connected to the original set, and thus unable to perform certain functions, it still shares some of their powers, the ring allows you to exert a large amount of influence on the magic of any other being. Whilst wearing the ring, you are able to weaken the magic of any enemy, the greater the difference between you and them the larger the debuff you are able to apply to them. Whilst noticeable even against an equal or greater opponent, if you are strong enough in comparison to your enemies you may even be able to control or outright destroy their magic. As long as you wear the ring.",,,
,,600,Curruid Coinchenn,Fate/Legends: Land of Shadows,"The dreaded body of the beast from which Gae Bolg, the thorny spear of death, was made has now been harvested and reformed into a strange but very powerful suit of armour. Covering most of your body but leaving the chest and face bare, though it does include a hood, Curruid Coinchenn is a partially living armour that wards away even the blows of magical spears like Gae Bolg, while also massively magnifying the strength and endurance of the one who wields it, such that they would be at least ten times as strong as they originally were. It even heals the wearer at a significant pace of any injuries they take on. The armour is covered in cursed spikes, similar to Gae Bolg itself, which deliver wounds that will not heal naturally or through weaker magical means. Finally, when activated in full, the armour will fully cover your body and turn you into a rampaging beast, amplifying your physical abilities even further and letting you extend and fire off the spear-like implements in your body, though they do not have the strange powers Gae Bolg has.",,,
,,600,Dress of Heaven,Fate/Stay Night,"Made from the body of an Einzbern Homunculus, this is a replica of the last remaining artefact of the Third Magic that that family has in their possession. It'd be a good idea to not flaunt that you have this if you're not a part of that family. While it cannot truly replicate the Third Magic, this dress still allows it's wielder to transfer souls between containers. With this one could transfer one person into the body of another or into an artificial body of their own creation, quickly and painlessly. It could even allow one to store a person's soul in an inanimate object for period of time. It also has the effect of turning any human who touches the dress into gold quite quickly. Thankfully, this restriction has been lifted for you alone, if you are human. Perhaps it'll make for a good defence?",,,
,,700,Ring of Solomon,Generic Nasuverse,"This isn't actually the ring Solomon created to bind and control demons. Rather, it was created in the image of such an item.

This ring, also known as the Ring of Binding Spirits, grants the power to force contracts on Spiritual beings. In theory, so long as the will of the user is greater than their target's, a contract can be forced on the target.

In reality, there's several other factors. If the target has Magic Resistance, then the ring will be less effective. If the target has much larger mana reserves than you, you'll need a truly overwhelming willpower in order to force a contract on them. Or if they have a greater will than you, you can resort to using overwhelming magical energy to force a contract on them in spite of their superior will.

Failing to impose a contract on a target can cause spiritual damage to the user of the ring, with the damage being dependent on how badly outmatched they were.

A clever and sufficiently strong Spirit that realizes they're outmatched can alter the terms of the deal. Essentially, they can accept that a deal will be imposed on them and focus on making the terms of that deal more favorable to them.",,,