0,,CP Cost,Name,Jumpchain,Description,PERKS,COVER,59
,,,,,,,,
1,,100,Devil Core Mine,The Holy Man of Church Creek ,"Devil Core is a special metal unique to the Underworld. This expansive mine stretches across the vast expanse of a colossal mountain, teeming with the coveted Devil Core ore. This unique metal holds extraordinary properties that make it highly adept at channeling and conducting a Devil's magical power. This makes the material excellent for crafting high quality weapons and armor. Within the depths of this sprawling mine, a dedicated workforce of skilled miners and workers will be at your disposal.

These capable individuals are well-versed in the art of extracting and refining Devil Core ore, ensuring a constant and abundant supply of this precious material. Their expertise and unwavering dedication will guarantee a steady stream of Devil Core, allowing you to create a constant stream of exceptional weapons and armor. The rich reserves of the mine will replenish themselves over time, guaranteeing an unending supply of this precious material. No matter how extensively the mine is worked, its abundant nature ensures that you will never run out of Devil Core ore, granting you unlimited access to this extraordinary resource.",,,
2,,100,Mountain Heaven,Fate/Legends: The Land of The Rising Sun,"Who would ever have expected a hot springs resort to appear so deep in the misty forests? It hardly seems like a profitable location but any traveler would be glad to happen upon this secluded respite. Moreso once they meet you, the lovely innkeeper and landlord of this small compound. This is a traditional resort that is summoned at your whim, large and very comfortable. Despite the earlier age, it remains stocked with high quality supplies and many conveniences of the modern era, not that anyone notices the anachronisms. There’s enough rooms to host a few dozen guests at a time. The luxurious hot springs are the star attraction, many large natural baths that no one appears to mind are all mixed bathing. 

Despite the size and possibility of keeping upwards of fifty people happy at once in their stay, you find it takes no time or effort at all. While here, you can act as a superb innkeeper, of almost supernatural skill when it comes to satisfying all customers and their desires. People do tend to follow your rules here as well, provided they’re mostly reasonable and not too out there for an inn. You might get away with a few bizarre rules passed off as customs that no guest will think twice about following but don’t try anything harmful. 

For an additional 100CP, a mysterious tower can be added behind the Inn. This is a battle arena, one of seemingly endless floors. The higher one goes, the more dangerous the enemies are. Defeat in this tower does not result in death, the defeated appearing in one of the hot spring baths to heal. Every entrant to the tower must start from the bottom, though clearing ten floors of enemies will let that entrant start ten floors higher if desired.",,,
3,,100,Roadside Diner,Fate/Saber Wars,"A cozy roadside diner, the sort any space-way traveller is glad to see. A well furnished kitchen and comfortable rooms to stay in, it’ll make either a tidy profit or a nice home to live in. Whatever end of the Galaxy it’s located on, rowdy sorts tend to make their way to it. The damage they cause can be annoying but you’ll always be meeting interesting new people with all kinds of fantastic problems. 

For an additional price, this can be upgraded to a whole space station of your own. Like the famous one star Green Hell restaurant, this station is a much more involved experience. Your little diner/inn is more like an entire mansion or small village, with extensive facilities for just about any holiday someone could want. The rest of the station is filled with extensive biomes filled with wild ingredients, from dangerous animals to deliciously exotic plants. They might have to hunt them down themselves but any visitor is sure to enjoy eating a meal they had a hand in preparing. The space station will come with a few hundred staff attached already, skilled hospitality workers if you don’t mind that they’re all youkai of one sort or another.",,,
4,,100,Ahnenerbe,Kara no Kyokai: Ammy Edition,"Oh, how nice. A door has appeared in your warehouse, leading to a place known as Ahnenerbe, a quaint little coffee shop run by a severe Japanese man known only as 'George’, though his deep voice seems familiar somehow. The coffee is served a little too hot most of the time, but it's good quality, and the desserts and snacks served there are quite good. I've been told the pies George makes are really good too. 

...Oh yeah, I almost forgot to mention its actually unique properties, namely, the fact that it serves as an intersection point between the various timelines of the greater Nasuverse, with characters from Tsukihime, Fate, and even Kara no Kyoukai itself can all be found here chatting and enjoying each others’ company. What's more is that as you travel, it will begin to overlap with the various other jumps you visit, and characters from those jumps will begin to show up from time to time as well. 

Fighting isn’t allowed here, and George settles conflicts so don’t worry about any remaining villains trying to mess with you, though they might leave with the place trashed still. The cafe appears wherever it wants to be in the jump, sometimes at multiple locations at once, though a door is always open in your Warehouse, and keep in mind you can’t use it to travel between jumps with impunity; you’ll just end up back at where you entered Ahnenerbe at. Until post-Spark at least.",,,
5,,200,Lordship,Fate/Legends: Garden of Avalon,"No longer are you among the common knights, wandering in search of a liege to live under. Now you’re a bit more important. You’re a lord of the land, possessing your own fortress castle and a large area of land around it, along with the towns and serfs that populate them. You do pay tax to your lord but have a great deal of wealth and men of your own now. In future worlds, you’ll retain a similar title and territory, though it may take on different forms depending where you are.",,,
6,,200,El Dorado,Fate/Legends: Strange New World,"At last, we find out where the lost city of El Dorado was. In your backyard. At least a good portion of it. These several massive temples and surrounding buildings are entirely made of gold, filled with golden treasures and furnished with golden furnishings. Even the water fountains are liquid gold. There are no magical treasures to be found, beyond whatever keeps all this gold in such good condition and so plentiful, but it makes for quite the perfect roost for any dragon-like being. And if you’re so crass, there’s a very, very large amount of money to made from selling bits of this stuff off. Not that anyone but you will get the chance, given the hefty supernatural wards that prevent others from reaching this place or finding it at all without heavy duty magic of their own.",,,
7,,200,The Holy Sword Initiative,The Holy Man of The Church Creek,"The Holy Sword Initiative was a special project designed to create artificial Holy Sword wielders. This will come with a large facility to house all of the users, equipment, and other supplies. This facility will come fully staffed with researchers, teachers, and of course participants. Each of these participants are young children with incredible potential. Many of them can become skilled exorcists, but a small number of them will be truly talented individuals who can become powerhouses within your forces. This version also will be done far more humanely unless you actually want to be a monster. Lastly, whenever your students finish new groups will be brought into replace them.",,,
8,,200,Lord's Home,Fate/Legends: Land of Shadows,"A proper lord now, aren’t you just? You’re still far from claiming the title of a king but now no one will doubt your place, as you’ve received a fairly significant noble title in your kingdom, such as that of an important lord or duke, and also a very large and well fortified fortress from which to rule your new territory. It’s tough enough that it could stand a siege from the Red Branch Knights themselves for at least a few days, even with their magical powers, and the castle has a close connection with the nature spirits of the land, not only ensuring any druid magic is significantly stronger than normal but sometimes even bringing those spirits out of nature to assist you directly. Be it in battle or everyday life. Both title and castle, along with the surrounding territory and towns, will follow you to future worlds.",,,
9,,200,Queenly Academy,Fate/Saber Wars,"Famed across the galaxy, if only for how eclectic it is, your new academy is a star in a sea of humdrum schools. It’s quite the bizarre place, beyond just being staffed entirely by various Servants and a robotic headmaster. The school attracts a certain kind of student and teaches them to be a certain kind of person, along with the usual education expected of a prestigious school. What certain kind? Whatever you want. It might be drawing in rich heiresses only and training them all to be violent, unruly young ladies with twintails and a love for wrestling. It could be an academy that only those seeking vengeance apply to, churning out an unbelievable number of dark crusaders of the night. You might even seek that holiest of holies, the Saber School where the truly worthy may approach and be taught to become a Saber. 

Students gather from all over the galaxy and it makes a tidy sum for you as owner-slash-head of the school board. You can change the lesson plans freely and it looks like no outsiders ever really comment on how strange the teaching material is here.",,,
10,,200,Zero Dark Sleeping Room,Fate/Extella,"Not quite the Zero Dark prison dimension but it’s at least as comfortable. Somewhere in the virtual world of the Moon Cell is a unassuming cave, very difficult for anyone else to locate. The cave’s entrance and interior grows as big as you need it to be based on your own size and what you store within it, with any reasonable comfort you could desire being found within. Relatively common food, entertainment, fashion, shelter and so on. All mundane supplies but enough to make for comfortable living even for a titan stuck within. While mundane and common is the rule, sometimes strange things tend to appear in this little pocket realm. If Altera can accidentally create a water slide made from breasts, who knows what might pop out of your dreams while here?",,,
11,,200,Pleasure Quarters,Fate/Legends: Nirvana Yuga,"A private place to take all your dearest friends away, never to be seen again. A little texture of your own, wrapped over and around itself to be sealed away from everything else. This warped dimension is near impossible to pierce into, without the power of a bestial threat at least, yet you find it easy to watch and influence the outside world from it. You can enter the pleasure quarters you have from any location, being able to watch for a distance around where you entered from within and even reach out with magic. Dragging people in is possible even without specific powers for it and leaving without permission is almost as hard as breaking in in the first place. Those within this realm find themselves with far reduced resistance to any corrupting abilities you have and that the core aspects of their beings, things on a conceptual level, are much easier for you to access and manipulate with any magic or powers that have that potential. The dimension is small, enough to fit a castle and surrounding town, but can easily be nested inside other similar locations.",,,
12,,200,Home In The Throne,Grand Foreigner,"Servants are copies of Heroic Spirits that reside in the Throne of Heroes. Thus why shouldn’t you have your own space within the Throne? You may open a portal between your space on the throne and the universe it is attached to. The Size of this space and its portal is dependent on your overall Power Level and Legend. Should you be a Galactic Conqueror then your space in the Throne will be your entire Empire/Kingdom with all your people. You and your Companions can reside inside if you wish/permit it. This dimension has resistance to all attacks except to those that can cause universal level damage. After all, your dimension has to be somewhere in the universe, unless you put it in your Warehouse. However, should it be put inside your Warehouse, you can only open the portal to your space while you are inside your warehouse. If this item is in your warehouse, others are prevented from interacting with it, unless they are already in your warehouse. This is simultaneously a useful protection and crippling bane depending on how you wish to employ the space.",,,
13,,200,The Blood Gardens,Grand Foreigner,"The Blood Gardens are a dungeon within Yggdrasil that serves as Cainabel’s fortress. The dungeon is a veritable city filled with vampires and their servants. Purchasing this item will allow you to claim the Blood Gardens for yourself or at least a copy of it. This dungeon is protected by four powerful vampires including Carmilla, Dracula, Cain, and Abel. While inside the Blood Gardens each of them have their parameters boosted significantly making them stronger than the average level 100 player. These four vampires will be led by a being on par with Cainabel’s full strength. Alternatively if you dislike the vampire motif then you may design the area yourself. The only restriction is that it must follow a theme. For example, perhaps you would rather create some sort of underwater city populated by merpeople",,,
14,,300,Small Business,Fate/Hollow Ataraxia,"You gain a small business in the commercial district. It’s discreet and while it does good business, it also doesn’t attract a lot of attention. In essence, it’s not only a good place to hide but also a great place to find some slice of life action. Post jump, this business can insert into your new world. You don’t have to manage it at all and can in fact work there without anyone knowing you’re the owner.",,,
15,,300,France ,Grand Foreigner,"France is a country which has gone through many wars over a variety of reasons and is considered an enlightened country. Granted that didn’t do much good when Jeanne Alter was burning it down with an army of wyverns. Though that’s beside the point, by purchasing this item you may claim the country of France for yourself. That’s right the entire country including its people, cities, and other notable features. This kingdom will come with a large army equal to the full might employed by Jeanne on either side of the conflict. Each army will have a dozen Servants by default ones who actually belong to the area. You will be considered the ruler of this land having the eternal loyalty of all its inhabitants. You may optionally turn this area into a warehouse attachment if you wish and insert it into future jumps.",,,
16,,300,Rome ,Grand Foreigner,"Rome is one of the most famous cities on Earth and one of the most pivotal locations in human history. This is the land of emperors, slave warriors fighting for freedom, and a kingdom which controls a large section of the world. You may freely select any version of Rome you wish, though by default this will be the Rome in which Nero leads. This city is filled with millions of citizens, a vast army, and even seven powerful Servants who safeguard it. By default this will be seven emperors or other legendary figures of Rome. Though given their vast history this includes far more people than you might initially expect. You will be considered the true emperor of this land and have the loyalty of all who live in it. You may optionally turn this area into a warehouse attachment if you wish and insert it into future jumps.",,,
17,,300,Singularity,Grand Foreigner,"The Singularities are distorted versions of history where something dramatic was altered. Normally these altered histories give birth to powerful Servants, unique circumstances, or other various wonders. However, in the end, all of these places are erased in the name of restoring Proper Human History. Not anymore. For 300 CP you gain a strange warehouse attachment, which we will refer to as the Hall of Singularities, which starts out as an empty hallway. Whenever some form of Alternate History caused by Time Travel is fixed, like a Singularity or a Lostbelt, you can choose to add an entrance to it in the Hall, causing it to be stabilized there instead of letting it be erased. The area that was affected will have an impassable boundary appear similarly to one of the Lostbelts. You may choose whether time is paused when you are not present in a Singularity. If you wish, you may merge any of these areas such that they only have a singular entrance in the Hall of Singularities. You may make this merge occur any way you wish: with this jump alone, you could easily merge the Orleans and Septem singularities to create a single singularity with two Frances neighboring each other, or one with a singular France with half its population wondering how the Dragon Witch's defeat led to the Roman Empire's sudden revival, and the other half wondering what a Dragon Witch is. You may also add any of your warehouse attachments with a population to the Hall.

If you are not satisfied with this, for 600 CP you can expand this effect. You can now choose to add any Alternate Histories that would normally be created during the normal course of events in a jump, but you prevented. For example, if you managed to prevent Part Two of FGO from occurring, you could add all the Lostbelts even though they were never created. Or on a smaller scale, any of the event singularities. This will occur for all of the Jumps you have been to and go to in the future, and they will appear once you have rendered it impossible for them to occur.

Additionally, this increased price allows you to choose to have singularities be automatically generated in future jumps, which are already fully contained in the hall. An example of how it would work in another Jump is that if you went to Naruto then you might get something like what if Minato and Kushina lived rather than dying in Obito’s attack. You will be able to travel to these Singularities bringing people, items, and other objects from the Singularity. Should you wish to prevent the creation of an excessive amount of Singularities you may limit the factors or events that are considered relevant. All beings native to each Singularity will be restricted to their home Singularity by default, and are unable to leave or endanger other areas. For example, if you went to 40K any local variants of the Chaos Gods would be unable to leave the Singularities unless you personally brought them out or gave them permission to leave",,,
18,,400,Kiosk,Fate/Extra CCC,"Rejoice, Master, for you now have access to a Kiosk. Healing items, MP recovery items, absurdly spicy food, even the occasional useful Mystic Code, as long as you can pay up you can purchase quite the extensive collection of useful items. In future worlds, the Kiosk will also be stocked with items that help you recover a decent amount of any form of supernatural energy that you can use, which have no side effects, letting you use them as much as you want. They’re not very expensive, five minutes of killing enemy programs in the Sakura Labyrinth would be enough to buy an acceptable amount of recovery items, but some things, such as the special extremely spicy mapo tofu are surprisingly expensive. In future jumps, you may use any currency you wish to use to purchase things from this shop. You don’t have to worry about buying the entire stock, as the strange NPC manning the shop will restock the Kiosk every day. Quite the wonderful thing, is it not?",,,
19,,400,Branch of the Holy Church,Witch on the Holy Night,"Somewhere in town is another parish, every bit the equal of the one mediating magus conflicts but with much less traffic. To most outsiders it seems just like any church, perhaps with an ineffable extra bit of tranquillity. Magically sensitive individuals may notice that service is empowered by magecr-sorry, Sacraments and that the priests have a very particular set of skills. Skills that make them a shining beacon of light against the darkness of the occult. Most have relatively modest and utilitarian abilities that let them do things like sense malign intent and grant medical treatment thought impossible by the modern era, but at least one is a one-man army capable of laying low the greatest magi alive. Oh, and somehow you’re the rightful owner of the church, and they’re paying you rent. Your tenants are fond of you, and don’t mind doing a side gig or two.",,,
20,,400,Womb of All Evil,Fate/Stay Night,"You discovered an immense cavern years ago, which you laid claim to upon realising the unnaturally powerful aura that was embedded into the very ground. Hidden underground near your starting location or on a property you own, this huge cave amplifies the power of any 'Evil' magic four times over when the caster is inside, including rituals for dark purposes or spells to summon evil beings. The enhancement is quite clear cut and intending to use evil for good will not take effect, only evil magic used for evil purposes will be enhanced. The cavern emits a terrible aura even beyond the cave itself but at that distance it only serves to ward away anyone not specifically travelling to the cavern.",,,
21,,400,Spiral Manor,Lord El-Melloi II Case Files,"The headquarters of an Eastern society of mages, and a peer of the occidental Clocktower. Mages from this organization utilize Philosophy Magecraft, which is reliant on a massive Mystic Code called the Disc. Both Disc and manor come with you to future worlds, and will not become hostile without at least a flimsy justification. For a 1000 CP instead, all of the middle and lower tier members are replaced with loyal followers, and you have full access to the Disc’s power.",,,
22,,400,The Clocktower,Lord El-Melloi II Case Files,"Yes, the whole thing. It is hidden and protected by a large number of powerful bounded fields, equipped with dozens of laboratories, classrooms, and libraries, which will be inserted into new worlds. The residents have no particular loyalty to you, but they’ll never become openly hostile without excuse, and they’ll forget it after that jump. For 1000 CP instead, the magi are replaced by loyal followers each jump, though they remain reluctant to act outside their role as such, and only the average and ordinarily elite mages will recur.",,,
23,,400,Mountain Temple,Fate/Stay Night,"You have come into the ownership of a good sized temple and the tiny mountain it resides on, which has one long, winding staircase leading to the temple with a large torii gate at the top. While there is little else but the shrine there, the shrine itself is spacious and well maintained by a few dozen monks who reside there at your leisure. These monks care for the temple and the surrounding land, as well as carry out religious services, either in the name of a religion of your choice or something they picked otherwise. Both the monks and the temple itself exude a peaceful aura that will greatly assist any sort of mental recovery or rehabilitation and the men here are worldly enough to offer sound advice on many paths of life. Not all that is special about this temple is known to those who live here however. Surrounding the mountain are incredibly powerful wards, enough to stop all but the strongest of Servants from getting in by any route other than the staircase, which itself is narrow and easily defendable.",,,
24,,400,Progressive Estate,Fate/Legends: Strange New World ,"No man of science is complete without his laboratory of choice and neither can a proper magus be found without a workshop to house his life’s work. It’s much more rare that both are found in the same place however. This rather luxurious, lush and expansive estate you now own, with a few hundred acres of land and very sizeable manor house, is really just the window dressing. Attached to that fancy house up there is a combined laboratory/mansion the size of the very mansion it is attached to. Filled with technology and academic research at the very cutting edge of the 20th century, and somehow a few steps further in some cases, on three different fields of technology as well as a wide range of magecraft tools, research and notes on three magical topics of choice that would be well regarded even in the upper echelon’s of the Mages’ Association. While each side is already quite impressive, it is the small library regarding the efforts of the previous owner of the home to find applications towards mixing each side that is the hidden gold here. Notes on how to truly bring out the potential of technology with magecraft and vice versa are here. As well as all this, the entire estate, manor and laboratory are surrounded with multiple layers of defense and obfuscation of both technological and magical means. A small army could not break in, even if they could find the place.

You may import a property into this.",,,
25,,400,Family Lands,Fate/Zero,"Your family staked a claim on an immense stretch of land long ago and they’ve retained it ever since, with the title now falling into your hands. Large enough to fit all of Tokyo within its borders, these lands are largely uninhabited by any other human, though it is likely brimming with flora and fauna in excellent condition. Located in any reasonable location of your choice and in any terrain or climate you desire, these lands are legally yours no matter what government or organisation you are dealing with. Furthermore, there are certain amounts of protections to be found here. A number of magical wards have been set up to alert you to the presence of any intruders upon your lands and a few hundred combat familiars of varying types also patrol the lands and will attack any unauthorised entrants.This can be imported into.",,,
26,,400,Abandoned Island,Fate/Zero,"Far out at sea, at least a few hours boat ride from the nearest known landmass, is an island not on any maps or records. This island was perhaps the site of some terrible event that caused it to be erased from all official records. Big enough for a small jungle and village of around 300 small families to be on it, only animals and yourself live no it now. Unless your actions cause it, no one will discover this island or be able to find you on it. Lastly, a lone mansion rests at the heart of the island, equipped with a fairly complete Magi Workshop personalised for whatever art you chose to specialise in. This can be imported into.",,,
27,,400,Vacation Island Luluhawa,Fate/Grand Master,"A perpetual tropical paradise, this singularity was once the site of one of BB’s many plots but has become yours to do with as you please. The island itself is a mundane if exceptionally luxurious tropical resort with many hotels and tourist destinations available to enjoy, although the island chain also includes a variety of locales that would normally only be seen in the other summer singularities such as Casino Camelot and a deserted island inhabited by a tribe of sentient boars. As the ruler of this tropical island paradise you may enter and leave whenever you wish, putting your jump on hold to take a vacation without having any time pass in the jump you came from. However as a vacation destination relaxation is the only activity allowed on this island chain. Training, crafting, and other activities won’t carry over any benefits back to your jump if you try to take a “working” vacation, though developing relationships with your allies is perfectly fine.",,,
28,,400,NFF Services,Fate/Legends: Baba Yaga,"Nine Fox Foundation has become an infamous name on the market, reeking in profits and fulfilling its missions par excellence. While you are not taking over the already present equivalent, you can now have a Company that more than rivals NFF in size and profit. Within your reach is your own private military company and weapons manufacturer. Though that by itself does not need to be the full extend of its reach, a casino resort already having become an additional subsidiary and who knows where else they could expand if you are willing to guide it. But even without your overview this company will bring in some nice profits. But of course that isn’t the end of it and I do not even refer to the elite squad of mercenaries under your employment.

The armory you now have access to is vast, from guns and rifles for any environment, to various kinds of explosives, all controllable and further enhanceable with your own magical energy. Even means of transportation like a chopper and motorcycle can be found here.

But the greatest creation of NFF is without a doubt the NF-79 Tactical Suppresion Vehicle, the best weapon ever made by Tamamo Heavy Industries. The tank like vehicle sports vast amouns of armory and ammunition, bringing down massive barrages of missiles at your command. You can summon it to your location with something as simple as throwing a smoke grenade. But the weapon has one other purpose. It can serve as a shrine, be it to yourself or another cult, applicable for anything that requires such.",,,
29,,400,Misty Castle,Fate/Stay Night,"Somewhere, in a remote and isolated location, lies a small castle that seems to be constantly enshrouded in mist, along with its surroundings. This 3 story palace has dozens of rooms for almost any purpose one could desire and the most lavish and luxurious interior along with a large and well cared for garden in the centre of its layout, open to the sky. This fantastic residence comes with ten or so robotic Homunculi who are incapable of true free will but will carry out any functions expected of a cleaner, cook, guard or general servant when within the bounds of the castle and its surrounding lands. Speaking of which, the lands around this castle are also owned by you. They extend for at least a dozen kilometres in every direction around the castle but will never be anything but empty terrain such as forests or plains.",,,
30,,400,Personal District,Fate/Extella,"A division of your own, created with priority by the Moon Cell as part of the new world. A slice of land the size of a small city, brought up from the virtual space around you. It’s a mix of various times and places, chosen by you. You might combine an Irish town from the time of the Ulster Cycle with a Roman imperial city, with an ancient Chinese temple at the centre. While you can’t pick more than three or four, you’ll find your city populated with people from the times and places you’ve chosen, albeit most aren’t too far beyond ordinary humans or magi. The city will automatically spawn defences if threatened, from ranged artillery to large numbers of attack programs, and those that live in your new city also aid in it’s defence. You’re considered the faction leader of your homeland, which is likely to result in Nero and Tamamo seeking you out to ally or serve under them in the initial battles here.",,,
31,,400,Home of Luxary,Fate/Legends: Empires of Anitquity,"A vast arena, much like the grand Colosseum of Rome, is now yours to own. This massive arena is made with all the finery that ancient Rome could offer and is deeply connected to your very soul. You have the ability to summon the arena to or around yourself with a thought, spending a small amount of magical energy to call it and maintain it, though even a basic spellcaster could hold it for hours. With your connection to the arena, you can freely customise it’s appearance and facilities between summons, turning it from a battle arena into a theatre stage complete with art workshops and kitchens or even into a massive, magical water park. When summoned, it replaces whatever environment it was summoned over for the period of time it is maintained, including altering conditions and magical rules to fit the ordinary setting of Rome that this arena calls home. Handy for preventing enemies gaining bonuses while on their home turf. The arena slowly but steadily raises your physical and magical abilities to a cap of around five times your normal levels should you be fighting an opponent here and wait an hour, whereas your opponents will feel their capabilities drop to half the strength in that time. It’s difficult to escape, similar to a Reality Marble, but possible for those with exceptional power, magical skill or unique abilities.",,,
32,,400,Meat Factory,Fate/Strange Fake,"Why focus on a simple Workshop, when you could have a collection of many of them? Concealed in an industrial complex, a large collection of multiple workshops have been connected to build a truly monstrous complex. And you, as the true master of the greater workshop, have complete control over all of its defense mechanisms, as well as the contents of the multiple legacies researching in it.

If you ever choose so, you may activate its most terrifying feature: the complex will start to turn into an Otherworld, designed not to prevent others from entering, but to digest anyone that tries to escape, except for you, its true master. Even a powerful Heroic Spirit would have some trouble while fighting in it, and that’s only if you are consciously trying to aid them to prevent them from being sucked in by this Workshop. But it is still entirely possible that they can demolish it before this alone gets to make significant damage to them. However, for most human magi it is a death sentence.

Finally, there is a special artifact located in this factory. Stolen from another family of magi, it is an apparatus that allows to transform humans, or their fresh corpses into magic crystals that contain that person’s worth of magical energy. A regular human won’t give much, but it seems that someone has dedicated a lot of time on this process, for a large pile of magic crystals already exists in one of the rooms of this factory. Enough to sustain a Great Hero Servant going all out for the duration of the entire war, if you have a way to channel all of them.",,,
33,,400,Edison City,Grand Foreigner,"Edison City is a massive city powered by six generators with unlimited energy. It originally used six Demon Kings, but this version has proper generators and industrial systems set up instead. The city is capable of developing technology at an incredible rate advancing years in mere weeks. Aside from its impressive economy the city itself holds a decently population of approximately five hundred thousand. The city is guarded by five powerful Servants, and an army of robots. Additionally, should it come down to it, the city has an arsenal of two dozen nuclear warheads that can kill high level Servants. Lastly, you may turn this city into a warehouse attachment post-jump and import it into future settings if you wish.",,,
34,,400,Isolated Oil Rig,Fate/Grand Order: SkyrimAnon,"One of the biggest assets that Marisbury Animusphere possessed was Seraphix, an oil rig in the North Atlantic Ocean, that acted as an ordinary oil rig by day and was the seedbed for some of his most important (and most unethical) experiments at night. And with this purchase, you get a copy of it, ideally in a different ocean entirely. The oil rig is built as a mobile, submersible, double-layered platform. The topmost platform serves as the normal oil rig facilities (and also has a church for some reason), but the true purpose of the facility lies in the second platform. Hidden in locked chambers accessible only to those who are permitted entrance, is a powerful magical generator that powers all manners of spiritron-based equipment, such as leyline sensors that allow you to map what are effectively the brainwaves of the Planet you are on.

Thanks to its secrecy and ability to be isolated from civilization by submerging itself underwater, as well as a special Mystic Code that prevents divination from peering into the insides of the facility, this is a perfect workshop for experiments that would get you hunted down by the Clock Tower. Marisbury was conducting research into connecting the souls of humans with that of the Planet by synchronizing their Magic Circuits with the oceanic leylines, and used failed Master candidates as living biological circuits kept in stasis. Ultimately, Marisbury’s research was a success. And now you have your very own Seraphix facility to perform experiments with. Will you keep utilizing it for its intended purpose, perform some other kind of experiment, or dismantle the whole thing to repurpose it into something less unethical? You are the owner, so the choice is yours.",,,
35,,400,Spiritual Tomb of Albion,Lord El-Melloi II Case Files,"Beneath the Clocktower is the monster-filled, mystical labyrinth created when the dragon Albion attempted to depart for the Reverse Side of the World after waiting too long, only to end up fused to the earth around him and be trapped in a pseudo-undead state. It is a place of enormous danger, but also enormous opportunity. This Spiritual Tomb will come with you to future worlds, though there are no mages within unless you bought Clocktower, in which case they will be as loyal as those there. While no human has yet managed it, it is possible to enter the Reverse Side of the World by traveling far enough down this labyrinth. If you do so in future worlds, you will find some realm of layer of existence where local myths and legends reside - or whatever equivalent exists. Discounted with Clocktower.",,,
36,,400,Labyrinth,Fate/Legends: Empires of Antiquity,"Every man’s home is his castle and every monster has their lair but only a few can bring it anywhere. You’re one of those few, able to call a ‘labyrinth’ into being in the world around you, trapping you and your foes in a maze designed from a place you call home, though you can change which place you call on. In effect, you drag yourself and any nearby foes into a pocket dimension that cannot be escaped unless they find the hidden exit, which may not be impossible but may be extremely hard, or manage to kill you, as you cannot leave without letting the enemy leave with you. There is no escape outside of these two points and you’ll find yourself greatly boosted in strength, speed, endurance and tracking capabilities while in this dimension pocket. Whatever form the maze takes on, it’ll still possess any unique attributes of the home of yours it was based on and you’ll find it easy to navigate the maze yourself, as if you’d wandered it for years.",,,
37,,400,Temple Complex,Fate/Legends: Oasis of Fantasy ,"A vast complex built of at least twenty different temples meshed into a single, monstrous whole. This ‘temple’ is more like a small city formed entirely of temples. Enormous structures, devoted to the gods of your religions, and even a massive pyramid at the very centre of the small city. This entire complex has been dedicated in name and magic to you, it being a mighty fortress as well as a place of divine connection to the gods of your faith. City destroying attacks are effortlessly reflected by the walls of the complex and powerful anti-magic wards nullify almost any magic attempting to affect the city or those within.

The city itself grants you the power to receive and give out a wide variety of blessings and curses to yourself as well as allies or enemies that come within the city’s limits. The most basic is that you cannot die nor can any being closely connected to you on a spiritual or magical level so long as the temple complex is in place. Beyond this, the blessings and curses depend on what gods have temples in the complex, each granting a blessing or curse befitting their natures. A god of poison may allow you to quickly kill most weaker warriors that enter your complex and give a significant penalty to any stronger beings for example. Finally, the complex has access to a powerful magical beam attack that shoots out from the peak of the main pyramid. Even at a base level, this beam can annihilate modern day Tokyo and can grow even stronger should magical power from the rest of the base, or from the owner, be directed towards this beam weapon. You may import an existing building or fortress into this.

This complex can be gained in this form or alternatively sealed into the form of a reality marble-like projection. If this choice is made, the benefits and blessings are only active when the reality marble is actively maintained, constantly costing noticeable amounts of magical energy to do so. Your immortality protection won’t work if the temple is not currently projected. However, you can deploy it within seconds to any location, even laying it over the top of existing places or dragging others into the pocket dimension for a short time. Imports into the complex work as normal.",,,
38,,400,The Isle of Jumper,Fate/Legends: Empires of Antiquity,"Just a little hut isn’t enough for the legendary wizards and witches of this time. Like Circe herself, you’ve got a sizeable island in the seas surrounding Greece to call your own. Large enough to able support a castle-sized residence and a small village as well, with decently sized forests surrounding each, the island is surrounded at varying distances by many powerful wards that turn away the curious and slow, attack and sometimes destroy invaders. The waters and shores are treacherous and filled with loyal beasts and monsters, though the island itself further in is quite idyllic. The village is populated by two hundred or so decent but simple folk that look to you as their lord and don’t ask many questions. Able specimens, particularly as they quickly replenish lost numbers without much issue. Your own home is at one of the higher points of the isle, overlooking a tall cliff, and is quite the extravagant affair. A luxurious mansion with an even more expensive and certainly more advanced magical workshop within, the sort of thing even some of the greatest magi in history would be ecstatic to have access to. It does have a lot of materials focused on human experimentation though. I guess Magi never change.",,,
39,,400,Hanging Gardens of Babylon,Fate/Legends: Oasis of Fantasy ,"A floating fortress the likes of which has never been seen in the world and will never be seen again. The size of a city, built to the very peak of magnificence and luxury, the Hanging Gardens are undeniable the jewel of any empire. Covered in gardens with plants, both mundane and magical, from across the world, the fortress is a beautiful sight as much as it is a weapon of war. Nigh impenetrable even should the attackers be able to fly up to the city in the first place, the fortress is equipped with an army of many tens of thousands of automated golems and homunculi that manage the defenses, along with a wide range of powerful lasers that can burn through almost any attacker.

The pilot and ruler of the Hanging Gardens are one and the same, as you may control the direction of the fortress from the throne. The structure acts as a perfect territory for you as it’s ruler, massively boosting your magical power so that even a novice mage could cast spells with power equal to the greatest magicians of the old world. While in the structure, you will also find that all statistics and abilities you possess receive a small but noticeable boost, that your inherent mystery is significantly increased and that any attack against you becomes noticeably weaker. You may import an existing building into this role.",,,
40,,400,Misty Island,Fate/Legends: Vive la France,"Like the famed count of Montecristo, you’ve had an eventful life. A life that has led you to fortune, power and some amount of fame. Whether a similar story as the count himself or through more rightful means, you’ve come into the possession of a small island like Montecristo, with a decently sized manor home, grounds and dock present. The title of Baron comes with the island, a Baron of France, as well as quite the significant fortune. You’d be known as a fairly wealthy noble even in France’s noble heyday, though far from the richest. You’ve not unknown to the French social scene, believed to be a powerful but mysterious man with whom currying favour with could return great rewards. But the secrets hidden within your island, in tombs and lost caves, are perhaps much more valuable. The island holds fourteen treasures spread throughout, together creating a magical field that massively enhances the potency of any powers that are based on or drawn on grudges and hatred, increasing many times over. Even powers merely linked to darkness or negative emotions find significant growth, if lesser so. With time and study, one could perhaps even learn to focus these relics and create a unique magical circuit/crest combination, one which can create lesser versions of the King of the Cavern in your subjects. Perhaps you could even create a stronger version or enhance an existing one, if you found a source of hate or grudges of enough magnitude. In future jumps, you’ll be able to inherit or quickly gain a similar title and fortune, though the land will come with you as it is here now.",,,
41,,400,Pillar House,The Holy Man of The Church Creek,"It appears that you belong amongst the Nobility as you are the Lord or Lady of your own House. This title grants you a number of boons in the Underworld. First, you are considered a Noble with all that is entitled including a massive amount of land, political power, a loyal army, and the service of a few hundred thousand devils. Most of them will likely be Low-Class, but that may vary depending on how you treat your territory.",,,
42,,400,The Vatican,The Holy Man of The Church Creek,"The Vatican is the spiritual epicenter of the Church on Earth. By purchasing this option, you gain ownership of the Vatican or a faithful replica of it. This sacred territory holds immense significance and offers three key advantages. Firstly, it stands as a holy haven, a bastion of divine energy that naturally suppresses demonic forces. Its sanctified grounds provide shelter to a community of several thousand people who share unwavering faith in your cause.

Within the Vatican, you will find a cadre of powerful Exorcists, the elite defenders of the Church. These devout warriors, among them three individuals equal in strength to Vasco Strada and Dulio Gesualdo, pledge their unwavering loyalty to you. Their unmatched combat skills and unwavering dedication will bolster your cause, ensuring the triumph of righteousness over darkness.

Furthermore, the Vatican houses a treasury of priceless artifacts bestowed by Heaven itself. While sifting through this vast collection, you will uncover extraordinary relics, each possessing its own unique power. These artifacts, blessed with celestial energy, stand ready to aid you in your divine mission. Lastly, you may turn the city into a warehouse attachment, and import it into future jumps.",,,
43,,400,The Lands of White,Vasto of White,"Inspired by Shirou's desire to protect everyone, you can now create a similar territory for your own use with this option. The Lands of White is a safe haven within Hueco Mundo, where Hollows can grow stronger without fear of conflict. The sheer amount of spiritual energy generated by your powers and abilities allows those within to grow at an incredible rate.

In addition to the vast spiritual energy, this land is protected by numerous defenses, including a massive army of elite Hollows, among whom there will be a few Vasto Lords, each loyal to you. These defenses are strong enough to deter any invaders and ensure the safety of those within. Moreover, the territory is replete with resources, ranging from rare materials to spiritual artifacts. As the owner of this land, you have complete control over its governance and can dictate the conditions of entry and residency. You may even extend your protection to other beings or factions that align with your goals.",,,
44,,400,Planet Artoria,Fate/Saber Wars,"You’ve struck gold now! While prospecting out in the deep regions of space, you found a miracle reserve, a gas giant planet with a massive core of pure Artorium. There’s surprisingly solid ground down there, for a gas giant, so you managed to slam down a few handy space elevators and get the mining operation going. There’s enough Artorium here to power a civilisation for centuries and make you an extremely wealthy Servant if you don’t wanna hoard it all to yourself. That’s not even getting into how much magical energy can probably be extracted from the shining gold orb at the core of the planet.",,,
45,,400,Temple of Solomon,Fate/Legends: Oasis of Fantasy ,"A place that has long been abandoned or, at least, a replica of the one currently in use. The Temple of Solomon is perhaps the grandest magical workshop ever to be created, one so great that it does not even exist in the mundane world. Sealed away in imaginary number space, it is only accessible to others through highly complex and difficult magical workings, though you can enter your hidden base with nothing but a thought provided you are not blocked by some means. The temple itself is quite large, with the small dimension covering several city blocks of area and the building being the size of a large mansion. Within is almost every one of Solomon’s personal notes and research on magecraft and magic, along with a great deal of lore from other famous magicians of his time and from later on as well. The small dimension has been connected to a replica of Solomon’s created magical circuits which empower the framework the workshop sits on, serving to provide a immense magical fuel source for any project you might wish to run within this space as you can freely draw on the amount of energy the King of Magic had while alive when you are in here. Finally, death in this realm is not permanent and it is far easier to bring back those who die when it is within this place. For your purposes, this means that dying in this temple will not count as an end to your chain. You may import an existing structure into this role.",,,
46,,600,Building Site,Fate/Apocrypha,"You have land to build on, one that could fit a good-sized fortress on, hidden from the surrounding area by trees and general isolation. Isn’t that enough? No? Alright then, this is fiat-backed prime real estate for building. Namely, you can build absolutely any structure here. So long as you somehow own the materials, or at least are able to immediately pay for them with your own money, you can construct pretty much any building you know how to construct, the material somehow disappearing from its place of origin and appearing here, with further costs to you varying for any specific construction approaches. Nobody will find this strange unless you point it out, and while there is a paper trail if you need one for any reason it will also become impossible to track down if that’s more convenient. Curiously, time of construction only appears to be instant for those observing, as from the construction’s perspective it seems to take as long as it would to realistically occur. If unoccupied, the structures within this Building Site can be modified in a similar manner, such as adding extensions or other improvements. If you want, willing people can share this perspective, though they don’t physically change or age with the pseudo-time passing so it can’t be used as some sort of time-accelerating exercise chamber, but could be used if someone happens to enjoy building work and ordering around ghostly construction workers. While this might seem oddly specific, it could be useful for structures that get more powerful the more time and effort is invested into them. Additionally, while the properties of the Building Site only apply to structures within it that are on the ground, there’s nothing stopping a structure intended as a building from being moved out of the Building Site by some means...",,,
47,,600,New Agency,Kara no Kyokai,"What is there for those who have no interest in reaching the Root, who look at the goal of all Magi and think it’s just a big waste of time? There’s money. Turning magecraft to mundane profit can be quite lucrative, as can be said for psychic powers or unnatural talents. You have a business of some sort that’s well suited towards your particular talents in this jump or will come into the ownership of one on adulthood. It’s already got a building to itself, some four storey and relatively well furnished if dusty location. A storeroom, a nice office and space for workshops if you have the time to set one up. It might be a private investigator agency, a mercenary outfit, an ancient antique shop or a exotic animal store. What makes the business special is the employees, rather than the location itself. The business naturally attracts employees in situations that have great need of employment outside of the usual channels. More importantly, they often have quite unique abilities. Usually moderately powerful psychic abilities, Demon Hunter heritage or even lesser non-human creatures like a few fairies that spy on others in exchange for sweets. Every few years, you’ll be able to take on a more valuable ally. Someone with a powerful pair of mystic eyes, a Dead Apostle that wants to live among humans or some other powerful entity. They’re easy to get along with and gain the loyalty of, potentially even coming along with this business as followers if you can gain their trust and devotion. If you merely desire a ordinary business without the penchant for attracting unnatural allies, you can buy one that otherwise works the same as the above for 300CP instead, still discounted to students.",,,
48,,600,Amazoness.com,Fate/Saber Wars,"In the new issue of the Gordes 500, they put your face on the front cover. That’s because you’re the head of Amazones.com, a galactic corporation that handles a large portion of all online commerce and deliveries in the region. Made and run by the battle hardened amazon tribes, these endlessly hard working Servants can deliver almost anything to almost anywhere. The company, through it’s many contacts with other businesses and Evil Gods, can source practically anything in time. Doujin goods from the early 2000s, humanity circuits for rogue AI, entire prefabricated mecha factories, pizzas, it’s all possible to buy and receive from Amazones. 

While you own the company as a whole, it is run by the hard working CEO, a white haired woman who relentlessly pursues efficiency and profits. She’s friendly, as long as you don’t talk about green haired Greek men around her. Additionally, as head of Amazones, you can draw on the power of the CEO spirits of the past. When drawing on this power, you quickly go bald, become even more obsessed with space and gain the ability to summon any product sold by your company in an instant. And there’s probably some extra magical power in there or something. 

For 200,000CP instead, you can simply subscribe to the Alpha Amazones service instead. You won’t own the company but you will be able to order from it anywhere and anywhen, even in future worlds. Almost anything that isn’t entirely unique can be obtained, as long as you’ve been to a world where it probably existed, but it’ll get pretty costly the wilder the purchase and cross-world delivery costs are just obscene these days.",,,
49,,600,King In Your Own Right,Fate/Legends: Empires of Antiquity,"You’ve taken charge of your own kingdom in full. While it may not be an equal for mighty Rome, it is no backwater kingdom either. You rule over a sizeable, wealthy and fairly powerful kingdom, one similar to the more powerful states of Greece or a smaller district of the Roman Empire. Your kingdom has a high propensity for bringing about heroes of varying levels as well, more often than not ones quite loyal to your kingdom. Someone like Heracles isn't likely to show up more than once a few generations but lesser heroes are quite common. While small now, the kingdom may be expanded and improved through your efforts and will retain those changes as you bring it forward to new worlds, where it will slot in to the world, fitting into history or appearing from nowhere.",,,
50,,600,Camelot,The Holy Man of The Church Creek,"The legendary realm of Camelot, birthplace of heroic tales and noble knights, beckons to you. Through the acquisition of this option, you ascend to the throne of Camelot, claiming both the land and the loyalty of its inhabitants. With this privilege, you hold sway over the legendary figures of Arthurian lore, including the valiant Artoria, the Knights of the Round Table, Mordred, and their allies. You have the power to determine the nature of your relationship with each of these illustrious individuals, shaping their allegiance to align with your vision.

Beyond the famed Servants, the realm of Camelot boasts a vast army of skilled knights and a thriving populace. These loyal subjects rally behind your banner, ready to fight for the ideals and honor of Camelot. The realm becomes a sanctuary, a bastion of chivalry and righteousness under your rule. Camelot itself possesses a richness of history and a wealth of resources. Lastly, you may turn Camelot into a warehouse attachment, and import it into future jumps.",,,
51,,600,Fenis Chaldea,Fate/Grand Order: SkyrimAnon,"The Security Organization For The Preservation Of Humanity is the magnum opus of a certain Marisbury Animusphere. Constructed over the course of a decade with aid from the wish of a Holy Grail, this little facility is one of the most important places in the World at the moment. And with this purchase, you shall be inserted into a position that will make you the director of Chaldea after the death of Olga Marie Animusphere, Marisbury’s daughter. As the director, you of course decide the direction of Chaldea as an organization, although it’s still recommended you point the Last Master of Chaldea at the Singularities and help them defeat Goetia.

Now, some elaboration on what this facility entails. First, Chaldea lies in Antarctica, built into a mountain 6 km above sea level. The very core of the facility is CHALDEAS, a conceptual model of the Earth. It is such a faithful recreation that it projects a magnetic field that protects the whole facility (and the mountain it’s in) from destructive cosmic forces, such as the entirety of time being incinerated. In future jumps, you’ll find that the facility will survive any form of cosmic disaster or destruction (as long as it’s not specifically targeted), and provide you with an opportunity to repair the damage done to the universe somehow, as hopeless as it might seem sometimes.

There might be something weird going on with CHALDEAS too, but nothing will really happen during your stay in this jump if you don’t use the Cosmos In The Lostbelt Addon, and without utilizing the Addon, you’ll find out that nothing comes of the pseudo-Planet’s weirdness in future jumps.

Another important thing is the Near-Future Observation Lens, also called Sheba. Aside from operating as a surveillance system for the facility, it is also used to observe CHALDEAS, observing the true Planet Earth by proxy. It is with this Observation Lens that the staff at Chaldea can observe the timeline and obtain coordinates for Rayshift destinations. Additionally, it comes with Rayshifting technology, and enough Rayshifting Coffins to transport a few dozen people. Well, used to at least, as most of the Coffins were heavily damaged in the explosion that sabotaged the first mission.

Additionally, it also comes with simulation technology, able to simulate any battle you have data for, and thanks to the spiritron nature of the simulation, able to have your enemies drop real magical materials on defeat. Perfect for grinding, no? Chaldea’s summoning system can also record the Saint Graphs of powerful people you meet, although if they are too powerful, they might not be summonable at their full power. On top of this, it has databases that can store the Saint Graphs and bonds of Servants you’ve summoned or even simply made contracts with, so that you don’t lose your friends even if you have to unsummon them. You can also simply have your Servants roam around the facility in low-power mode, as weak as a human but requiring next to no upkeep. And finally, all this is powered by the Fire of Prometheus generator, a magical energy generator that strangely always seems to be able to provide as much energy as the Chaldea facilities require. Perhaps a certain immortal mage is behind this. As the director of Chaldea, you’ll be in the middle of the coming conflict. Stay safe, and remember to take care of your new facility.",,,
52,,600,Wizard's Tower,Fate/Legends: Garden of Avalon,"Avalon is the land of the fairies, an almost unreachable realm that has only seen a handful of human, partially or fully, visitors in all of time. Within Avalon, there can be found smaller realms, such as the one that Merlin will eventually come to be imprisoned within. The realm you find yourself with access to is similar to that realm but does not imprison you. This place, a small dimension measuring a few miles across, is filled with a field of gorgeous flowers. In the centre of the dimension is a tall wizard’s tower. There are many rooms, workshops and laboratories within this tower, filled with extremely rare materials, resources, reagents and magical curios, as well as a fair few creature comforts and luxuries. Many of these resources will replenish in time too. There are even a great deal of books written on various magical subjects, some by Merlin himself and some by those much older than even him. You may enter this realm with just a thought, through all but the most powerful and thorough of preventions against dimensional travel, and exit out into any location without those most powerful protections. While others can potentially invade your dimension should they find out about it, the tower realm has protections against invasion on a similar level to the sheath Avalon does when activated.",,,
53,,600,Dun Scaith,Fate/Legends: Land of Shadows,"A dark land, one where monsters roam and the great hermits that grew beyond the mortal world have come to call home. The Land of Shadows has granted access to you and unlike many of it’s inhabitants, you may come and go as you please. You posses an enormous castle in this sunless dimension, one the size of a small city in the world of mortals. Not that anyone else lives there but it makes for an impressive home. There are many strange beings in this land that unlike normal, avoid you unless you go looking for them. Mighty beasts with which to hone your skills and power against, ancient and immortal hermits with almost no end to the skills and knowledge they could dispense should you prove an interesting disciple. Perhaps even a travelling partner could be found here, a woman who seeks something to spice up her life after so many years of only wanting it all to end. For a supposedly dead land, there are many great resources to be found. Additionally, you also have the ability to summon the Gate of Skye, a massive ghostly projection that leads to and from the Land of Shadows. Unless they come with your permission, being in the presence of this Gate when it opens is a terrible idea, as it sucks away the life force of those caught in it’s vicinity in just seconds, requiring immense magical energy reserves or supernatural luck to avoid such a thing happening. This cannot be imported into. The occupants, monsters and people, of this land are new in each world, fitting to where you find yourself.",,,
54,,600,Dark Maana,Fate/Saber Wars,"That’s no moon! It’s the Dark Maana! That huge dark orb in the sky is a massive space station, constructed with cutting edge technology and a core of primordial mystery from the previous universe. That mystery provides immense power for the station, letting it run all the technology and facilities found within. The fortress itself is almost unbreakable due to this construction, holding up to anything less than a powerful Noble Phantasm without a scratch. 

It’s literally a city inside, able to house the headquarters of a galaxy spanning evil organisation, and already has the thousands of minions needed to run the space station itself. A fleet of over fifty powerful warships patrols the sphere, only a portion of what the station could dock as there are multiple airports and launching pads throughout. The base itself is heavily guarded, externally and from within, letting it serve as the perfect homebase for any kind of faction. 

Additionally, due to the way it was made, the Maana is an extremely potent site for all magical rituals. Not only does it act to vastly enhance the power of such things, it can even alter their parameters, changing targets or the rules to be significantly more in your favour. A ritual to resurrect a primordial goddess could instead focus all her power into a suitable host, leaving out the unneeded personality.",,,
55,,600,Demon Empire,Grand Foreigner,"When Ainz asked Baal what his deepest desire was Baal told him that he wanted to create a kingdom for his people. Admittedly this was mostly due to him proclaiming that he can’t actually be a king if he lacks a kingdom. This is an entire planet designed to be inhabited by Demons. It is filled with various demonic entities of all types. There are a couple billion demonic beings throughout this world. This world comes with fully developed cities and all of the other infrastructure needed to fully support this population. You are considered the ruler of this world and have the absolute loyalty of all the demons here. Post-jump you may turn this empire into a warehouse attachment. Lastly, if you purchase this item multiple times then you may either merge the planets into one super-sized kingdom or effectively create your own solar system with multiple demon worlds.",,,
56,,600,Hueco Mundo,Vasto of White,"Hueco Mundo is a unique dimension created by Shirou using his Reality Marble to forge it into existence. This world was originally intended to be a safe haven for Hollows, where they could live and grow without fear of persecution. By purchasing this item, you can create your own version of Hueco Mundo and become its master. This world will be a sanctuary where you can enhance your powers and the powers of those within it. While in this dimension, your abilities will be supercharged to an incredible degree. In addition the world itself can be used as a weapon. Both Shirou and Yhwach used their respective realms as powerful weapons when it finally came time for each of them to fight. 

This world has the ability to naturally give birth to and enhance those within it. By default, the world will be suited for Hollows and Arrancar, but you may customize it to be suited for other beings if you wish. For example, if you desire a world that is suitable for the Shinigami, you may modify it to be so. This item can be purchased multiple times if you have the resources to do so, allowing you to create multiple versions of Hueco Mundo with different characteristics.",,,
57,,600,Upon the Fields of Avalon,Fate/Hollow Ataraxia,"As an immortal spirit, you have fought long and hard for your cause. You have earned your place among the heroic spirits, but even then you have earned far more. You may create your own version of an afterlife with this perk. You may design it however you want, but nothing done, seen, nor heard can be taken out of it. This means that, should you exit this “afterlife,” you will remember nothing of what took place while you were in it. You can only enter this afterlife upon death; if you have perks that allow you to come back to life, you may choose to be resurrected when you are done living in your afterlife. Time stands still while in the afterlife if you are not permanently dead (otherwise it’s 1-1 with your reality), so no time will pass aside from what happened once you died to the point that you come back to life. It is possible for others to enter your version of the afterlife, but in order to do so they must qualify for heroic spirit status, and even then... Should you actually die permanently, you may choose to abolish this “afterlife” if you so desire. Every time you end up in the afterlife, you will regain your memories of time spent previously in it (as well as any and all memories you may have forgotten or lost somehow). Note that this “afterlife” does nothing to help bring you back to life (you must already possess a way to resurrect before dying or have someone in the real world resurrect you). This perk does absolutely nothing on its own to prevent your chain from ending. People in your afterlife may leave it whenever they desire but will be ineligible to come back unless they left because they came back to life. To be clear, your afterlife can be most anything that you want (so long as you’re not trying to abuse this perk somehow to gain far more than what is clearly intended).

Capstone: Your custom “afterlife” has now become an alternate dimension instead. While able to function as the above if you so desire, you can now enter and exit it freely. Those who qualify may also be brought along, though the restriction on bringing or taking things from the afterlife still exists. While you won’t be able to remember what happened during your time in this dimension, you will be able to access vague memories through your dreams (this can’t be affected by any perks; the memories will always be vague). Additionally, should you acquire or already possess a full fledged religion of your own, you may make this afterlife an official afterlife of your religion where all of your followers go when they die. You may optionally section off your afterlife into divided spaces based off of whether someone was eligible to be a heroic spirit or not (you may also connect these divided spaces as you desire).",,,
58,,600,The Forbidden Library of Bibliotheca,The Holy Man of Church Creek ,"The Forbidden Library of Bibliotheca stands as the pinnacle of knowledge, a vast repository that transcends time and space. Created and curated by the Great Demon Dantalion, this magnificent library holds within its hallowed halls the sum total of all knowledge that exists in the known and unknown realms. Within the grand architecture of Bibliotheca, countless shelves stretch to infinity, adorned with tomes, scrolls, and manuscripts that contain the accumulated wisdom of civilizations past and present. Every subject, from history to science, magic to philosophy, is meticulously documented within its vast collection. No matter the query or curiosity, Bibliotheca holds the answer.

Beyond conventional knowledge, the library delves into forbidden secrets and esoteric lore. Hidden among the shelves lie forbidden tomes, manuscripts of arcane rituals, and writings that resonate with the very essence of the universe. These pages whisper ancient truths and unlock the mysteries that lie at the roots of reality itself. Here, the seeker of knowledge can uncover the forbidden and explore the depths of forbidden wisdom. Post-jump, it seamlessly expands its collection to encompass the knowledge of the new setting. It becomes a nexus of understanding, absorbing the wisdom and lore of each world it enters.

Lastly, the library will come fully staffed by a group of faithful librarians. These librarians possess extraordinary expertise in various fields of study, they can tirelessly seek out and organize the vast expanse of knowledge within Bibliotheca, making it readily accessible to those who seek enlightenment. The librarians of Bibliotheca are devoted and knowledgeable guides in the pursuit of knowledge. They are not only adept at locating information swiftly but also possess the ability to conduct research and decipher the most cryptic of texts. With their assistance, you can delve into the depths of ancient mysteries, uncover hidden truths, and explore the untapped potential of forbidden knowledge.",,,
59,,600,The Kingdom of Heaven,The Holy Man of Church Creek,"Welcome to the ethereal realm of the Kingdom of Heaven, a majestic city that floats gracefully amidst the billowing clouds. This celestial kingdom is composed of the Seven Heavens, each embodying its own unique purpose and grandeur. Ascending to the First Heaven, you will find yourself amidst the shimmering realm where reincarnated souls and lower-level angels dwell. This heaven serves as the primary bastion, fortifying the defenses of Heaven itself against all threats that may arise. It is a realm where the harmony of souls resonates, forming an unbreakable bond. Venturing further into the Second Heaven, you will witness a domain of imprisonment, designed to confine the traitors of Heaven and those who pose the greatest threats to its sanctity. Here, the eternal flames of justice burn, forever warding off discord and treachery.

The Third Heaven unfolds before you, a vast and immeasurable realm that houses the souls of devout worshippers. Stretching to the farthest horizons, this divine realm embraces the Tree of Life, a symbol of eternal vitality and the interconnectedness of all living beings. Behold the Fourth Heaven, a realm of unparalleled beauty and serenity, where the mythical Garden of Eden flourishes in all its glory. Here, you shall discover the sacred Tree of Wisdom, its branches reaching towards the heavens, bearing the fruits of unparalleled knowledge and enlightenment.

In the Fifth Heaven, the vast expanse transforms into an unparalleled research center, where the inquisitive minds of the Grigori delve into the mysteries of the cosmos. Laboratories of unimaginable complexity and sophistication pave the way for groundbreaking discoveries and inventions that shape the very fabric of existence. Ascend to the Sixth Heaven, the beating heart of the celestial realm, where the majestic Seraphs reside in their radiant glory. This celestial core is fortified by a formidable barrier, impervious to all but the mightiest of Skyfathers. Within its protective embrace, the Seraphs safeguard the essence of Heaven and embody the pinnacle of celestial power.

Finally, reach the Seventh Heaven, the celestial abode of the divine Creator itself. This sacred realm serves as the dwelling place of God, the ultimate source of all creation. Within its sacred halls lie the intricate systems that govern the celestial realms, weaving the tapestry of existence itself. Accompanying your acquisition of the Kingdom of Heaven is a formidable host of angels, an awe-inspiring army led by a dozen Seraphim. These celestial warriors stand as paragons of strength and virtue, ever ready to defend the sanctity of Heaven and serve you should you call upon them. You may freely design any of these Angels including their appearances and personality if you wish.",,,