0,,CP Cost,Name,Jumpchain,Description,PERKS,COVER,36
,,,,,,,,
,,100,Redshift Jumper,Tsukihime,"The greatest expression of power isn’t anything as subtle as presence or a mere sense of having moved forward somehow - it’s bright and flashy colors that show you’re not someone to mess with! When you achieve or use any supernatural power of your choosing, you may have your body change in appearance somehow to match it - whether a different hair color, longer hair, a change in skin tone or eye color, or other ‘minor’ changes in appearance. This is purely aesthetic and doesn’t allow full-blown shapeshifting, but you can freely customize when and how these forms appear, as well as change the appearance of similar transformations that don’t change your body very much freely. This can be toggled and adjusted at will.",,,
,,100,Golden Rule (Body),Grand Foreigner,"Golden Rule (Body) is a simple skill possessed by Da Vinci. This skill allows her to freely alter any aspect of her appearance including her gender and other unique characteristics. The only restriction is that these changes can only be cosmetic. For example, you could grow a pair of wings, but you wouldn’t actually be able to fly using them. Simpler changes include height, hair color, age, and other common cosmetic changes",,,
,,100,Jumper Larva,Fate/Extella,"Surviving terrible danger and injury is one thing, coming back from it safely is an entirely separate ordeal. This safety mode you now have makes it much easier. When badly wounded or critically low on energy, you can enter a Larva state that reduces you to the appearance of a child. Your overall power is cut to a tiny amount of your normal ability but your current negative conditions from your true form are sealed away, allowed to heal without endangering your actual life. Being hurt again while in this child state will force you to deal with the wounds as normal, changing back while negative conditions have been sealed but before they have fully healed only results in them being re-applied. You’re awfully cute as a Larva though, it’d take a real bastard to want to hurt you like that.",,,
,,100,Phantom of France ,Fate/Legends: Vive la France,"Sometimes beauty must be found on the inside, since the outside is so monstrous as to drive any normal person far away. The heart of some kind of monster beats in your chest, visible outwardly by the vicious claws that you can turn your hands into on a whim. Able to cut steel like it was air, they’re supported by the murderous instincts you have that make it feel natural to hunt and kill others. Others might see that you move in an inhuman manner, like a beast or ghost, but it just makes you even harder to put down. However, despite the unnatural power you have, your mind remains clear. You have a strangely strong control over your own desires and emotions, letting you keep any urges to kill and slaughter clamped down on.",,,
,,100,Demon's Youth,Fate/Legends: The Land of The Rising Sun ,"That noble spirit suffuses your body, imbuing you with the energy of a wild dragon even in your old age. The strength of your prime remains with you even as your body ages, bones and muscles never coming to creak or wither despite your maturing looks. Even abilities or talents that would normally leave you as you stop being a child remain with you or reappear in time and with some concentration, you can revert your appearance between different periods in your life, looking young once again or taking a more adult look. This won’t change your actual age or prevent you from dying in time but it is useful for disguises and for enjoying the mindset of someone younger than you, still filled with wonder and innocence that you might have lost in the years since.",,,
,,100,In the Guise of Man,Fate/Legends: Empires of Antiquity ,"Both the half-monsters and those fully entrenched in the other side may find times when taking a lesser form, a human form, is almost vital to their goals. Like many of the more experienced or magically powerful creatures of the world, you are able to swap between monstrous and human forms or in between states at will, able to draw on just a small part of the power of your true form when as a full human or taking a smaller, humanoid state that keeps some of your monstrous traits to retain a larger fraction of power.You do need to draw on everything at once, so taking on some of the power of your monster form when that monster form has intense killing instincts will force you to take some of those instincts on as well. It can be helpful though, to gain the use of opposable thumbs without reducing your capabilities too far. This applies to other alt-forms or races as well, allowing you to take human or humanoid forms in them without fully giving up the powers of those forms. It’s also possible that, with significant experience or magical skill, you could learn to retain a greater percentage of power despite taking a human state.",,,
,,100,Beast of Legend,Fate/Legends: Strange New World ,"In the woods of olden times, strange things roamed. Things that science couldn’t explain yet they still existed. One of those things might even be what you’ve become now, a beast of folktales and legends. Taking this grants you a new form, even a transformation from a normal human form if you want, that turns you into a massive, monstrous version of an animal native to the Americas. A mighty wolf with a head the size of a man’s body and unnatural speed, a vampiric bat with a wingspan greater than a house that sucks horses dry of blood in one gulp, an invisible predator with too many deadly talons and legs or even a murderous duck capable of swallowing people whole. Whatever form is chosen, you gain excellent instincts for using that form in combat or hunting and most normal people will be unable to put up much resistance, even with basic firearms, against your might.",,,
,,100,Beast Form,Fate/Legends: Empires of Antiquity,"No beast is such without a form to match. You’re no common beast either, not a wolf or a hawk or anything so mundane. Centaurs, Minotaurs, other hybrid creatures. Little drakes and would-be hydra snakes. You have the form of a beast but for now, it’s still a little beast. It might be because you are young and inexperienced or it may just be a beastly form that is not that far beyond a normal human. Whatever you choose, you’re a fair bit stronger than any ordinary human, bending steel and travelling faster than a horse is a simple matter, but you don’t have much power to threaten a hero with. Any magical abilities you have, if any at all, are very minor such as spitting smaller fireballs as a drake and you have the instincts to perform well as a natural member of your species, in and out of combat. Depending on your choice, you may grow significantly stronger with years of growth and/or effort but your potential is not particularly higher than any young hero. Your monster form will become an alt-form at the end of the jump.",,,
,,100,Inhumanity,Fate/Legends: The Land of The Rising Sun,"More than many countries, Japan was filled with mystery. Spirits, demons and monsters populated these lands, feasting on the superstitions of it’s people. You’re just another of these hungry beings, a youkai who calls Japan it’s home. Through this option, you are able to choose a inhuman creature from Japanese folklore and make that your new kind. You’ll likely gain an inhuman form because of it but will retain the ability to transform into a seemingly normal human at any time, allowing you to disguise your nature at least cosmetically. The powers you gain from whatever race you choose are not especially potent. It’s likely you’ll have superhuman physical abilities, enough that an ordinary person has no real chance of fighting you, and several minor magical powers as well. A kitsune who can naturally craft illusions and create fox-fire to burn hunters is a fine example. Whatever choice you make, you will grow stronger and gain more varied abilities over time. While this has a limit far below that of the Three Great Monsters, such as Tamamo no Mae or Shuten Douji, a few centuries would make you a threat to a human army, a terror with potential magical powers. 

Oddly enough, it appears that dinosaurs are also able to be chosen through this option, even though they’re not anything like a traditional youkai. The average Japanese villager probably won’t care much for the difference between an Oni and a Tyrannosaurus Rex though.",,,
,,200,Appearance Customization,Fate/Extra,"Personalised Avatars are all the rage these days. Well, they would be if you weren't fighting for your life at least. In any case, you've learned how to customise your appearance to an extent. You can't do drastic things like becoming a dragon, but as long as it is reasonably human-like, you could make yourself look like it. You can also apply this effect to armour, weapons or even magic, though you'll only be able to recolour them.",,,
,,200,Fou Fou,Fate/Grand Order,"What a soft, cuddly, cute little thing you are. I’d call you a puppy or a kitty but you seem to be a unique sort of little fluffy animal. Who could imagine you were actually a dangerous dimension traveller? Well, pretty much no one. You can take on the form of a small, fluffy animal of your design at will and when in this form, your true power and true identity is totally hidden from everyone. No matter what they use, they will be unable to discern your abilities, the level of your power or who you truly are, though they might be able to get some hints if they use really roundabout methods. Being in this form does not hinder your abilities either, despite the teensy tiny puppy size of it. You’re just as strong and lethal in your full size as you are when you take on the form of a magical lap kitty.",,,
,,200,Beast of the Soul,Fate/Legends: Empires of Antiquity ,"Talk of spirit animals is hardly just jesting back in these times and for inhuman beings, it’s almost commonplace. Many monsters have a supernatural connection with a kind of animal, often one they resemble themselves, such as the dreaded Gorgon Medusa and her snakes. Taking this allows you to choose a kind of animal, such as snakes or spiders or wolves, and gain a potent magical association with them. Not only can you expend your own magical energy to create these animals in different kinds and, with enough energy, even supernatural capabilities, you can also freely command any example of the species not more powerful than yourself. You can even turn parts of your body into that animal or parts of that animal, such as turning your legs into those of a spiders or your hair into snakes. In regards to skills or magic associated with your animal, you’ll also find greatly increased ability. A snake would make you much more flexible , have greater skill with chain and whip weapons and heightened ability at the use of stealth, along with thrice the power when using magic specifically associated with snakes.",,,
,,200,Shape-Changing Spirit,Fate/Legends: The Land of The Rising Sun,"The form of a youkai is not a singularly defined thing, not limited to just one manifestation. Many of these beings have the ability to adjust their form, though few can do it to the level you begin to unlock. Innately, you are now able to morph and warp your physical form. At first, this is between humanly possible forms and sizes, allowing you to take one on if you currently lack one. With time and practice, you’ll be able to extend this shapeshifting to more extreme sizes, as well as to various animal forms and even monstrous shapes. It’s easiest to grow this towards things you have an affinity for, such as fox forms for any kitsune. Additionally, you’ll find that you have a great talent for any kind of magic that manipulates the forms of living beings. With a small amount of work, you can even learn to combine your new natural shapeshifting ability with magic you are able to cast, letting you change the shape of your spells or even make the magic you cast appear as yourself, creating easy decoys or turning touch activated spells into illusory images of yourself.",,,
,,200,Red Rage,Fate/Legends: The Land of The Rising Sun,"The classic expression of what an Oni is, power and rage and stature to crush any mortal man. Only the great heroes could stand to these towers beasts, such as what you’ve become. Your body can transform to an extent now, able to change into an innocent, child-like form without losing your normal power or increasing your size and musculature to grotesque extents to gain more power, turning into a monster that grows as your magical power does. Beyond this outward expression of power, you can tap into the same demonic fury that gives Oni like Ibaraki their names, a raging state that greatly increases your physical power. While initially you retain control, the more you loosen your hold, the greater the benefit you’ll gain and the more horrendous your appearance becomes.",,,
,,200,Drops of Deception,Fate/Extra CCC,"How wretched. A horrible thing. A skinwalker even, a dangerous predator that could lurk within the face of anyone you know. You now have a particular ability, one that lets you act as someone else basically indefinitely, should you kill them and consume their data, their mind and soul. Once you do this, you’ll be able to take the shape and form of your victim, and you’ll be able to act perfectly like them. Like this, you count as whoever your victim was, for spiritual or magical purposes. You’d be completely indistinguishable, to the point not even the Moon Cell would be able to realize that you’re behind a mask. You’ll be able to imitate the abilities of your victim to some degree, too, but you won’t be able to push them further, you’ll be stuck with exactly what you obtained, and you won’t be able to replicate any abilities that would be beyond you normally. You could bide your time for as long as you wanted in an essential position, to gather information or to simply hide, although once you drop the act and shed the stolen form, you won’t be able to use it again, as your victim would be long dead already. What are you even planning to do with this?",,,
,,200,Robin Goodfellow,Fate - The Island of Sin,"It’s hard work, single-handedly running a conspiracy to destroy the world, especially when you can’t let any of your “collaborators” know that you’re doing it. In this line of work, knowledge is king. You need to find information (without looking suspicious!), sort truth from fiction (and vice versa!), disseminate information (without making it look like you’re trying to spread it), and manage a large host of contacts across the nation (without letting them know they’re being used). 

Fortunately for you, you handle such intangible matters as information and interpersonal relationships with supernatural ease. People open up to you easily, and you’ll find that you’re always connected to the pulse of the rumor network and the latest trends (which of course is something else you know how to twist to your advantage). You know what to say to get people to calm down, how to smooth over even the worst faux pas, and can convince even the most hardheaded and elitist of individuals to give you the time of day.

That said, you can’t run this sort of information network while staying in one place—it’s too easy to realize that you’re some kind of mastermind if you did that. No, you’ve got to travel all over the place, all the time, to keep in touch with your contacts personally. And you certainly can’t be seen heading from place to place—that would be a surefire way to get caught in your conspiracies. 

That’s why you can shrink yourself, becoming so tiny that you could ride on the back of a moth. This takes a moment to pull off, and makes you proportionally weaker than you were at your full size, but doesn’t reduce your intellect as it does for Oberon. Your talent with riding is beyond what a human could imagine, to the point that you could safely accelerate that meager moth to 130 kilometers per hour.",,,
,,300,Chimera Parca Fusion,Vasto of White,"You possess the unique ability to fuse with two other individuals to create a powerful being, merging your spiritual energies and abilities together to form a single, unified entity. This fusion allows you to tap into the strengths of each individual, amplifying them to a greater degree than before.

The fusion requires the removal of your right arm, which will combine with the arms of the other two individuals, creating a trail of red spiritual energy that assimilates and merges together to form the Chimera Parca. This fusion not only amplifies your physical strength but also your spiritual abilities, allowing you to cast powerful spells and attacks with greater ease and potency.

While in this form, you possess heightened senses, speed, and durability, making you a formidable opponent in any battle. The fusion lasts for a limited time, and once it ends, you will revert to your original form, having expended a significant amount of spiritual energy. However, the power and abilities gained during the fusion make it a worthwhile risk in any battle.",,,
,,300,Justice of God,Vasto of White,"Upon activation, this perk allows you to harness the spiritual energy of the air and surroundings to fuel your transformation. Once transformed, you gain full dominance over the spiritual energy in the surrounding area, exponentially increasing your absorption rate to supplement your lacking reserves. However, you may face a challenge when dealing with certain types of spiritual energy.

If you encounter spiritual energy that is corrosive or harmful to your body, you have the ability to purify the energy removing the harmful aspects. This allows you to avoid being harmed by the energy while still gaining the benefits of absorbing it. In addition, you can use your control over spiritual energy to manipulate and redirect attacks, making you nearly invulnerable to any spiritual attack that comes your way.

However, due to the nature of this transformation, it requires a significant amount of spiritual energy to activate and maintain. The denser the energy, the more difficult it will be to manipulate. Therefore, it is best used sparingly and strategically, so that you can avoid being overwhelmed. ",,,
,,400,The End of A Thousand Years,Tsukihime,"All True Ancestors suffer from an instinctive but purely psychological bloodlust that they must suppress using their own powers in order to act rationally and control themselves. Your unusual condition doesn’t make this much of a problem as a True Ancestor yourself...but you’ve either found a way to safely tap into it or just have anger issues powerful enough to make you into a rampaging monster. You may choose to tap into this bloodlust and stop holding yourself back, complete with glowing yellow pupils and red irises, which greatly enhances your physical strength and killing instincts, turning an already-frightening opponent into an almost apocalyptic terror - and all abilities geared towards murder and destruction are likewise enhanced, with an attack that could kill one instead killing dozens, or destroying a building becomes destroying an entire block. Strangely, you have enough reason in this state to direct your wrath to those you feel deserve it, avoiding allies and what you deem unnecessary collateral or sadism, and can snap out of it at will. Your kin might be a bit jealous you can so easily free yourself from being rabid...but does that really matter?",,,
,,400,"I, Ripper",Fate/Legends: God Save the Queen,"So many interpretations, so many ‘true identities’, who could ever stick to just one? Rather than becoming one part of the Ripper Mythos, you are the very mythology of Jack itself. Your form becomes that of an insubstantial and invisible spirit at it’s normal level, albeit still able to return to your original state. While in this spiritual form, you can instantly take on the form of anything that has been believed to be Jack the Ripper’s identity before. Specific humans, nameless men filling the occupations of Scotland Yard detectives or London doctors, wild animals, even inanimate objects have at times fulfilled the role. It is even possible for some forms to update to your current time and place. Jack the Ripper has been believed to be part of the police force more than once, without further specification, and that can manifest as an officer of his times from London or one from your current city and year. 

Whatever traits your decided form has, you also copy to yourself, albeit at a noticeably reduced level of power. However, while the level of ability is not the same, you are able to flawlessly act out your chosen identity and role. It is even possible to create the tools and items connected to the identity, such as a uniform and any needed weaponry. A specific identity is also worth mentioning, given it’s unique functions, which is the belief that Jack the Ripper was no being but a madness instead. Taking on the form of a mental illness allows you to corrupt and even possess living things through your spiritual form.",,,
,,400,From Hell,Fate/Legends: God Save the Queen,"A demon? Certainly, it’s been thrown around as a theory by those inclined to believe in the supernatural. It never got much credit in the age of reason, the idea that Jack the Ripper was so evil that he could not even be human. But sometimes people don’t want to believe that humans can be so foul and in doing so, their belief only gives power to the monster they make in their mind. Through the minds of others, you can take on the form of a unique kind of phantasmal beast. This demonic form may vary according to your particular style of horror, as will the way your surroundings changed. The classic interpretation of Jack as a demon was that of a enormous blue- purple beast, whose presence filled the air with foul mist, the land with pockets of magma and transformed plants and animals into hellish imps or devils. 

The power of this form is at it’s best when in Jack’s natural territory, densely populated cities. The more people present within a five kilometer radius of you, the stronger the transformation becomes. In total isolation of others, your demonic form is only as deadly as a tiger or other large predator beast. In the middle of a city, you’d have enough power to contend with Heroic Spirits of the Knight classes, with strength to tear through buildings with ease. Because it is the beliefs and fears of humans that empower you in this demonic form, your own attacks and powers become more potent as this form’s strength increases when used against humans.",,,
,,400,Riastrad,Fate/Legends: Land of Shadows,"A legendary fury that only the greatest and most naturally inclined warriors can enter. The Riastrad, known as the Warp Spasm, is a transformative state that you have now discovered the ability to trigger within yourself. Trigger it and your body will begin to change. Your muscles will bulge and your stature grow far beyond any mans. Your bones will twist and warp, yet not hinder you at all. Even your hair will become a deadly weapon, turned into sharp spikes that stand on end. In every way, you will become an ungodly beast. Yet this hideous form comes with immense power, greatly magnifying your physical abilities. Few warriors could resist your blows in this form or keep up with the speed of your mad charges, even should you be a mediocre warrior in your own right. The transformation may grant you tens as times as much power as before but it drives you into a near mindless frenzy, robbing you of the use of much of your skill in combat and other intelligence, though you can still distinguish friend from foe in a vague sense. You are also able to reform from this transformation at will.",,,
,,400,Regression to the Age of Gods,Witch on the Holy Night,"Among the Phantasmal Beasts, there are those that are special even among them. We speak of the Elementals: Spirits that are the planet’s sense of touch. You can freely shapeshift, becoming a giant monkey, a fair young child or a golden wolf-all of which are capable of shrugging off bullets and rockets like water merely with their hair, and even though sufficient raw magical energy can affect you where complex magecraft alone collapses withstanding a fifty-ton magical impact is well within your capabilities. Gender is basically aesthetic for you. And even if you could not, you could regenerate from your own heart. But your greatest ability are the unique Magic Circuits known as Regression of the Age of the Gods-gifted with the unique power to recreate Mysteries predating even True Magic itself. Your combined abilities let you engage some of the oldest monsters still walking this planet that can decide the fate of countries. Your status as a being superior to mere mortals is no idle boast-it is a simple, quantifiable fact.",,,
,,400,Constitution That Accepts Every Desire,Fate/Legends: Nirvana Yuga,"If there are an infinite number of desires in the world, there must also be an infinite number of pleasures to answer each and every desire. Is it not a kindness to mankind that you take on that role for them? To take form as their deepest loves and lusts to satisfy the wishes of their hearts? But it is a truth that you can take on new forms to suit desires. At it’s most basic form, this is merely to change your physical form into the appearance most desired by one of the desire-feeling beings you can feel at that moment. Not gaining new magic because of it but otherwise taking on new physical traits out of that desire onto your normal form or taking a new appearance entirely as appropriate. 

The power is that for each being you perceive that feels a desire, you can create a new form entirely. An extension of your original body under your control that expands your awareness into it, like a sixth finger that is no more complicated to move than your own body. Each new body will begin weak but quickly grow until it matches your original form identically, with no limit on how many expressions of yourself you can create beyond needing to remain able to perceive those beings whose desires you draw on. If you are the representation of all desires of man, then every desire is just another way for you to manifest. Your original body is still vulnerable but these external copies of yourself give no cost to you to make or to have killed. Become an ever expanding core from which all the wishes of Mankind are fulfilled.",,,
,,400,Unthreatening,Fate/Grand Order: SkyrimAnon,"How could you possibly be a danger to others, with your weak human arms and nonexistent magical power? Whether or not you have a hidden trump card, all your enemies, and even your allies, think this way. As long as you don't show a level of capability beyond that of an unremarkable, untrained human, nobody in a battle will really bother with you, leaving you alone in favor of focusing on more dangerous threats in their eyes, to the point you could calmly walk through a battlefield filled with Servants and Demon Pillars with assurance you would be completely ignored. Even if you're the only possible target, your enemies will mostly just toy with you at most. Additionally, you can take on a form that resembles that of an entirely normal human person, the specifics of which are up to you and may be designed on purchase of this perk. Taking on this form will completely hide all of your powers and magic, to the point that even an incarnated Servant would seem like a completely ordinary human to even the most powerful sensors. And, of course, there are limitations to this. The moment you show any amount of supernatural or superhuman ability, whether attacking, defending, or even simply existing as a supernatural being, this protection is immediately rendered permanently useless against anyone who has witnessed the act. As long as such people recognize who you are, you won't benefit from this perk against them. But as you're truly a normal human, this is likely irrelevant, right? Or do you in fact truly have a trump card, a certain ring perhaps?",,,
,,500,Heart Eater,Fate - The Island of Sin,"What you possess now is the most powerful witchcraft known to the human Beryl Gut, the man who originally summoned Morgan le Fae of Proper Human History into the British Lostbelt, who promptly sent her memories backwards in time to her Lostbelt self. This doesn’t provide you the full range of Beryl’s magecraft, but it does bestow you with a very powerful ability; the power to transform into other creatures.

Of course, something so potent can’t be done casually. It requires you to first consume the heart of the creature (or simply a large portion of their body), which allows you to memorize their nature and transform into them at a later date. This transformation is complete; it doesn’t give you their memories, but it does allow you to assume their spiritual and conceptual appearance, ensuring that you have access to whatever powers and abilities they had in life.",,,
,,600,Refined Lesser Grail,Fate/Kaleid Liner Prisma Illya ,"As a lesser grail your magical capacity is immense, far beyond any modern magus. You also have access to a technique that involves temporarily converting part of your nervous system into an artificial magical circuit, a very dangerous procedure with a very high chance of death. If you were to use this technique to it’s fullest, converting your blood, muscles, nerves and everything you have into a magical circuit then for a brief instant you would be able to overpower even Ea, the sword that divided the heavens from the earth. Of course such power doesn’t come without a cost, utilising it to it’s fullest will damage your body to the point that without some means of healing the damage it causes to your body utilising it more than once per jump would prove fatal.",,,
,,600,True Shapeshifting,Generic Nasuverse,"Grants the ability to shapeshift into any living creature. If you've been exposed to the creature for long enough or have ingested part of their body (blood, flesh, hair, etc), this change gives you access to part of their innate traits and abilities.

The more powerful the creature you're shifting into, the more magical energy it takes to shift. However, it takes almost no energy to maintain a shift, provided that you fully shapeshifted into the creature.",,,
,,600,BIG GIRL,Fate/Legends: Strange New World ,"What’s with all this magic and trickery and sneaking? Why do you need to cast a spell or hit someone from behind? Do it like a real American and stomp your foes with your big boot. The biggest boot. Get huge. Be huge. You’re already huge? I didn’t even notice! How are you so huge!?

You’re BIG now, in case you didn’t realise. Big enough that people can mistake you for a small mountain. You’re a 2 mile tall titan, even the tallest redwood tree can’t even come up to your ankle. A stomp from you can be felt as a powerful earthquake across the country and you could take apart or put together mountains with your bare hands. You’re stronger than you look, as crazy as that sounds, as your flesh becomes more like iron than soft human meat. But you don’t need to stay so big. You control how big you are, able to swap between your original, non-giant height and your fullest size or anywhere in between. People somehow don’t notice the height change unless you point it out or do something drastic like pick them up with two fingers. Most things get drastic when you’re more than a thousand feet tall though. You’ll stay stronger than normal when little, so you can still punch through a sturdy brick wall easily enough but you’re only a heavy weight when you’re...a heavy weight.",,,
,,600,Metamorphosis,Fate/Legends: Empires of Antiquity ,"Into your body was placed the corpse of a certain legendary magical beast, which altered your body forever more. Their pelt became your skin, their muscles your own, their bones within your very body. Or perhaps that’s merely what it feels like when you activate the bestial transformation you now have access too. Your form is now an ever-changing beast in it’s own right, increasing your strength, durability, speed and agility, even your magical power to enormous heights. Not capable of contending with a divine beast, or the monster option above, but at least enough to kill lesser heroes easily or wipe a city clean of life in a day. It’s also possible to temporarily transfer this enhancement to weapons you hold, greatly increasing their potency and transforming their appearance while you hold them. But this is just the start. You are able to take on the forms of beasts that you have slain and eaten, such as placing the wings of a hawk onto your back to fly or granting yourself greater strength by taking on the limbs of a bear.

Your body has a special quality that allows it to constantly improve. Every moment you are in conflict, with a foe or the natural world around you, your body will slowly shift and improve itself until it can conquer that challenge. Gaining stronger muscles, growing new limbs, your skin thickening into armor, even seeing your magical abilities very slowly increase in potency or new powers slowly form within you. The progress can take hours for more significant abilities but providing yourself with worthy prey can ensure that your never stop improving as a predator.",,,
,,600,Monster of Myth,Fate/Legends: Empires of Antiquity ,"Sirens, minotaurs, harpies, centaurs. They’re impressive magical creatures but they’re not usually the sort of thing that a demigod would have stories told for triumphing over. That’s another breed entirely. They need things like what you are now to fight for legends to be made. The hydra, the nemean lion, the chimera. Dragons, demons, divine beasts of power such that they can challenge lesser gods. You’re able to take the form of one of these legendary creatures, even one of your own designs. With a physicality easily capable of killing most of the heroes of these lands and certainly threatening figures such as Heracles or Achilles, your threat is only further heightened by your immense magical power. Magic is so tightly entwined with your body that a few drops of your blood could match the output of mana from a modern magus. Cities and mountains would disappear before your wrath, should you have the means to make use of this energy.

 It’s well you do, several in fact. The legendary creatures of Ancient Greece were not known for just physical power. You can choose up to three magical abilities to have as innate parts of your form. The Hydra’s infamously toxic breath and multiplicative regeneration or the Nemean Lion’s immunity to all works of man, even the mighty breath of a dragon and their unique reactor souls. The less abilities you pick, the more powerful the magical ability but even three at once would each be things to prize. Additionally, your current state is not the end of your advancement. Should you perform monstrous acts while in this form, such as indiscriminate killing for pleasure, you’ll find that the form will slowly grow in physical and magical power, potentially even in size as well, to scale with the awfulness of your deeds. Your body coming to reflect the monstrosity of your soul, it appears.",,,
,,600,Body of the World,Fate/Legends: Oasis of Fantasy ,"The flesh of man can’t match up to the clay of the gods, the very material that you were painstakingly crafted from. Mighty in a way that man can never truly hope to match, you have a physical form that only the Gods themselves surpass. Your fists bring ruination to entire kingdoms should you use your full force and even bolts of lightning seem to lag behind your sprints. Even when foes appear that can harm your impossibly hard body, they’ll find that your claim of being made from the Clay of the World is no lie. You are not only strong and fast and tough but also able to freely control the divine clay that makes up your form and even turn the World around you, anything short of independent sapient creatures, into more Clay for your body to use. You can instantly turn yourself into a hulking monster or a enormous weapon, you could gather the earth for miles around you to form it into a hurricane of hundreds of thousands of powerful stone blades that are directed by your will alone.

So long as there is matter nearby that you can use, you will be able to reform yourself so long as your soul remains intact. All of this is purely your natural abilities and adding in magical energy will allow you to empower your body far further, enchanting the weapons you craft from the dirt or perhaps even unlocking stranger ways of connecting to and shaping the world with your body.",,,
,,600,Conceptual Embodiment,The Holy Man of The Church Creek,"Just as Sirzechs possesses a true form that embodies the power of destruction, you too have unlocked the potential to manifest a true form that represents a powerful concept of your choosing. This form allows you to transcend your normal limitations and become a living embodiment of your chosen concept. In your true form, you undergo a profound transformation, becoming an awe-inspiring being radiating immense power and authority. Your physical abilities are exponentially enhanced, far surpassing your previous limits. Your strength, speed, and durability are magnified, with each attribute tailored to your natural strengths and talents, amplifying them to their utmost potential.

The true strength of your Conceptual Ascendancy lies in the manifestation of powers tied to your chosen concept. Whether it be Hope, Desire, or any other concept that resonates with your identity, your true form harnesses this concept to unleash extraordinary abilities. For instance, embodying Hope would grant you the ability to inspire and uplift others, imbuing them with unwavering optimism and renewed determination. Your mere presence radiates an aura of hope that dispels despair and instills courage in those around you. As you further develop your concept and grow in power, your mastery over the chosen concept will deepen. This will grant you greater control over the laws of reality, enabling you to manipulate and shape them in accordance with your will. Boundaries and limitations become mere obstacles to be shattered, allowing you to push beyond the confines of what was once thought possible.",,,
,,600,Universe of Love,Fate/Legends: Nirvana Yuga,"As your body burned away, scorched by the gods as punishment for your sins, you found a connection. As each limb turned to dust, something replaced it, something infinitely greater than before. The universe reached out to you and you took hold, becoming a part of it more than any other being. Though your limbs have healed now, it takes only a thought to activate that connection. Your arms and legs fade to mere outlines, becoming Ether Clumps that appear to be filled with stars. Your hair reflects the galaxies of the universe and your body shines with cosmic light. In this state, your body is the universe and the universe is thus your body. To manipulate the universe is as easy as moving your own body, an obvious fact that you could change it as certainly as you could move your fingers. Not only does this allow you to manipulate reality, it allows you to act as if your body and the universe were one. Spreading your senses through all your body covers, to cast magic from any point in your grand scale or affect the universe with something that would only target yourself or anything you are touching. 

But as you become magnificent, you are also limited. As grand as it is to describe yourself as a universe, you are not quite that in reality. Your powers begin to fade quickly once they reach beyond the scale of the solar system, limiting their effectiveness enough that it is unlikely you will be able to effect even the nearest other system. While your control may be greater than that of a Saver within this scale, you are limited due to it being your own body. While your body has expanded, your mind has not. Spreading your senses through the universe would still rely on how much you can concentrate on at a time. When you alter reality, you are again still limited to your own mental abilities. Making two or three alterations to reality at once may be possible but it’d stretch the extent of what you can reasonably keep in mind at once. If your mind grew greater, you would be able to keep more in your awareness and control more at once, as logic would dictate. 

As you control the universe because it is your body, it also means that others can strike back at you through the universe. While simply cutting space on a small scale would be an unnoticeable pinprick, others can use magic to counter you as if you were at your normal scale and strength of magical power. You could create an entire world in minutes but a powerful magician could still cripple you with a curse if you are not careful and aware, especially when targeted against your normal form. Should you lack power of your own, it may prove to be a double edged sword.
",,,
,,800,Darkness,Fate/Legends: Garden of Avalon,"Mankind has grown arrogant in their progress. They’ve forgotten where they came from, what used to rule over them and what made the heroes they adore and despite in equal measure so very vital to survival. Beings like you exist to remind them of the past, often in an all too brutal way. You embody a metaphysical darkness, one that represents the mystery of ages past, and which allows you to transform from being a mere human into that of a ancient dragon of darkness, with all the unimaginable power and magical abilities that would be held by a dragon that lived for millenia. It’s power enough that even the entire Round Table led by King Arthur at their height would only barely be able to match you. You command darkness around you as well, shaping it into powerful weapons and using it to corrupt others by reaching the darkness inside. Your final ability is perhaps the most important for your role, the ability to wind back the ages in an area the size of all of the island of Britain to the Age of Gods. Once done, monsters, myths, fables and mystery will return to the area affected by your powers in full force and what is brought back will be loyal to your commands, though nothing beyond your own power can be reawakened. Even in future worlds, you can use this to bring stories and legends to life once more. If you wish, you can use this ability on a more specific area or singular targets too.",,,
,,800,All The World's Evils And More To Come,Fate/Legends: Oasis of Fantasy ,"Such a disgusting thing. You truly are vile. Despicable, dark, monstrous, hateful, cruel. Evil. You are these things, in a way no one else is. Through some truly terrible rituals and events, you have been shaped into becoming the perfect vessel and master of that very concept. You are All The World’s Evils. And because of your nature, maybe not just this world either.

As the incarnated form of the concept of evil for this world, you gain many abilities. The core trait of this is the ability to transform yourself into a vile black and red mud-like substance.This black mud is the physical form of all the sins that make up your being. It is able to drive all but the greatest of men mad in seconds of contact and can be used to defile and corrupt other beings, turning them into blackened versions of themselves and ensuring their loyalty to your great evil. You can rapidly produce this mud, enough to cover the entire world in just days, and the amount and speed with which you can produce it will grow as the amount of evil and sin in the world you are in does, as well as each new world you go to afterwards. You can freely control this mud all around the world and possess awareness through it, even shaping it into fleshy structures and beings or turning it into animated shadow, such beings of flesh or shadow being immensely powerful in their own right. As well, so long as evil and sin continues to exist as a concept in your current world, you will be unable to die or be destroyed. Your mud will be destroyed...and then begin to reappear quite quickly. With time, you may even learn how to draw forth your dark substance from within the hearts of those who sin.

As your nature is that of Evil itself, you will find that you are unaffected by abilities that are purely evil, as well as being able to effortlessly control or enhance such things when you use them for yourself. You can reach into the hearts of those around you and manipulate any darkness that you might find there, making it easy to tempt heroes into becoming monsters and making you all that much stronger.",,,