0,,CP Cost,Name,Jumpchain,Description,PERKS,COVER,39
,,,,,,,,
,,100,Magical Medeator,Fate/Saber Wars,"One day, you came upon a pretty lake somewhere in Imperial Greek Space. A Goddess of the lake, who demanded you call her an idol, asked if you had dropped one of the two witches that were lying in her lake. Both are purple haired elven women who are obviously and inarguably among the top five best spellcasters ever, one much younger than the other.

If you say that either one is yours, the twintailed goddess idol picks her up and shoves her into your skull. The spirit of the Caster that you chose is now stuck in your head as a mental guide and advisor, apparently enthusiastic about the role. The younger one is endlessly and sometimes scarily idealistic, sweet and kind. The older one is far more cynical, vengeful and cruel towards others. Each one will try to guide you towards their preferred actions, advise you when you ask for it and when you don’t, as well as provide some magical teaching if you make them happy.

If you happened to say that neither witch is yours, the goddess gets frustrated and throws them both at you. You’re now stuck with both witches in your head, who often argue with each other and get sulky if you take sides.",,,
,,200,Village of Cats,Tsukihime,"...cats? Located deep underground somewhere in the city is a village of small, big-headed cartoon cats who look up to you as their leader. They’re a collection of goofballs that occasionally make references you may or may not understand and are mostly harmless...aside from having laser beam eyes, anyways. They will maintain any properties you own or generally make mischief on whoever you ask them to, though asking them to kill or defeat powerful foes won’t cause them to do much besides being an annoying distraction. Don’t worry if any of them die, they’ll be fine again the following morning. They don’t count as companions, but can’t be imported. This can follow you into future jumps as a Warehouse attachment or be put in some undisclosed location nearby.",,,
,,200,Black Church,Fate/Legends: Strange New World,"Aren’t you a little young to be a priest? Not like your flock appears to care all that much. In fact, that youth might only play into it more. You’re the head of a religious congregation of your own, based in quite a large and beautiful church in the countryside, surrounded by a reasonably sized village or town. The flock is devout and the majority of the surrounding centre’s populace are adherents, though only a few dozen are so deep as to be fanatics. They can be either a puritan Christian faith, who somehow ignore the most traits of yours that might go against their beliefs, but who are very easily directed as a weapon against anyone you wish. Almost like they’re looking for heretics and witches to burn wherever they see. It’s particularly easy to spread this faith to others as well, meaning that armies of hundreds or potentially thousands of the faithful can be raised, should you take the time to spread your fiery words to other counties and towns as well. 

But if this option is less interesting, you may also choose for this Christian faith to only be so on the outer front, with the real truth hiding a eldritch cult that worships the gods from beyond. This true side to the cult consists only of those few dozen fanatics and bringing more into the fold takes time. However, each one is a practicing magus of some small skill, largely focused on summoning the minions of the gods you all worship. They are able assistants in rituals and while not offensively focused themselves, can serve as effective weapons against normal folk. They also see you as something of a divine prophet, even more easily controlled than the actual puritans above. Either way, the church also holds significant amounts of valuable relics and art, good for emergency funds and prettying up the service. 

You may import an existing property into this item, which may alter the nature of your flock
somewhat.",,,
,,200,Mountain of Death ,Fate/Legends: Oasis of Fantasy ,"A great mountain rising up from the flat sands surrounding it. A secret place, despite it’s size, which is now home to your own version of the Hashashin order. This dark mountain has a secret organisation of several hundred members, each fanatically loyal to you, and all already trained in the assassin’s arts to a basic level. They’re far from being equals to a Hashashin leader but each one could match one of that older order’s rank and file. They could work as a personal weapon of yours, striking at your enemies, or gather resources by selling their services. Whatever the case, you’ll find that the mountain’s resources and the quantity and quality of your assassins here will improve as your own assassin skills do. Adherents find themselves drawn to the mountain and those already studying there are inspired to go ever further in pursuit of the vaunted level of skill their great leader has reached.",,,
,,200,Immortals,Fate/Legends: Oasis of Fantasy ,"A royal guard fit for even the greatest of kings. As you command, ten thousand immortal warriors will rise from the ground around you to serve your whims. This legion of undead warriors, horses and even a few giant monster elephants is eternally bound to you and your will, a sleepless legion that requires no sustenance nor rest and yet retains all the intelligence, tactics and fighting skill of one of the most elite fighting regiments the world has ever seen. Even should one of your ten thousand be harmed, they will reappear only a day later to fight again in your name. The Immortals can be summoned wholly or in part, requiring only a word from you to do so.",,,
,,400,Students,Lord El-Melloi II Case Files,"A group of six young and bright students that count as a single, collective companion. They’re fiercely loyal to you and more than willing to follow you on your adventures.",,,
,,400,40 Theives,Fate/Myth,"You gain a Skilled band of thieves never more than 40 at a time who see you as their boss and will follow your orders, though they are more enthusiastic and joyful when you order them to steal things. May break into song randomly they will happily give their lives to save you.",,,
,,400,Clone Troopers,Fate/Saber Wars,"The finest productions of the Shinkage Ryu. Specially created Servants that replicate certain powerful individuals, trading out quality for great amounts of quantity. Or such was the plan. Unfortunately, the efforts to create an unending clone army of mighty Heracles or Gilgameshs is doomed, as each clone is just a little defective. They’re so earnest and sincere about trying to live up to the legend of their progenitor but they’re just a bit crappy. Like the mooks in a bad Servant fiction movie, any decently strong Servant could take on a whole squad of these guys at once. 

The clone troopers that made themselves available to you are one hundred in number, made in batches of ten to match with up to ten different Servants of your choice. They’re quite a lot weaker than their original self and never quite get the personality they’re meant to have down pat. They do have the right gear or at least the cheap knockoffs you find coming out of the Servant’s Republic of China. They also don’t do well in the cold, getting all shivery and repeatedly asking if they can go back inside. Any cruel villains can rest at ease however, as the clones pop back up a day after dying, apparently good as new.",,,
,,400,Mana Batteries',Fate/Apocrypha,"You might want to keep these in a basement or something similar, otherwise it could raise awkward questions. What you have here are approximately 1000 large tanks filled with green fluid, each containing a high-quality homunculus with large amounts of Magic Circuits in good condition. The lot of them would be enough to keep 7 Servants with reasonably high mana costs active during a full Grail War, freely able to use their Noble Phantasms as long as it isn’t too ridiculous, and you can key this network to any allied Servants or anything else that requires large quantities of magical energy. For those concerned of moral implications, this is a bit of a Schrodinger situation – while they’re just being used as batteries they might as well be mindless and soulless husks, and you don’t even need them to look humanoid if that’s a problem. If, however, you decide you want to take them out and treat them as people, only then will they begin to actually have minds and souls of their own with free will and all that entails, if that’s what you want. Any you take out won’t mind about their condition or any that you won’t take out, and they could be used for staffing a reasonably sized facility if you like since they seem to have basic maintenance capabilities programmed into them, and they’re 100% loyal. I suppose you could use them in combat, but honestly, they’d do poorly at the moment even up against largely mindless enemies with no real ranged weapons. Maybe you can change that? They’ll still count more as Followers or NPC’s rather than Companions, unless you have some way to change that.",,,
,,400,Skeleton Crew,Fate/Apocrypha,"Who cares if they have a hero, you have an army! How? Maybe you’re a pointy-eared Caster, since they tend to have these. Whatever the reason, you have an army of 1000 dragon bone warriors. Not that they actually have any draconic properties, but these humanoid animated skeletons are created by throwing bones onto the ground – or dropping them from some sort of position in the sky – and while they’re little more than chaff to most Servants there is value in numbers. Especially ones that never stop, complain, need air or rest. They don’t cost much energy to maintain either, and if destroyed then the container holding the bones just refills within the hour. They’re not exactly smart or inventive though and need you to give them directives to follow in some manner, but they do retain any upgrades you bother to put into them.",,,
,,400,Merry Man,Fate/Legends: Strange New World ,"Your own band of merry men, fighting against oppression or just fighting for more shiny gold. You’ve got two options to choose from to see how this new band of 35 loyal, trained and powerful fighters you have manifests. The first is as a small contingent of Apache warriors, extraordinary hunters, warriors and shamans one and all. Each one could certainly take down a hundred normal men without a sweat and even kill minor supernatural threats on their own. Working together, they could even act as a powerful shaman, though not quite to the level of the 400CP perk of the Folk Hero line.

The second choice is to have a band of outlaws, criminals and never-do-wells. They don’t have any magic or strange mystic bullshit but they’re one and all brilliant in a brawl or a shoot-out. You could take on a small army and win with just these men or set up a racket stretching across half the country. They’re all armed with gun and horse but what makes each man special is that they all have a unique skill taken to near supernatural levels. One man can pick even magical locks with pure skill, another can take down a fortress with three sticks of dynamite, another can follow week old tracks through a hurricane.",,,
,,400,Youkai Clan,Fate/Legends: The Land of The Rising Sun,"Not all youkai live alone, as much of their kind come to spend their lives. Some still gather in clans like the humans, which results in much the same situation, of youkai nobility. You yourself are a particularly highly regarded member of one such clan of youkai. Much respect and deference is accorded across the supernatural community and especially others of your own race. But more useful is the large retinue of your own kind that you have, personally loyal servants one and all. They number eight hundred and eight in total. Eight hundred and three of these servants are only around as strong as an adult human, albeit with a wide variety of skills and functions. Messengers, household servants such as maids or cooks, more than enough to leave any royal happy. Four of these servants are quite powerful members of your species, enough to pose a problem for powerful demon hunters or Oni. Primarily warriors, like a royal guard of sorts. The last is a mighty youkai and right hand man, someone who could at least stall one of the Three Great Youkai for a few minutes and even leave a few wounds. These family familiars can be summoned at will and will serve loyally if you treat them well, though they are not slaves. You may bring this clan forward as companions, followers or find a new family of similar description in other worlds.",,,
,,400,Faerie Forces,Fate - The Island of Sin,"This is a small army of genuinely loyal faeries, whose purpose is to serve your will. Members of all the clans presently alive in your era are represented here, in a force of 10,000 faeries. Of these faeries, 30 of them are strong enough to be counted among Morgan’s knights—not on the level of a Tam Lin, but strong enough to fight a thousand ordinary faeries nonetheless. You additionally have one single faerie strong enough to fight on an even ground with a Tam Lin. Beyond the military force these faeries represent, you also have a force of humans present to keep morale up, although only a minority of them are capable of fighting to any appreciable extent. Your faeries will always treat these humans in a way that you would approve of. These are considered to be followers rather than companions.",,,
,,400,Swarm of Mors,Fate - The Island of Sin,"In his previous incarnation, Oberon Vortigern was the King of the Mors, and it looks like you still hold some degree of power over them. You have a group of 20 Mors (an ooze-like being that can inflict curses upon touch, and which turns faeries into more of itself), 10 Large Mors (a giant-sized Mors formed from a collection of smaller Mors), 10 Human Mors (the result of Beryl’s experiments transferring the Mors curse to a human, allowing them to cause those humans they touch to become more Human Mors, and which inflict curses to anyone who dares attack them and far more horrific curses on whoever kills them), and 1 Mors Dragon (which is a massive enemy whose attacks shake the very earth, and which can inflict curses on large groups of enemies at once).

These Mors will loyally follow your commands and will not act beyond what you permit; furthermore, regardless of your own species they will be incapable of transferring the Mors curse to you or those you designate as “safe”. The Mors replenish once per month.",,,
,,400,Squad Jumper,Vasto of Whtie,"You have formed a group of elite warriors, each on par with the most powerful squads in the Soul Society. These five warriors are handpicked by you and granted a fragment of your power, which gives them incredible strength and potential. You have trained them personally, and they are on par with some of the most skilled fighters in this world.

The members of Squad Jumper are not just skilled fighters, but also loyal companions. They share your vision and will follow you to the ends of the world. They will fight by your side and help you achieve your goals, no matter how difficult or dangerous they may be. They are also independent thinkers and capable leaders, and can be trusted to carry out missions on their own if necessary.

Having a group of elite warriors like the Squad Jumpers can be a valuable asset in the dangerous world of the Soul Society. They can help you in battles, gather information, and accomplish tasks that may be too difficult for you alone. You have the freedom to customize their appearance, personality, and species, giving you complete control over the creation of this team.",,,
,,400,Sternritter,Vasto of Whtie,"The Sternritters are the elite members of the Quincy army.  These chosen few are the pinnacle of the Quincy race, bestowed with immense power directly from Yhwach himself. Each member of the group possesses a unique ability that sets them apart from other warriors. This option allows you to create a group of elite warriors on par with the Sternritters.

As their leader, you will have their unwavering loyalty and obedience. They will serve you unquestioningly and follow your every command without hesitation. And should any of them fall in battle, they will be reborn to fight once again under your banner. With the Sternritters at your side, you will be a force to be reckoned with, capable of overwhelming even the strongest of foes with ease. Their individual powers and abilities, coupled with their unwavering loyalty, make them an invaluable asset to any battlefield.",,,
,,400,Space Villains of Extreme Villainy,Fate/Saber Wars,"What better way to spread evil across than galaxy than your own empire in the shadows? An evil organisation, similar in size and members to the widely dreaded Space Shinkage Ryu, now kneels at your feet. Countless loyal foot soldiers are spread throughout the galaxy, each one of dubious talent or intelligence. Led by several powerful captains, each a potent Servant, who are only sometimes led astray by their various quirks and eccentricities. When actually sticking to the damn job you gave them, they do guide your minions to accomplish petty evils in the aim of gathering money and power. They’ll set up cafes that overcharge for vegan wraps, strip mine planets no one wanted to live on and get rowdy in pubs. The evil may not be grand but there are a lot of them, they might be able to be trained into something useful.

Alternatively, this can be a secret good organisation instead, though the tendency then tends to be of a sloppy good nature. The minions might stop the bad guys but cause almost as much collateral damage or they’ll catch a car thief but then joyride in stolen vehicles for a few hours.",,,
,,400,Pruned Army,Fate/Grand Order: Cosmos In The Lostbelt,"An understandable constant of each of the Lostbelts is that they all possess some form of powerful army, and with this purchase you get one of your own without needing to be a native general to one of said Lostbelts. The specifics of the army are up to you, maybe they’re mass produced Valkyries, mechanical automata, rapidly breeding monsters, or whatever else you can think of. Either way they number about 2,000 to begin with, and can increase their numbers roughly at a rate of around three dozen per day through some production unit related to their nature, even if it’s as mundane as a giant breeding monster. You can also have different ratios of various different kinds of units if you’d like, such as having 3/4ths be cybernetically enhanced humans with the remaining fourth being monsters.

Regardless, every single member of the army is Low Rank, unremarkable in general terms compared to Servants, but very obviously beyond normal human capability. Additionally, the general who leads the army for you will be Top Rank, an immensely dangerous powerhouse among the heroes of this World, and their nature will be related to whatever the army is. You won’t need to worry about the logistics of your army in any way, although they’ll still obviously benefit from not having a stupid commander. You may repurchase this item for an additional surcharge of 200cp per extra army regardless of discounts, although the extra armies won’t come attached with a Top Rank general. Of course, you’ll be able to freely decide the nature of these extra armies as well. Don’t worry, the general you get with the first army will be able to manage all your forces competently.",,,
,,400,Pantheon,The Holy Man of The Church Creek,"While the story focuses on the Three Factions they are far from the only mythologies that exist within this world. This option grants you the ability to recruit or create a pantheon from one of these mythologies. By investing 400 CP, you can choose to gather a minor pantheon, such as the Sumerian, Aztec, Shinto, or Zoroastrian pantheons. Alternatively, for 800 CP, you may assemble or select a formidable pantheon like the Greek, Norse, Hindu, or the Three Factions. As the chosen leader, your authority within the pantheon is unquestioned. Each faction will also possess a Skyfather-level deity capable of actively leading the faction in your stead. The smaller pantheons will consist of a few dozen gods while the larger one can consist of a few hundred deities. Aside from the gods themselves, each pantheon will come with a variety of lesser spirits, worshippers, and demi-gods. Lastly, this will include a territory to house all of these beings.",,,
,,500,Extended Family,Lord El-Melloi II Case Files,"Only one child can inherit the family’s Mage Crest, and thereby continue approaching the Root. At least, that’s the way it is in most families. Yours, which roughly recurs each jump, has a unique trait, similar but infinitely more potent than the Edelfelt’s Sisters Attribute. So long as the family regards itself as a single clan or house and remains one political institution, any member may utilize portions of family Crest implanted into other members, even simultaneously. Helpfully, the bearer finds this process painless, the connection is quite difficult to exploit otherwise, and you know rituals to limit access to this inheritance. Furthermore, for the purposes of mystery dilution, the family counts as a single individual. Unfortunately, the family only numbers about two dozen, but while not completely obedient, they generally respect you as the household’s head or heir, and care for you on a personal level. Dead members do not respawn, but upgrades (unlike numerical growth) carryover, and each jump you may determine how sociopathic they generally are. Just to confirm, you do have a Magic Crest, right?",,,
,,600,Advice Corner,Carnival Phantasm ,"A pair of voices have taken up residence in your head, though it's not the onset of insanity taking root this time. No, these two (introducing themselves as Tiger Sensei and Student No.1) have taken it upon themselves to warn you about the most dangerous options when you're faced with life-or-death situations, possibly saving your life. If you don't tune them out, that is. They're quite silly, though, and if you close your eyes you can almost see them. Try not to die this time!",,,
,,600,Worm Farm,Fate/Stay Night,"You're the possibly proud owner of your very own 'Worm' farm. Either underneath a property you own or simply in an out of the way location near your starting point, lies an underground set of tombs. These tombs are filled with nests, each dedicated to spawning a specific sort of supernatural vermin. Whatever one sort they make is up to you but they only need a bit of biomass and some tender love and care to start producing. Whether you want Worms, Spiders, Rats or some other creepy crawly, they all share several supernatural properties. You can see through the eyes of any of your vermin as long as they are not more than 100 kilometres from you. Each one is about as deadly as a Japanese Giant Hornet, they obey any command you give them and more importantly, each one functions as its own magical circuit, which can be placed inside another person and they can use it as if it were their own. Unlike Zouken's Worms, these do not put undue stress on the user’s body to use, though they do take up space so you can only fit as many in as physically possible. They also won't require any unsavoury attentions to grow properly.",,,
,,600,Zealots,Fate/Myth,"A group of Fanatical Followers, these men and women will never doubt you and will obey every order eagerly, you may choose to have followers as numerous as the Crusades though weaker individually and having only a few heroes. Or have as Little as the Hashashin Order with everyone being a minor Hero with a Few Greater heroes mixed in. Buying Twice will give both options, and anyway how these Zealots Function is up to you. Whether they are Soldiers, Ministers, Assassins, Whatever it’s your choice. You may make this choice with each purchase of this item.",,,
,,600,Fifth Clan,Kara no Kyokai,"A fifth clan joins the Demon Hunter’s Organisation, a small but potent force in comparison to the fading old guard. This new clan is your own, a fairly sizeable family based here in Mifune City, with around two dozen combat capable Demon Hunters and over a hundred affiliated family members and servants. If you have psychic abilities in this jump, they likely share them, and the same may apply if you have a Magus family lineage that they may take the place of. Otherwise, they have made their living being exceptionally capable in their duty through sheer skill and physical conditioning. 

Unlike the other clans, your new family still hunts the creatures of the night and their daylight world efforts to gather funds are mostly in aid of this. It does mean the family has become quite wealthy and upper class to mundane society however, so you will not want for much. You are either the head or heiress of this new clan, a leadership position in either sense, and your clan is very loyal towards you. They may even be convinced to accept normally objectionable things to hunters, perhaps corrupting them over time like the Asakami were if that were your tastes. The family will come with you in the future, optionally gaining new traits to remember biologically related to you.",,,
,,600,Chyornyj Oprichniki,Fate/Legends: Baba Yaga,"When it comes to dreaded soldiers and bodyguards, few manage to leave a mark on the country like the Oprichnik. Established by the Terrible Tsar, you have now your own version of his greatest soldiers. Dressed in all black and riding dark horses, with their broom-shaped whips they are completely loyal to you and will not rest until your enemies are killed. While individually they are not as impressive, in a group they are a true nightmare known for painful and cruel deaths that do not come quickly. Hundreds of men strong, any who die will reappear the next time you dream for this is what they are truly made of. Lastly their true strength is in direct relation to you and how close they are to you physically. Should you rest in your capital, they each would be able to match a low-rank servant blow for blow within.",,,
,,600,The Holy Church,Lord El-Melloi II Case Files,"The Roman Catholic Church’s supernatural underbelly, which utilizes magecraft and holy mysteries to protect humanity and support their mundane counterparts. This organization will follow you into future worlds. In modern jumps it simply integrates itself into that world’s Catholic Church. If there isn’t one, it will appear retroactively as a major world religion. Members and holy items may take on local forms, identities, moralities, and magical or holy abilities, when applicable, though you may also import them in previous or hybrid states as well. These are followers, not companions, so individuals do not carry over from world to world, but upgrades do. The Church will never become hostile towards you unless you give them legitimate reason to, and they’ll ignore less legitimate reasons to dislike you, like you using magecraft or not being a Catholic, as applicable. For 800 CP instead, you are considered an important and trustworthy leader of the Church, though if you try to do something directly contrary to their mission, they will side against you.",,,
,,600,Army of Robot Maids,Tsukihime,"What have you done?! Was this all part of Jumper’s Takeover Plan?! Well, whether or not you had ambitions to take over the world, you now have a fully-armed battalion of robotic maids that are at your command, and are absolutely loyal to you. They individually have enough firepower to take on a modern army and win, though against supernatural creatures prospects may be a bit more dicey. They’re also fully capable of any domestic or household tasks, of course - they wouldn’t be much of an army of maids without it! Their appearance is up to you, though they tend to look obviously robotic and make machine noises as a result.",,,
,,600,Spider's Nest,Fate/Legends: God Save the Queen,"Weaved as only a master could, this empire is not one that rules from shining palaces or fields mighty armies. It’s a modern creation, a monument to the ambition and greed of it’s creator. The kingdom you rule is one of criminals, spread across the civilised world, as a web of interconnected criminal organisations. Gangs, mobs, cartels, triads, it all comes under your umbrella. For some you merely have a few fingers in the pie, giving you influence, while in other locations you fully control the local criminal elements. You’re far from the source of all evil but where there is organised crime, your traces can usually be found at least in small part. 

Leadership of this empire comes with surprisingly little risk, provided you take no actions of your own to change or grow things. Those below you seem content with the profits and rewards that serving you gives them, even if they might pale compared to what you reap. Vast bounties of wealth and influence are your profits, giving you the funding to more than equal most modern nations and access to blackmail, corrupted officials and more to allow influence over nations. The criminal empire will carry over to future worlds, retaining general expansions and changes you make to it’s structure but adjusting to fit where needed for other worlds. No import.",,,
,,600,The Remnants,Vasto of Whtie,"After the Quincy were hunted down one thousand years ago, a group of them went into hiding, refusing to pledge their loyalty to Yhwach or the Sternritters. This faction of Quincy has remained loyal to you and will be at your beck and call. The Remnants are a formidable force, equal in size and strength to the Quincy army that serves Yhwach. Unlike their counterparts, they are not bound to any particular ideology or leader, but to you alone.

To further support the Remnants, you will also receive a massive fortress that can house all of these individuals comfortably. The fortress is equipped with state-of-the-art technology and defenses, making it nearly impregnable to any invading forces. After your jump, all members of the Remnants will become followers. Their population will always stay above a certain number, though it can increase should you not go to war for a period of time. ",,,
,,600,Immortal Chaos Brigade,Fate/Legends: The Land of The Rising Sun,"The ties of blood are ever tighter for those in the darkness than in-fighting noble clans. Without a second thought, your dark family follows your lead into the depths of battle and shadow, a new but potent ninja clan that considers you it’s current leader. The two hundred strong membership is made entirely of experienced shinobi, even the weakest possessing inhuman skill and ninjutsu techniques, along with any familial traits they share with you. The appearance and personalities of these ninja is entirely under your control. A clan of youthful prodigies, whose faint oni-blood has given them all red or blue skin and small horns. An established family of legends, older and relying on human ingenuity and technology more than magic. Even, as strange as it seems, two hundred older sisters that can’t stop doting on their younger sibling in charge, who can’t stop wearing incredibly tight ninja outfits around you.

Loyal to the death, the family has trained extensively to work together and under your lead, resulting in a shadowy force that can wipe out a whole army of samurai in the night without leaving a trace. The more family members that gather together, the greater the special darkness they are able to create becomes. Uniting with these new allies lets you spread shadows around, masking the senses of those outside of your clan, even magical spells start to fail to detect you. The clan has several properties across a region of Japan as homes and hideaways, included in future worlds as well. The clan may be treated as a single group companion or as individuals in future jumps.",,,
,,600,Sea of Steel,Fate/Legends: God Save the Queen,"Pirate lord is quite the nice title, don’t you think? With a fleet like this, there won’t be many people that tell you no when you claim the title. Forty two pirate vessels, many of which are massive galleons and warships that would be the proud flagship for a lesser crew, and a large number of much smaller ships that support them. Each one is stocked with a veteran crew loyal to you and your ideals, many of them having made minor names for themselves before entering your service. When not called to war under your flag, they raid, adventure and explore as pirates too. Each ship gladly gives a tithe of their earnings to the lord of the fleet, which has made you an enormously wealth individual. While the ships are not magical, those destroyed or who have lost their crew will find their way back to you after a few days, vessels sailing out of the mist or new crew eager to join your armada. If you wish, you can also have the fame and status as a pirate lord be present when you begin and carry over to future worlds. No import.",,,
,,600,Trojan Reinforce,Fate/Legends: Empires of Antiquity,"Twelve of the greatest warriors the Amazons have ever produced, short of their great queens. These battle sisters were raised alongside you since you were all born, training to act in perfect harmony with each other and with you, their chosen leader. In fact, such was the loyalty and love that they grew up into feeling for you that they are even willing to abandon the Amazon kingdom and follow only you. Each one is a lesser hero in their own right, the equal of a small army, and equipped with several moderately powerful pieces of magical equipment. While the twelve women each have their own specialties in combat, such as a potent archer or steadfast shieldbearer, and out of it, the team’s wonderful cook or their favoured bard, the true power of these twelve manifests in the way that they can take on a portion of your own powers. No more than ten percent at the very most but it allows them to always perform as the royal guard they were born to be for you. The group acts as a companion together and imports will be either divided among them or focused on singular individuals.",,,
,,600,Knights of the Red Branch,Fate/Legends: Land of Shadows,"A legendary retinue if there ever was one. Like the original Red Branch knights or even the knights of Fionn of later years, the order that now follows you is one of great military strength. Hundreds of knights pledge their loyalty to you, such that they would ride into battle against an army that outnumbered them a hundred to one without hesitation or doubt. They’re also skilled enough that a battle of one hundred to one is about the least they’d expect for a challenge, as each man in the order is a powerful warrior who can kill an ordinary man with a single blow, while also being highly skilled and educated in a number of disciplines, including poetry. Each man a leader in his own right, it is truly a company of heroes, and the commander of the order truly proves such, being a hero on par with the likes of Cu Chulainn in his younger days, Fergus Mac Roich at his peak and similar Irish personages. Despite their education beyond common bruisers, they’re still a rowdy bunch and they love it when you reward them with good drink, good partners and good music. This cannot be imported into but these knights will follow you as followers to future worlds.",,,
,,600,Three Hundred Good Men,Fate/Legends: Empires of Antiquity,"The might of Sparta at your fingertips. You have a force of three hundred loyal and powerful Spartan warriors, each equal to a several hundred superhuman warriors in their own right. They all have the potential to grow far stronger and more lethal than they are now, particularly given that each one will return to you after death in just one day, and you can summon any number of the three hundred Spartans to your side in but an instant. The warriors have perfect teamwork and nowhere is this clearer than their special defence. Should they manage to survive an attack by blocking it with their shield, they can return it back at the opponent but with even more power, with the returned power increasing with the number of Spartans that blocked and reflected the blow. You may treat the Spartans as followers or companions in the future, though importing them as a group will force you to divide the import among them.",,,
,,600,Devil Mountain,Fate/Legends: The Land of The Rising Sun,"A fitful home for any barbaric demon lord. This massive mountain is a place of supernatural power, calling Oni and youkai to it in droves. Towering unnaturally higher, it is constantly wreathed in dangerous weather and filled with supernatural, lethal plants and animals to make approach all the more deadly. Home to a loyal but rowdy band of Oni one thousand strong, it is also the site of a personal palace of pleasures for yourself. A huge temple converted into a den of debauchery waits for you near the peak, filled with any lurid desire you could hope to fulfill. Most of your powerful tribe of Oni spend their time here, drunk and feasting and fighting. The mountain’s terrors don’t bother you or the tribe, making it easy to defend, and the Oni are all too happy to accompany you down the mountain for raids on humans or anyone else that can give a good fight. A intelligent and fiery Oni with blonde hair manages the tribe when you are away, too drunk to care or just not interested, trying to keep them on a track you’d approve of. The mountain will appear in future worlds, becoming ever more dangerous to intruders as it adds more natural hazards to it’s terrain.",,,
,,600,Divine Hoard ,Fate/Legends: Oasis of Fantasy ,"An army of beasts descending from heaven to stand guard at your call. A legion of monstrous servants fit for even the greatest of the gods, the beasts number well into the many thousands. Many of these are lesser monsters, each having the intelligence of humans but not being too far beyond what a handful of veteran soldiers of the Age of Gods could take on together. While these servitors act as useful agents, often with abilities to let them pass among humans such as being vampires or spirits, you also hold the loyalty of a range of more powerful creatures. Several dozen potent phantasmal creatures, such as lesser dragons, powerful demons, matured djinn or even angelic heralds. These creatures are generally equal in power to the Deadly Creature tier of the Age of Monsters perk. 

The leader of these creatures is a member of the final tier of that option, by default set to be the mythical Bull of Heaven Gugalanna. Greatest of Divine Beasts, the Bull of Heaven is a herald of the end for any foe that displeases you. This pet beast that has bound itself to you is an enormous thing, standing as tall as a mountain, and has powers beyond any but the great gods themselves. Just calling it to appear by your side can summon natural disasters, such as eight hundred kilometer wide hurricanes and continent wide earthquakes, and the creature itself can annihilate entire cities with a snort or shatter a kingdom with a stomp. It has the power to control the elements of the world, bringing about massive floods and turning the world around it to night, even call down falling stars from the sky to turn mountains to dust. The creature could take you around the world in just minutes and fly far above the clouds if desired. It is entirely intelligent, though the mind it has is alien to any human thought, and uses it’s powers with cunning and forethought in any battle. It is not invincible but there is very little on this world that could bring it to pause.

If you have other, lesser, tastes you can always change it to a different but equivalent beast.",,,
,,600,Legions of The Underworld,The Holy Man of The Church Creek,"The Legions of the Underworld were the ultimate forces of the Devils. These were the forces that were led by the Great Demons against Heaven before the Civil War. Nearly all of them however, were destroyed by God himself along with the original Four Satans. Every single individual within this army is Ultimate Class at minimum and armed with the greatest armaments ever forged in the Underworld. Each piece of equipment is on par with a Noble Phantasm. This legion stands 100,000 strong and they are led by a Great Demon. Beneath the Great Demon are officers capable of matching the so-called Super Devils. This force is absolutely loyal to you. Should any of these warriors fall in battle they will be replaced within a week.",,,
,,600,Soul Society,Vasto of Whtie,"This item grants you complete control over Soul Society, the organization that serves as the closest equivalent to heaven, or to create your own equivalent organization. If you choose to create your own organization, you will have the power to design its structure, hierarchy, and regulations, and imbue its members with special abilities and powers equal to those of the Gotei 13.

As the ruler of Soul Society, you will have the authority to appoint and dismiss captains, and make decisions that impact the entire spiritual realm. You can shape the society according to your vision, implementing changes that benefit you and your allies while punishing those who oppose you. With your command over Soul Society, you will have the power to enforce your will and maintain order.

Furthermore, you will possess the ability to open and close portals between the spiritual and physical realms, granting you unrestricted access to both realms. With this power, you can travel between dimensions, and transport yourself and others across great distances instantly. With this item, you will have the ability to rule over the spiritual realm and shape it according to your desires.
",,,
,,600,Guild,Grand Foreigner,"The Guilds are some of the most well known and popular aspects of YGGDRASIL. The guilds are large groups of players who have gathered together and often seized control of a large dungeon within the world. By purchasing this you may create a dungeon of your very own. This dungeon may take any form you can imagine. For example, it might be a massive volcano or it could be a floating fortress. It will be filled with up to forty-one beings on par with level 100 players similar to the legendary Ainz Ooal Gown. to further expand your ranks you Guild will be given 4500 levels to create an array of powerful NPCs.

It is recommended that you invest in creating more powerful NPCs as the dungeon will naturally spawn armies of NPC’s under level 50. Although the vast majority of them will likely be weaker around level 30 in strength. As the Guild Master you will have unwavering loyalty from every being including the custom beings. You may freely design their builds, appearances, personalities, and your relationship with all of them if you wish. Lastly, as every guild was said to possess three World Class Items on average you will receive three free purchases. Additionally further purchases will be discounted as well",,,