0,,CP Cost,Name,Jumpchain,Description,PERKS,COVER,77
,,,,,,,,
,,50,Yokaichan,Fate/Legends: The Land of the Rising Sun,"Arguing over East or West Youkai being superior, bitching about which mortal ruler is going to win the next civil war, screaming obscenities at other species, it’s all just another day on the Yokaichan imageboards. The ones that all the supernatural beings in Japan can apparently access through their minds. Put as much thought into it as they do into what they ‘post’. Which is to say none. 

Purchasing this gives you access to this forum, and makes it actually exist, from your mind. It’s an online board where supernatural beings argue and chat about stupid things, create doujin circles, shitpost, organise meet ups and otherwise act like can only be expected on this sort of website. No one seems to find it strange that this exists or really use it for much more than entertainment. If you buy this, you can also have it present in future worlds, allowing the supernatural beings there to make use of it. Again, think less evil schemes and battle communication and more mexican basket weaving shitposting. What you’re used to by now. 

By paying an extra 50CP, you can expand this from an imageboard into an entire online community. Video sites, art platforums, multiple forums for anonymous or public communication. Like an entire internet just for the supernatural side of the world, which everyone accepts as both fact and almost entirely a source of fun. Except for the ones that send threats, like foxy women who hate others muscling in on their territory.",,,
,,100,Divine Gifts,Fate/Grand Order: Cosmos In The Lostbelt,"Blessings from the gods are one of the most famous rewards that champions can get. And with this perk, you’ll be able to give ‘blessings’ of your own, even without being divine. Meaning, you can share parts of your powers with others in part or in full, whether Authorities you possess, knowledge of some specific spell, raw power, luck, or whatever else you might have that you might want to give to someone. Of course, you lose access to whatever you’ve given away, given you don’t have it anymore, but you can just take it back if the receiver consents. Or if they die. As a side note, do watch out for the resilience of the soul of any recipients, as giving Servants or humans a few Authorities might be lethal to them. Also, this can be used to give away perks that you have, provided said perks don’t have a power sharing aspect themselves.",,,
,,200,Pride of the Simple,Fate/Myth,"You are Proud, perhaps not to the level of great heroes or gods or what have you, but you have Pride in your skill, in any non-combat skill that you have pride in you find your skill in it increasing the more pride you have it, be the best smith, farmer, dancer, playwright or whatever you always knew you were.",,,
,,200,Rise from my Ashes,Fate/Zero,"When you’ve got people relying on you, there’s no way you could possibly lose, right? Sadly, reality rarely cares much for optimistic delusions like these. Sometimes, you just lose. You fail the people who had no one else but you to rely on. Before now, maybe that would have broken them for good. But now your failure won’t drag them down. It’ll inspire them. If you were able to fight for them, who says they can’t fight for themselves now too? Seeing you fail will only bring your allies to even greater heights, putting in more effort, more energy and more will. The greater the fall, the higher they will rise. And if you did truly die for someone, then they’ll never ever break again.",,,
,,200,Animal Person,Fate/Myth,"Something rather common is a Hero having some sort of special mount or pet. With you'll find your own pets and mounts growing smarter, stronger, Faster and closer to you, letting you understand them, and them understand you without even a need to speak.",,,
,,200,Link Mode,Fate/Extella,"A unique connection that appears between allied Servants in the Moon Cell’s reality, expanded to any ally you fight alongside now. When fighting close by another on your side, a line of intangible energy forms between you and up to three other allies. This allows you to naturally share passive abilities and buffs between each other, all benefiting as the original holder does while close to each other. Teamwork becomes natural and intuitive, even without prior training, and combination attacks can be easily performed with no planning or preparation. Such moves exhibit much greater power than normal. A Link state can only be maintained in the short range, no more than ten or twenty meters at maximum, and only while in the heat of battle.",,,
,,200,Saint War Order,Fate/Legends: Vive la France,"The power of belief cannot be underestimated, not in the true zealots. The strength of your faith is true and real in a way few can claim, turning to physical power in your muscles and bones. Minor belief makes little difference but true zealotry or fanaticism can see an ordinary teenage girl crush heavy stone walls beneath her hands or slay armored men in a single swing. Much like the concept of faith itself, this boost can be shared. You are able to force a flash of intense faith and fervour in you and your allies, greatly increasing all physical parameters but driving you all into a violent religious frenzy against the foe. It can also be used on a lesser level to call on images of what you believe in to appear in the air, bolstering your will and self-control or reminding yourself and others of the true beliefs you all hold. It can even break a madman out of his insanity, for a brief moment, should the right symbol of faith be shown to him.",,,
,,200,Original User,Kara no Kyokai,"If the Origin is the very core of someone’s character, wouldn’t seeing the Origin be like understanding the person fully? Past all the lies, misdirection and facades, people can’t change what they truly are. Being able to see that Origin becomes like playing with a full deck of cards while everyone else is left with scraps. You can visualise the Origin of any being you see, gaining an intimate understanding of their true character and nature from that experience. It makes it fairly easy to manipulate others, to cause them fear or lead them along into your plans, because you know what it is that drives them. Should you have their consent, you can even Awaken their origin by force. It draws out their potential, especially in magical terms, and can even result in gaining strange new abilities. But their Origin will affect them more and more, depending on how deeply you awakened them. Perhaps they might even be consumed by their own selves, a self eating snake that demonstrates to all others the folly of living for one thing alone. In future jumps, you’ll remain able to see and awaken Origins and potentially even similar enough traits to Origins.",,,
,,200,"Husband, My Love",Fate/Legends: Land of Shadows,"Marriage means you own all your hubby’s stuff, right? Of course, that was why they married you in the first place. They loved you so much, they wanted you to have everything they could give. Hoho, what a clever girl you are. Why, you figure that a special power is just as much yours as all your partner’s wealth and lands. You’d not be wrong either, since you now have the ability to borrow a single ability or item from any past spouse or long term intimate lover you have had in the past for your own uses. Spent a few months married to a precognitive King? Just take that power for your own when you need to check the future. One of your more cherished boytoy’s had an excellent sword you could really use in the current fight? Drop that future sight and the sword can appear in your hands, ready for use.",,,
,,200,Gift of The Flesh,Fate/Myth,"By giving bits of yourself such your eyes or hair or fur or blood, anything really you can give someone a weaker version of one of your powers, though they will transform a little, gaining monstrous traits that mark them as related to you, to more important the thing you give the more powerful the gifted perk or power is right away, but the more monstrous their new features.",,,
,,200,Killing Fields,Fate/Legends: God Save the Queen,"A hunting ground most suited for you, perhaps even the place you grew up in. Each world you begin in, you are able to mark out a territory for yourself within which dealing death becomes all the easier. Around the size of London in the time of the Ripper, you find yourself effortlessly familiar with the layout and paths of this land, easily tracking or losing trackers even when faced against lifelong natives. Your abilities to hide and sneak around are noticeably enhanced, as efforts to discover your identity made from within the territory continually encounter unusual challenges. Damaged or corrupted evidence, false leads and copycats springing up to protect you. Finally, the weather and populace trends towards your personal preference in regards to these night time activities, ensuring you can bring along the dreary mists of London and it’s nightlife to wherever you go, if you want it. No import.",,,
,,200,References Go!,Fate/Revelation Online,"Who said references were dumb? Well, for you, that's absolutely wrong. Whenever you create something in obvious reference to something else, it becomes twice as powerful. The same will go for naming, taking an action in reference to someone, and so on. The effects will be relevant to the reference and how you're referenced. To use some examples, making a Rasengan or a Lightsaber will be twice as powerful, and going on a Leroy Jenkins charge or Xanatos Gambit will be twice as likely to work just as you want it, just so long as you accept that it's directly what you're doing. With this, you're likely to be making a lot of references, because references are awesome.",,,
,,200,Buy Up,Fate/Extella,"Not all Servants are equal and this only becomes more apparent as time goes by, favoured or bloodthirsty Servants progressing far more via fighting more often. But ways become available to bring the rest of your allies up to par. Taking this will cause a special kind of resource, QP, to be generated as your or those you directly command defeat enemies. QP will gather within you and allow you to instantly raise the power and skill of yourself or your other allies, requiring more QP the greater the increase. At first, this is only a general increase in overall power but in time, you may find ways to focus it into specific things such as skills or shared powers. It also has an important limit, that the most you can raise anything with QP is to the highest limit that you or someone directly working for you as an ally has. You cannot increase your lesser used Servants power beyond that of your best Servant or yourself, whichever is higher. The same applies to more specific tasks.",,,
,,200,Mystery in the Mist,Fate/Legends: God Save the Queen,"A cliche it may be but what better suited time and place is there for grim deeds than the dark nights of a misty London city? It’s your natural home, conditions that call out to the violent beast in your heart, urging you to greater feats of murder. The deeper the night, the easier you find it to hide from the awareness of other beings and the more deadly your own attacks become whilst hidden.

Mundane stealth and supernatural concealment both steadily improve the darker your surroundings are. At a foggy dusk on the English docks, it may only be a minor boost. Useful to the common sneak or cutthroat but of little notice to true monsters. The depths of midnight, in darkest alleys cut off from the gaslights, it could turn even one of those common criminals into a pale imitation of the Ripper. Someone of actual skill in stealth or death dealing might find themselves imbued with demonic prowess and power, gliding past the awareness of expert magi and tearing powerful warriors apart with their bare hands. But all it takes is a lit lamp to dispel the shadows and rob you off this strength, partly or in full.",,,
,,200,Be There Shield,The Holy Man of The Church Cream,"Acting as the center of your defense will reduce the burden your allies are carrying, but that also means all of it is placed upon you. When this occurs you cannot falter as your collapse will mean the deaths of those around you. However, when you take up your arms to defend others you will be bolstered by those you are defending. The greater the number of individuals you are protecting and the greater your bonds with them the more you will be empowered.

For example, defending a small group of individuals might give you a slight boost, but acting as the sole defense for a town of thousands of people you care about would multiply your strength dozens of times. This boost increases your power, regeneration speed, and supplies you with additional energy. This effect is not limited to purely defensive moments either, but any situation where you are placing yourself as the primary force amongst your allies. An example would be when Shirou charged into the Fallen to distract them from attacking his allies. Even though he went on the offensive he still was the center of their forces.",,,
,,200,Blazing Calm,Fate/Legends: Nirvana Yuga,"It is natural to feel rage in the heat of battle, even the gods grow angered against their hated enemies. But true warriors rise above it, not abandoning these natural emotions but bridling them to their own uses. When you allow it, your emotions become far more intense than normally felt. Even simple anger could become on any other man a frothing rage. But while they would be left immobilised by these intense emotions, you control them and channel them into power. You’re able to think clearly and act rationally in spite of all but the greatest of these emotional states, such as the anger from your beloved lord being slain causing you to truly go wild. 

Despite this control, you are still able to use the strength of your feelings to increase your physical power and even intensify your magical abilities, as well as to aid you in ignoring pain and forcing your body to go far beyond it’s normal limits. The deeper the feelings, the greater the boost you’ll see. Common anger and frustration, when intensified by your earlier ability, may grant one third again your normal abilities. Proper rage once intensified might see them double. Something that is so fierce as to break even your ironclad control of yourself could result in ten times the normal amount or more, though you’d abandon reason and honour to reach such a level.",,,
,,200,Shinsengumi Way,Fate/Legends: The Land of The Rising Sun,"The samurai code is in reality, a thing mostly of fiction. The many restrictions and honourable rules that the noble warriors supposedly lived under were fabrications of a later age. Mostly. There were indeed good men who bound themselves in vows and promises to show their morality, as well as those who did so to restrain their own dark sides. But the sacrifices made through a warrior’s vow can have it’s own benefits, the loss becoming new power for battle.

You are able to take vows that restrict your own life, receiving increases to your overall combat ability in exchange. The more restrictive the vow is to you personally, the more significant the increase. Sacrificing a few hours of your time in prayer each week would be a minor boost in power at best, whereas constant limitations such as never breaking your word or always fighting in an honorable manner could improve your power by half or even double the normal level. Breaking a restriction removes the benefit and applies a proportionate penalty to your power on top, as well as a damaged mental state. These penalties will disappear in time and slowly removing a vow over a few days will allow you to drop the restrictions without cost. A vow’s power is based on how it affects you personally at the current moment, something strong for others but weak for you will give weak benefits.",,,
,,200,Nega Saver,Fate/Legends: Nirvana Yuga,"They’re only there to ruin the fun, to save those that clearly protest any need of it. Would these exalted savers let their own flock go against their will anymore than you try and protect your needy children? They forget just who you were born to be and who it is you are best at tearing down. Any kind of religious figure, from a ordinary priest to the most holy of messiahs, is known to you. How their minds work, their faiths, their flaws, their doubts and fears are all laid bare to your eyes. You are the devil that challenges them on their path, to whom failure to resist will end their journey as a Saver and render them yet another sinner. It is even easy to pretend to be one such being yourself, disguising yourself as a simple holy woman and preventing those without great insight from realising your evil inner nature. To fit your role as the enemy, it is only natural that you are posited as a mighty enemy. The powers of such religious figures and holy warriors are rendered feeble against you, not entirely ineffective but reduced to a fraction of their heavenly might. To Shakyamuni you may remain a little bug but in similar fashion the saints and enlightened ones of a smaller scale that roam the world are like worms before you. Particularly since, as their powers fade, yours only deepen. Significantly empowered in any action against these figures, it is any power you have that would be seen as immoral, corruptive, evil or wrong that becomes many times stronger than normal.",,,
,,200,A Killer's Time and Place,Fate/Myth,"Jack, the Ripper, Killer of Woman, Killer of the Mist, Killer in the Night. Like Jack you can set three conditions, fulfilling these conditions would see your power increasing little by little, or massively, if the conditions are harsh for Example Jack’s conditions of “The Victim Must Be Female” would give about a 10% increase in a baseline earth, one with more women would see that percent lower, and with less women would see it higher, “It Must Be Night time” as this is guaranteed to happen on a Baseline Earth as well as lasting for a rather large amount of time so, again, a minor boost, maybe 5%, “It Must be Misty” surprisingly, this would see the greatest increase in power, at a total of about 30% as it’s far more uncommon than the other two, Something such as “It Must be The Day of Both a Lunar and Solar Eclipse” would see a truly massive boost in power, at around 200% though it would be hard to go above that percent with a single Condition, if multiple Conditions are met then they are added together for your power up, if all conditions are met add all together and multiply the effect X2 for your total percent increase, a Killer, a Villain, has to be recognizable by their style, and this perk might just let you mould yourself some style.",,,
,,200,Divine Redistribution,Vasto of White,"With this power, you possess the ability to draw upon the strength of your allies and redistribute it as you see fit. It grants you the ability to bestow unique abilities and powers from your allies to yourself or other worthy individuals. This redistribution of power can be used to revive and strengthen your most powerful fighters, providing them with the necessary boost to overcome even the toughest of adversaries.

It is crucial to exercise caution when utilizing this power as taking too much energy from any one individual can lead to their demise. However, this risk is a small price to pay for the ability to share unique abilities and powers among your allies, allowing you to create a team that can overcome any obstacle.",,,
,,200,The Thing About Trump Cards,Fate/Grand Order: Cosmos In The Lostbelt,"Is that they take everything you have, and then some. And yet, even if you can’t use such things twice, they can create the possibility of victory against all odds. What you gain with this purchase is simple; you know a way to sacrifice yourself to super-charge abilities. Such sacrifices will propel whatever you’re using to immense heights, letting a Noble Phantasm from an otherwise Mid Ranked Servant harm a Monstrous Rank Giant. Trump cards will truly live up to their name if you’re willing to give your life to use them, able to accomplish what would otherwise be impossible for you. Of course, the sacrifice will destroy your soul and body, it takes everything you have and more to pull off after all, but perhaps you have methods of coming back from such things? Servants can certainly be summoned multiple times, after all, and wouldn’t it be ironic if you performed a heroic sacrifice to allow your allies to surmount an otherwise impossible enemy, and then greeted them back home good as new? Don’t tease your friends too much, now.",,,
,,200,Insight in the Jaws of Death,Grand Foreigner,"Insight in the Jaws of Death is a skill possessed by the Argonaut Jason. This skill boosts the user's strength proportionally based on how dangerous the threat they face is. For example, fighting someone slightly stronger than you would provide a minor boost. On the other hand if they were vastly more powerful than you then your strength could be multiplied a dozen times over. For example, when Jason fought Megalos he was able to slay Megalos once when by all rights he shouldn’t have survived a single blow",,,
,,300,A Friend In Need,Carnival Phantasm,"Whether it's for comedy, combat or contests, you work better with a friend. It's not just the value of teamwork, though; in fact, you get a general but small boost to all abilities if you have a Companion working alongside you.",,,
,,300,War's Blessing ,The Holy Man of The Church Creek,"As a bearer of War's Blessing, you tap into the extraordinary wellspring of power that emanates from the battlefield itself. While traditional gods derive their strength primarily from their devoted followers, War Gods possess a distinct advantage – they draw energy not only from the faith of their followers but also from the very essence of conflict and warfare. Engaging in battles becomes a conduit for your power, allowing you to harness the raw intensity and fervor that permeates the battlefield. The longer and more heated the confrontation, the greater the surge of power you receive. Each clash of weapons, each strategic maneuver, fuels your divine essence, invigorating you with heightened might and resilience.

What sets this blessing apart is its potential for exponential growth. With every passing moment on the battlefield, your power steadily accumulates, like an unstoppable tide swelling in strength. As time weaves its tapestry of conflict, your connection to the warlike energy strengthens, granting you unparalleled prowess and authority. However, it is vital to note that this power is not without its limitations. While you possess the remarkable ability to harness the battlefield's energy, it also means that you can be overwhelmed if denied the opportunity to build your strength in prolonged conflict",,,
,,400,No Longer a Boy,Fate/Zero,"It’s not that you don’t feel fear. You do, sometimes quite a lot of it. But it never holds you down. No matter how terrible a monster, how awful the consequences or how in danger you are, you’ll always be able to act in spite of any fear, pushing through to function as normal. And despite not being held back by that fear, you can still channel it into fuelling your body, giving you a burst of strength and speed. Why, with all the fear you’ve experienced, you could even summon these bursts of energy at will by thinking of something scary.",,,
,,400,Practical Eugenics,Lord El-Melloi II Case Files,"Whenever you beget a sapient being by natural or supernatural means, you may choose to give them copies of any perk you possess. This decision can be made at the moment of creation, or during gestation. From there, it will continue to appear within their direct descendents. It doesn’t work on capstones and above, but it does apply to certain items, races, and origins as well. If you want to retain some control, you may place conditions on this inheritance, or otherwise make it partial.",,,
,,400,Heir of JUMPER,Tsukihime,"How often are individuals punished by the sins of their fathers? Or perhaps even rewarded for it? Wouldn’t it be great if you could reap all the benefits of their hard work...or just set yourself free? Skills and even supernatural abilities possessed by your parent can be inherited by you - not all at once, but little by little, with more coming to you with practice, skills manifesting as an inborn talent and powers as the results of self-reflection and discovery. However, the further back your bloodline goes, the more diluted this is - your gain is halved when you try to inherit things from your grandparents, halved again from your great-grandparents, until it becomes a barely noticeable trickle that you would have been better served gaining yourself, cutting off entirely after ten generations. If you’d rather shun family ties altogether, you may forsake this inheritance and formally separate yourself from a bloodline - you no longer qualify as biologically related to said bloodline, and lose all benefits and downsides of being part of them, both legally and physically.

For the purposes of this perk, a vampiric sire and their ‘bloodline’, should they descend from one, count as family.",,,
,,400,Monstrous Strength of a Protector,Fate/Myth,"Well, this is odd, but much like a Certain monster from a different time you seem to be able to easily make friends with those who are children or childlike no matter how disgusting or deformed or monstrous you are, children will always see your true intentions, as well when fighting in defense of a Child you’ll find your strength massively increasing, the stronger your will to protect the child, the more strength you gain, so much so that a Single Minded Minotaur with all the Narrative Weight against him, demanding that he die to the Hero before him, would have more strength than Heracles in his maddest rage.",,,
,,400,Blood Starved,Fate/Legends: The Land of The Rising Sun ,"Nobles aren’t always born with a lean to being prim and proper. Some are as much a beast as the lowest common warrior, if not far worse. Your body is that of a wild barbarian, filled with enough feral strength to let you smash down castle walls and split a dozen men in two with one slice. That strength is enhanced further by a high degree of skill in the use of spears, swords and other close combat weapons. This violent body easily falls into terrible rages when soaked in blood, letting you steadily and quickly increase your physical strength, speed and attack power, but at the cost of your reason and a slow degradation of your defence while it lasts. On the battlefield, in the crush of bodies, you become a whirlwhind of blood and gore, spinning faster with every fallen foe. Fortunately, since you are still a noble, people do not think less of you for these rages and dishonorable forms of battle. Particularly with leaders and lords you follow, you will not be punished or considered too dangerous. At worst, you might be moved to a less risky position where social grace is not required or placed at the frontlines of battle.",,,
,,400,Devouring,Fate - The Island of Sin,"You have developed the same ability as Tam Lin Gawain of the Fang Clan. Once, when she was still known as Barghest, she dueled Lord Foul Weather, and consumed him to gain his powers in order to stop a Calamity. You too can replicate this feat, as whenever you kill and eat someone, you are able to steal any powers they may have possessed for yourself.",,,
,,400,Holy King,Fate/Legends: Vive la France,"It was not the personal heroism that saw Charlemagne become one of the greats of history. It was his qualities as a king, a leader of nations, that earned him his true place in history. The charisma of a ruler that you possess is not something that makes friends or lovers, it is a dominating force that drags the people helplessly along in your wake and renders those without fierce wills to oppose you as lambs before a mighty lion. This charisma is supported by your extended experience and great skill for leadership in matters of war and peace, with a supernatural reinforcement of the functions of your lands. For you, the people, the animals and even the earth itself is just moderately higher quality than for anyone else. Finally, fitting for a king of such spiritual times, those who hold the same or similar religions as you at least outwardly appear to have are far easier to influence, as well as increasing the longevity and potency of any religious institutions you instate in your country. The Kingdom of God will reign long and true, so long as it subordinates itself to your royal will.",,,
,,400,Depraved Ascension,Fate/Grand Master,"One major limitation of the Fate system is in how it often summons servants in weakened states requiring magical processes and materials to refine their saint graphs back to their full power. Well if Chaldea can’t help your servants fight to their fullest then you’ll just have to pick up the slack! You can boost the abilities of your servants through mana transfers, reinforcing their saint graphs with your own energy and bringing out their best possible performance. Any time you have sex with a servant any excess energy not used to refill their mana reserves is invested into raising their overall abilities. Each transfer confers only a minute improvement but over time they add up and can increase the ranks of your servant’s skills, attributes, and even their noble phantasms. It’s even possible to heal injuries inflicted through battle as well as curses or other damage, allowing you to heal a crippled servant by filling her with your essence. Following this jump non-servants can also benefit from these donations of power in similar ways.",,,
,,400,Born of Troy,Fate/Legends: Empires of Antiquity,"Heroes are the ones that go out and conquer the villains, right? To those that say the heroes are the ones that act, you only need to look towards Troy to see just what a hero with a defensive mindset can really do. So long as you’re on the defense, you’ll be doing a lot better than anyone could expect. Your combat-related abilities and skills heighten enormously provided you fight defensively, on a local level or when leading entire armies. You could lock an army ten times the size of your force and led by the greatest of divine heroes down for a decade without much issue should you bunker down in a strong fortress with a good army or, provided you’re a fair bit beyond the average man already, give a good fight to one of the demigod heroes that roam the land. It’s handy that you yourself are indeed beyond the average man. While your physical abilities may be sorely lacking compared to the usual demigod breed, your skills in combat are enough to give even the mighty Achilles pause even when on the offense.",,,
,,400,Queen's Covenant,Fate - The Island of Sin,"Although the King Clan seems quite large at first glance, the truth is that other faeries are simply adopted into the clan. The head of the clan is able to imbue a fraction of her power into those she brings into the clan, making them much stronger, and only weakening her if she is far away from them; as long as they remain in relative proximity, she keeps full access to her abilities. 

Now you too are able to infuse your minions with your power, making each one far stronger in exchange for a tiny sliver of yourself that you invest in them. As long as they don’t get more than a city’s-width away from you, you still possess your full strength, only losing access to it if they distance themselves from you.

You can also weaken your perks to provide lesser versions of them to your followers; in exchange for reducing your own perk by 1/100th of its regular power, you can instill a single individual with that same perk at 1/4th the power with which you would normally demonstrate it.

However, whatever you invest is permanently given up, and as such will be lost forever if your subordinates die or forswear their loyalty to you. But having an army of warriors able to fight at a significant portion of your own abilities may be worth the cost.",,,
,,400,Paragon Apart,Fate/Revelation Online,"Every “Protagonist” is called that for a specific reason, they have a different element than the normal set. This isn't something new for Protagonists either, as most are different from the rest of the world in some significant way. With this perk, you may set a “Difference” for yourself, which can be changed at any time. The only conditions for what you can set is that you may only have one set at a time, and that your “Difference"" must set you apart from at least 75% of the population. This is generally globally, but in this Jump it will be the population of SAO players so long as you are in the game. Within this area, you will improve twice as fast in every field that your “Difference” applies to. You also have no limits to how far you can grow in this area, and your growth curve will be linear at minimum. However, when has a Protagonist even been alone? Naturally, you will find people that share your “Difference”, and they will also receive benefits for this. As long as someone with the same “Difference"" as you is on your side and has your approval, they will also receive all of the benefits that you would in this area. However, they will also improve 1.5 times as fast as they normally would in all fields if you are personally helping them or advising them in that area. After all, the Protagonist often brings out the potential in others, and I would assume you would rather have those on your side be stronger if nothing else.",,,
,,400,Time To Power Level,The Holy Man of The Church Creek,"As you ascend to unprecedented levels of strength, you recognize the importance of ensuring your allies can keep pace with your newfound power. With this ability, you possess the means to expedite the growth of your comrades, enabling them to bridge the gap and reach your level of power at an accelerated rate. While the time required still depends on the magnitude of the disparity, your influence can propel others to achieve remarkable progress in a matter of days, rather than the customary years. Through your guidance and support, individuals can experience exponential growth, their abilities surging to dozens, if not hundreds, of times their previous strength. This ensures that no matter how strong you get none of your allies will ever be left behind.",,,
,,400,Tainted by Me,Fate/Strange Fake,"Sometimes, there is more strength in numbers than in mere quality. In the days of old, gods often blessed their priests with portions of their own powers, allowing them to act as their agents on the Surface. In the modern era, magi have also found ways to share a portion of their personal power among their subordinates, such as the King and Pawns system of the Zugzwang. Now, you know how to enact a similar ritual.

You can now offer those weaker than you the option of hosting a part of your power, be it donating them a portion of your divine mana, or even granting them something more physical like splitting a part of your magic crest. Those who choose to be linked by you in this way become tainted by your own ‘color’. They become an extension of your power, becoming more receptive to your orders and looking up to you more than they did before. As a reward, their own personal abilities are raised several times more than whatever amount of power you invested on creating this link, as well as finding more easily to coordinate with you. Not only that, but their own abilities ‘evolve’ to become closer to the original. For example, a user of ghoul beetle magecraft, if blessed by a goddess that favors gems, may find their beetles to increase in power as they are each turned into precious stones, and become harder to be taken over by any outsiders.

Normally, this cannot be forced, but when the scale of power is vastly in your favor, it is possible to just force your power on those who are already at least open to the idea of becoming your subordinate.",,,
,,400,Dark Wisdom,Grand Foreigner,"Dark Wisdom is a passive skill that allows the user to gain a spell or skill from any target he kills. This normally would only give you a single spell you don’t know, but this version will instead randomly give one power from your target. This ability could be anything be it a spell, a skill, or even something unique like the Noble Phantasm of a Servant. Since you are paying with CP this chosen power will always be something useful. So you won’t get something useless like a mopping skill.",,,
,,400,The Power of Legends,Grand Foreigner ,"Most Jumpers are legendary beings who are known across the multiverse. So wouldn’t it be befitting for them to receive the powers of the Servants. This perk has two main effects to represent this. The first is that your relics, renowned feats, and powers can be turned into Noble Phantasms. The boost they receive will depend on the spread and belief of your legend.

The second effect is technically the core of the first effect. As your renown grows you will receive a boost to all of your parameters. For example, being a renowned hero in a single country would provide a decent boost. Being a world famous hero however, would multiply all of your powers greatly. Lastly, as age is an important property of any legend you will find yourself passively growing stronger as your tale grows older",,,
,,400,Bonding,Fate/Extella,"Such precious things and far more tangible than most realise. In your mind’s eye, you see a visualisation of the Bonds you have with everyone you know. A number represents the level of affection, starting at zero for strangers and going up as you grow closer. You’re no more charismatic than normal with this and while you could raise the bonds normally, just fighting alongside someone is enough to slowly but surely raise your bond level regardless of other dislike that might go on between the two of you. 

As someone’s bond level rises, they don’t just become closer friends with you, but find the limits of their power rising. Where the potential they had was once restrained, they now find themselves able to grow stronger and in more ways than before. Sometimes they will even develop new powers entirely, especially at very high Bond levels. Finally, you don’t find any issue in maintaining many Bonds at once, somehow finding time for your many friends to each feel valued and special to you. Perhaps it could even help with more romantic bonds.",,,
,,400,Moon Mad Love,Fate/Legends: Empires of Antiquity,"Being loved by the moon is far from a simple blessing. While there are some gifts to be found, it is madness that is most associated with such favour. You’ve managed to avoid that part however and taken advantage of what being favoured by the moon and the deities connected to it can bring. Any being closely associated with the moon, such as goddesses of the moon, feel a strong sense of affection and even attraction towards you, and you find that magic related to the moon is much more powerful when used by you. It magnifies the strength of any rages or frenzy related abilities that you possess a large amount as well and even allows you to transmit your own madness to those around you. This is done by manifesting a shining full moon above you in the sky, affecting anyone who the light from that moon shines on within several kilometers, letting you project any insanity, rage or madness you feel or have felt in the past onto others. Depending on what you draw on, this may hinder foes or empower allies, as you can direct the light to not shine on some areas. The madness will fade in time from those with superhuman or magical power but ordinary people will be permanently afflicted.",,,
,,400,If We Shadows Have Offended,Fate - The Island of Sin,"“Think but this, and all is mended/That you have but slumbered here/While these visions did appear/And this weak and idle theme/No more yielding but a dream” – Puck, A Midsummer Night’s Dream.

It wouldn’t it be easy if you could just dismiss everything bad that happened in the world as a bad dream? Maybe it even is. But the line between dream and reality can be very thin.

You can aid your “allies” by layering them partially into a dream, imbuing them with the essence of night as “a time to escape reality”. Like a hero in a dream-world they will find themselves empowered in combat, without losing touch with reality as one might expect from such a dreamlike power.

Alternatively, rather than the nature of falling asleep, you can imbue your allies with the essence of the morning, filling them with wakeful energy and recharging any power sources they may possess. But while a refreshing morning can feel like it cleanses you of your sins, they still creep back nonetheless… the energy boost you provide is only a temporary benefit, and it will steal away in time.

More insidiously, you can infuse someone—be it an ally or an enemy—with the greatest of dreams. A beautiful dream such as to inspire someone to change their entire life—one that is consumed as fuel to propel the target to unbelievable heights of power. But once that fuel runs out, they fall asleep, and stay asleep, forever. If you use this ability on an ally, either be certain they are only inhabiting a temporary body, or be sure that you can afford to lose their services until the jump is over.

By manipulating the dreams of your targets, you are indirectly capable of manipulating their mind and consciousness. You don’t have fine precision over this, but it would certainly be within your power to seal away someone’s memories of a traumatic event… at least, until you want them to remember.",,,
,,400,Märchen Meines Lebens,Grand Foreigner,"Märchen Meines Lebens is the Noble Phantasm used by Anderson. Anderson hated the concept of Deus ex Machina, but believed devoted heroes should be rewarded. Those who suffer deserve a happy ending for the horrors they’ve endured. This phantasm reflects this belief allowing the user to bend fate. The only restriction is that the target must deserve aid. You cannot grant a legendary hero another boon, but you can grant their fallen ally an opportunity. The greater the suffering they endure the greater the boon you can bestow upon them.",,,
,,400,Imperial Privledge/Natural Born Genius,Grand Foreigner,"Imperial Privilege is a special skill that allows the user to acquire any skill the user needs. Granted this skill is limited in what it can call upon. For example, Caligula’s version can give him any skill associated with combat and not involving magic. By purchasing this you may acquire this ability for yourself. You may choose a single broad classification such as combat. You can then call upon any skill from this group.

If you are not satisfied however, then you may pay an additional 200 CP to upgrade this into Natural Born Genius. This is a skill possessed by Da Vinci which allows her to call upon any skill attainable by humanity. If a skill can be acquired through training even if only in theory Da Vinci can seize it. The only restriction is the number of skills she can use at once. Additionally every technique that this skill grants you is automatically boosted to A rank.",,,
,,400,Protection of Andraste,Fate/Legends: God Save the Queen,"Who could lose when they have the favour of their goddess at their backs? As much as your enemy may claim to be favoured by their own false gods, you’ll both become well aware of who truly benefits, as divine power surges through the bodies of you and your men. Blessed by Victory itself, you and armies you lead gain great benefits when in battle. All parameters, physical and magical, are raised noticeably once the battle is adjoined. This is strongest with yourself, your followers receiving a smaller portion of the benefit. At a normal level, it would unbalance an equal fight but not so much as to make it impossible for your enemy to win. When fighting a defensive battle, this boost improves greatly. A battle of equals becomes a battle between elite soldiers and seemingly green troops, terrified of their first fight. You and those who follow you gain reinforced willpower and unnatural vitality, withstanding terrible wounds yet continuing to fight. All the ingredients needed to turn a wild horde of tribesmen into a force that can crush even a Roman legion in battle.",,,
,,400,Heavenly Scorn,Fate/Legends: Nirvana Yuga,"Those who are left to support the household are far from helpless. It is not for nothing that arts like Kalaripayattu trained both men and women in it’s style and the wrath of a mother whose child is in danger is legendary. Your nature is the same now, when those you love are in danger. In those situations, you’ll find that your powers grow greater and greater the worse that danger is, provided you’re close enough to act in their defence at all. It’s a noticeable boost, perhaps even enough to double your normal strength if their lives are at risk, but you can force this further with the sacrifice of parts of yourself. The more valuable the part you permanently burn off, the greater the boost. Some of your blood might only be a brief but notable burst while a limb could result in several times as much strength for hours until every enemy has been beaten down. Something as integral and vital as your very divinity could bring you to the strength of the greatest of gods for a time, as Parvati herself once showed in her rage. The permanent nature of this sacrifice means that you will be unable to heal it on your own and that even others with enough power to match you will find it a far more difficult task, though not impossible.

In a less dire method, you can instead heal the wounds and fatigue of other people by letting them partake of your body. These are temporary wounds, such as letting someone supp at your bodily fluids like blood, or a bite of your flesh. Even a few drops of blood would heal most mortal wounds and a slice of flesh could undo even crippling wounds to the entire body and unholy curses. These wounds will never kill you when given for the purpose of this ability, within reason, and slowly heal over a day or two.",,,
,,400,The Virtue of Faith,The Holy Man of The Church Creek,"Within the divine architecture of Heaven's System, the faith and devotion of countless mortals serve as the lifeblood that empowers and sustains its functioning. Similar to deities, you possess the unique ability to draw strength from the unwavering belief of your followers. The power bestowed upon you will be proportional to the quantity and depth of faith bestowed upon you by your devoted followers. The amount of strength you receive will vary based on the number of followers you possess and the degree of their faith. For example, the fervent loyalty of a single Zealot may generate an equivalent surge of power as that of hundreds of ordinary followers. The collective devotion you possess will transform into a tangible boost, augmenting your abilities and augmenting your essence",,,
,,400,Will of Mankind,Fate/Myth,"Heroes hold the Will of Mankind, empowering not only their will but any other powers they have as well as they fight on the behalf of humanity. The More Humans that Want something the more power you gain when working towards it. Such as a Town Wanting a Monster Slain would see a minor boost to your power, but if something happened and all of humanity wished for a being to die, even an untrained child could fight on the level of a true hero.",,,
,,400,Beast of Ages,Fate/Grand Order,"There is a rule in this world that older things are held superior to newer things. The Mystery that builds up in older things allows them more power but not everything follows that rule. Indeed, certain beings work in an entirely opposite fashion. The Beasts grow stronger the more mankind has advanced their civilisation, much as you yourself now do. The more advanced the civilisation of your home world, the more powerful you become due to it. A renaissance era world would not give you much noticeable increase at all whilst a world based on the modern day could see as much as a third again increase in your overall power. The more advanced your home world’s civilisation becomes, even as a result of you helping them grow, the stronger you’ll become in return. ",,,
,,400,Grand Teacher,Fate/Myth,"You find it easy to attract strong, focused, and happy to learn students, as well as having an easy time teaching them various things, from philosophy to combat you can teach it well, as long as you know it, you can even teach magic or ki or such things to those that don’t have it, as long as you know it you can teach it, though it may take a while with complicated or completely foreign ideas.",,,
,,400,The Gift of Names,Fate - The Island of Sin,"When Morgan began gifting her Tam Lin with names from Proper Human History, it served several purposes—ones that are now available to you, too. The first is that it allowed her to partially merge the Spirit Origin of a Heroic Spirit from Proper Human History into her knights. Now, you can create this fusion for other people, layering a part of the “concept” of the chosen Heroic Spirit from Proper Human History atop your target and turning them into a faerie knight, a Tam Lin (even if they aren’t a faerie). This gifts them with a skill or ability possessed by that hero, although it is not of as high a rank as it was for the original.

Secondly, bearing the name of a hero from Proper Human History allowed her knights to distance themselves from their own true nature as nascent Calamities. Those you gift a Tam Lin name to will receive a superior version of this; any racial or inherent weaknesses they may possess will cease to have an effect for as long as they are known by their title as a Tam Lin, rather than their original name. They will likewise find that they have an easier time fighting against any urges of their base nature they may possess, such as the drive to destroy a nation.

Thirdly, it obscured the original name of the Tam Lin. Those you have gifted a Tam Lin name to will find that even people who already knew their original name are unable to remember, hear, or even read it. Know that this is a deceptive effect, so abilities such as Fae Eyes will see straight through it and remember it clearly. Furthermore, once someone manages to openly reveal a Tam Lin’s true name, this method of hiding that their name ceases to have an effect on anyone for the rest of the jump, although they will not lose their abilities if their true name is discovered. This will also serve to hide your Tam Lin’s true name from those who have some method to discover it, unless that individual also possesses the means to see “the truth” of things.

Unlike the original, those who bear the title of Tam Lin will be able to toggle these effects on and off, making themselves “normal” again if they would prefer to be, and reassuming these powers when they want them.

You cannot gift yourself a Tam Lin name.",,,
,,500,Chu Shi Bao,Grand Foreigner,"Chu Shi Biao is the second Noble Phantasm used by Zhuge Liang. This phantasm represents the documents he presented to his emperor to subjugate an enemy country. This phantasm allows the user to grant the target anything they require in a situation. For example, Zeuge Liang used this to temporarily evolve Alexander into his older form Iskander. The most interesting part is that the power of this phantasm increases as the situation becomes more dangerous. In the original world this phantasm allowed Waiver to summon a number of his allies as Servants within the Singularity.",,,
,,600,Apostle,Fate/Myth,"You are a Follower, a lesser person to most, but those you follow know you’re true, loyal and they love you for it, gifting you lesser powers, skills or items based on their own, following Gilgamesh might see you gaining your own lesser vault or his force of will or charisma, following Jesus Christ might see you gain minor miracles and the love of god, who knows what all you’ll gain here.",,,
,,600,Hero's Will,Fate/Grand Order,"So long as your will stays strong, so too will your body. The determination to protect your friends will last you out even if your body should be too weak to protect them still. Now your willpower can be used to power or empower your body or abilities, replacing the normal energy used and possibly even empowering it above the normal level of use. However, the greater the cost it would have been on your energy stores and the more power you put in above the normal level, the more strain it will put on your mind and body. Take too much strain on and you may find your mind, body or even soul to start to rip, rupture and tear. Continue to push yourself so far beyond your limits and even having a truly unbreakable will won’t prevent you from dying, though having such a will would allow you to go far, far further with this ability than most.",,,
,,600,Teamwork!,Fate/Revelation Online,"While the Front Liners are always pushing to advance past others, the Mid Liners often form groups and work together. That's not to say that the Front Liners don't use teamwork, but it's far more common on the Mid Lines. You have great skill in teamwork as well, and are able to flawlessly work with any one and can make any team work. You also have a sixth sense of what your teammates are going to do, and can improvise anything on the fly and have your teammates respond as if it was all planned out and everyone knows their part, even without saying anything. Combination attacks and the like (including combination magecraft) also come naturally to you, and you can make them up and perfectly execute them on the spot. Furthermore, whenever you fight in a team the abilities of everyone is doubled. This includes things like strength, skill, and durability, but it doesn't affect equipment. It also doesn't heal anyone, so sorry if you thought that you could use it like that. Either way, you've certainly got a talent for teamwork, so go out there and work together!",,,
,,600,"A Medic is like a Berserker, Right?",Fate/Myth,"Besides gaining the Skills of a Battlefield Medic beyond what a normal human can achieve this perk allows one to ignore their own pain, suffering, even madness as they work for the lives of others, in fact the more injured or endangered one is, the more powerful or skillful one can become, but they have to use this powers to help others, giving all that they are, to see those men return home",,,
,,600,King Maker,Fate/Legends: Garden of Avalon,"Your place is not at the forefront of this story but behind the curtain. Yours is the hand that guides the heroes to success, raising farm girls to be kings and serving boys to slay dragons. You are the maker of kings and bringer of heroes and this is only too apparent in how you can guide others. Even should you lack knowledge of the specific path your proteges may wish to pursue, your constant presence and tutelage brings out vastly more potential than should be possible for your students. People discover brand new powers and levels of strength that they did not believe they had and may very well truly lacked before you took charge. Lessons and study that should take half a lifetime can be compressed to just days for even a dull brat to digest. The ones who call you mentor and master are almost assured of becoming legends that are known throughout the world and will continue to be remembered for centuries after they pass. Of course, they also develop a loyal affection for you, even if you are a strange, oft annoying and troublesome teacher to have.",,,
,,600,Consolidation ,Fate/Strange Fake,"Servants, in the simplest terms, are shadows of the true Heroic Spirit manifested through a vessel. How much power can they draw from this vessel depends on the Master’s attitude and power. But even under an exceptional Master, there is a limit to what they can manifest. But what if you could do more? Not only you are excellent as a Master, to a degree comparable to the genius Rin Tohsaka, allowing you a fantastic compatibility with any Servant you summon, you also know a process to strengthen the Spirit Origin of your Servant, as well as any other familiars you may possess.

Keep in mind that this is a quite energy intensive endeavor. To upgrade a Servant that had already an average B rank in all their stats even further would require the intervention of a few dozen powerful magi, or a source of energy comparable to that.",,,
,,600,Fly Me to the Moon,Fate/Legends: Vive la France,"The bond between a master and mount grows deep as they adventure together, even when the mount is nothing like a normal horse. For some, such as yourself, that bond can result in some amazing gifts. You have legendary aptitude for taming, caring for and riding any kind of animal or beast short of a dragon, but that skill that would alone make you feared by men across France is merely the start. By creating a tight bond between yourself and a mount, you’ll be able to call on an ability based on what that mount can do at will. Sometimes this will be a direct change, such as the wings of a pegasus or the fiery breath of a wyvern, but Phantasmal Species can often have strange abilities that become even stranger once you take hold. Abilities can change in the process, becoming more like related powers. The Hippogriff’s ability to transport between spaces through imaginary means might result in replicating yourself into dozens of different clones. You may only borrow powers from mounts who you still have a close bond with, negating efforts if you’ve been long without the animal or they have passed away, but it is possible if tiring to take on multiple abilities at once.",,,
,,600,Best Housewife EX,Fate/Hollow Ataraxia,"You gain the ability to become extremely caring and empathetic. Any and all of your abilities are increased when in service of your family. Your spouse (or spouses) can borrow any powers you willingly allow them to (though you will be denied access to said powers while they borrow them). Your children will all have peak human abilities, in addition to at least above average magical abilities if said universe has magic (you don’t need to possess it yourself, nor their parents).

Capstone: You can optionally share all of your powers with your spouse (or spouses). There is a caveat: Each power you have can only be shared once, meaning only one of your spouses can share that power with you. If Spouse A has Power B, then Spouse B can’t have Power B, but can have Power A, which would deny it to Spouse A as an option. You may shut off your shared powers at anytime and restart them as often as you like, but you may not reallocate which spouses can share which powers for a 1 year period after setting who gets what. For any power not set to be shared with a specific spouse, you can still share it with any and all of your spouses while denying said power to yourself (so like in the original description before the capstone).",,,
,,600,For Your Sake,Fate/Extella,"Love is a mighty force, able to transform even the most worthless of men into great heroes when it calls upon them. But for you, it often takes a much more substantial and physical form. You’ll find that love is able to transform you on both the physical and deeper levels, should you let it. This manifests in two ways. The first is a transformation that forms around you when your loved ones are in danger, increasing your power as a Servant the more danger and the stronger your love for them. Your dearest beloved in mortal danger could allow ten times your normal strength to be used. But this is tiring as an increase, temporary in how long you can benefit.

The second is a more involved process, allowing you to transform yourself to fit what your loved ones desire you to be. Such self sacrifice requires great effort and journeys of change, coming to you in the form of difficult quests that have a end reward of allowing you to change what you are. A monster becoming human for the one who wishes they could both be humans, as one example.",,,
,,600,Home Field Advantage,Fate/Apocrypha,"What, did you think the Big Bad stayed in their base just because it was comfortable? When you have established a territory, such as building your own base, owning land, etc, you gain certain advantages based on your own specialities. Maybe you’re physically stronger and more durable? Maybe your opponents are weakened? Maybe your spells are more effective? Either way, you’ve just become very good at playing the defensive game. Just be aware that you’ll lose these advantages if you leave, or something is able to overwrite it.

Capstone Boosted – Oh, well, that’s even better. Your advantages in your territory have considerably increased and can continue to increase the more resources and time you invest into that territory. Invest enough time and resources into your fancy floating palace and even a physically frail Caster can generate magical shields that can block an enraged Saber, rapidly cast spells that would usually require rituals, and mentally coordinate and control any defences you happen to have.",,,
,,600,Head Bitch in Charge,Fate/Stay Night,"It is the duty of the family head to look after and maintain the family's territories. You, as all your ancestors have done, take to this duty with gusto. Across your family's ancestral lands, an area roughly the size of a city, you gain several powers and advantages. First, you are aware of the exact position and layout of all leylines within the area, as well as any other extreme concentrations of magical energy. Second, you have an innate sense for the physical and spiritual health of the land, as well as what needs to be done to fix either if they are failing. While on your territory, your magics become significantly stronger and the magics of those who fight against you become slightly weaker. Finally, you are able to tell when any supernatural being has entered your territory, though no more than that they have entered. In future jumps, this territory can either be set to properties or land that you own, though it does not grow beyond city sized, or be placed in a location of your choice as long as it is either un-owned or you own the majority of the area covered. It can only be placed once per jump.",,,
,,600,Ascension,Fate/Grand Order: SkyrimAnon,"Servants aren't static in power. Depending on their circumstances, they can be stronger or weaker. The most notable influence on this is the Servant vessel. The magical power of the Master can either limit them or allow them to show their full power as well. Outside of that, you might need potent artifacts like Holy Grails to significantly increase the power of a Servant without resummoning them in a better spiritual body. Thankfully, you've learned a few strengthening rituals utilized by Chaldea to enhance their Servants. By utilizing miscellaneous magical material or objects, such as perhaps the bones of magical beasts, Craft Essences, or Mystic Codes, you can slightly but noticeably increase the overall power of a Servant. This can only be done to a limited extent however, due to the natural limits of Saint Graphs.

This is where a second ritual comes in, ‘ascending’, so to speak, the Saint Graph of a Servant, requiring not only a magical monument aligned with the archetype of their Servant Class, but also magical items that resonate with the legend of the Servant, such as a lantern that uses souls instead of oil and a demigod heart filled with curses for a divine Servant that caused a lot of death. This ascension provides a small power boost on its own and allows you to keep strengthening them the normal way for a bit more, before you run into the limit of the Servant's Saint Graph and need to ascend them again. A Servant can only be ascended four times total. 

There are a couple more rituals this perk teaches you, however. One uses the same kind of magical materials as the ascension ritual (although with a magical gem instead of a monument), and slightly improves the Skills and abilities of the Servant (which can be done up to 10 times), while another feeds them a copy of their Saint Graph to notably enhance their Noble Phantasm (which can be done up to 5 times). And finally, by performing a small quest to address and solve some personal problem the Servant has, this character development engraves itself in their Saint Graph, permanently strengthening their abilities to a noticeable degree.

All of these rituals (save the last one due to it being unique) require quite a bit of magical energy of course, not to mention the difficulty in acquiring the sheer amount of materials needed in the first place. As a bonus, with this perk you'll have an odd tendency to find sources of such materials, even if such grinding can only be done by using magical simulations to recreate old enemies of yours and kill them over and over and over again. Overall, should you manage to fully upgrade a Servant with all these rituals, they'll be at the very top of their Rank, however, this alone is not enough to bridge the gap between Ranks. The only exception to this are Low Rank Servants, who’ll at least be brought to the peak of Mid Rank.

That is where the final ritual comes in. Should you manage to get your hands on a couple of Holy Grails, you'll be able to ascend your Servant, in a manner of speaking, two more times. The magical energy and magical material requirements for even minute increases of power rise exponentially at this point, not to mention you will lose the Holy Grails you've used in the ritual. Should you manage to feed a grailed Servant to the point of reaching the limit of their supercharged Saint Graph, they will have finally ascended a Rank, letting a Mid Rank Servant achieve High Rank. Past this, you'll have to use a second Holy Grail for the sixth ascension, after which you can keep sinking exponentially greater amounts of magical energy and materials to reach the limit of the Servant's Saint Graph again.

At this point, the Servant will have been empowered to the point of having effectively climbed two (or three) Ranks, such as a Servant that began as Mid Rank becoming Top Rank by the end of this process. A limit of this entire Ascension process however, is that it cannot reach beyond the Top Rank. So perhaps it'd be wiser to focus on enhancing weaker Servants. As a final note, modifying these rituals to work on non-Servant spiritual beings is likely possible, if very difficult, but it would require a lot of magical expertise to make them work on living beings.",,,
,,600,Rooted To The Land,Fate/Strange Fake,"The Protectors of the Land are a cabal of magi that have bound themselves to the lands of Snowfield, in both spirit and blood. In return from tying all the mystical power to their land, they are able to accomplish feats of mystical power that surpasses that of most other magi.

Whether as one raised to become one with the land of Snowfield, or just a talented magi who has developed a very similar process, you are also able to bind both yourself and a large community of other magi to a certain territory. The size of land you can comune with depends on the size of the community you are binding to it. A small cabal of magi, of a few dozens, will only be able to maintain a territory of around an American county.

Initially, this process is easily reversed, and the benefits it provides are not as significant as the one the Protectors of the Land enjoy. However, the more people, either actively or overtime, bond with the land, the more power you will get out of it, as the land not only returns power but also feeds on those entering in symbiosis with it.

However, should you choose to, those who enter this pact with the land may also choose to permanently bind themselves to the land, tying all their powers irreversibly to your chosen location, and then even they may sacrifice themselves as their life nears to an end, allowing them to reinvigorate the land. Doing this process will speed up your power gain.",,,
,,600,Mana Burst: Love,Fate/Grand Master,"Magi boast about the strength of their magecraft and servants are rightly proud of their noble phantasms but no power in this world is greater or more profound than the power of love. You hold that power deep in your heart: whether you wish to be the invincible shield of your senpai or a virgin laser piercing the heart of the ultimate thot you can use the power of love as a substitute for mana or health. In any battle where a loved one’s life is on the line you’re able to hit harder, move faster, endure longer, and fight harder than is even physically possible for your body and abilities. There are few limits to the extremes you can reach in physical or magical power through this enhancement but be warned, such power does not come without a price. Exceeding your limits this way effectively redlines your performance, inflicting unavoidable damage to your body proportional to the amount of it that you used. Small amounts used in a desperate battle may only make you pass out and require medical attention once the battle is over, but the power needed for an ordinary servant to deflect an all-powerful noble phantasm or slay a Beast in a single blow would be more than enough to kill that servant outright",,,
,,600,Saint of the Sun,Fate/Legends: Garden of Avalon,"If there was ever a morning person, you’d be the guy. And also an evening person, funnily enough. Why? Because it seems like the sun just can’t get enough of you. During the hours of 9AM to 12PM and 3PM to 6PM, you’ll find that the sun charges your overall power and individual abilities until they are three times their normal power, at no further cost to you than normal. Additionally, any damage you receive in this state is greatly reduced, enough that attacks that might harm you normally are now barely even scratches. If you could find some way to maintain the presence of the sun in a condition similar to the hours of power you have, you might even gain this boost for longer than normal. Lastly, even when outside of your normal hours, you can briefly activate the sun power for a few seconds, though this is terribly tiring.",,,
,,600,Brunestud,Tsukihime,"Crimson Moon Brunestud. The Ultimate One of the Moon, who made a pact with Gaia in order to create a race - the True Ancestors - to corral humanity. But this luminous being had its own agenda, wanting to make a suitable vessel able to exist within Gaia’s laws and possessed enough purity for it to take over and then enact his own will upon the world. There are three suitable vessels on the planet - Arcueid Brunestud, Altrogue Brunestud...and you. Whether your body had enough ‘purity’ for Crimson Moon to consider as a candidate for being their vessel or you were some misbegotten attempt at replicating the True Ancestors, a ‘fragment’ of Crimson Moon exists within your soul. However, unlike the others, this fragment holds no particular sentience or power over you, and is only a small piece of what Crimson Moon’s power would be.

First, you are able to manifest a copy of Millennium Castle Brunestud, a piece of Type-Moon’s Reality Marble where his influence is the strongest, at will (curiously, even if you lack Marble Phantasm) and dwell within it. You may change the interior of the castle your will, making anything from a luxurious manor to an eldritch hell only a monster could find comfortable. Your connection also causes your power, even those not tied to your nature as a True Ancestor, to wax and wane with the phases of the moon - during the night of a new moon, there is no change, but during a full moon, your strength and powers are magnified several times over. And when you dwell within the Castle itself, your power is always at its peak from this boost, functioning the same as the night of a full moon. An ordinary human (as miraculous as it may be) with this could lift a tank one-handed on the night of a full moon. The might of a True Ancestor is likewise increased even further than before in the light of the moon, letting you outmatch others of your kind save for your two ‘siblings’. Perhaps in a few centuries, this ‘fragment’ could grow into something matching the original...though that night is far, far away.

If you prefer a more...’talkative’ source of power, you may take the exclusive companion for this perk ‘The Moon’s Shadow’ for free.",,,
,,600,The Hero of Charity,Fate/Legends: Nirvana Yuga,"In a time when feuds have lasted generations and terrible wars raged for years over the problems of a meagre few, it must be something special to be someone that the enemy cannot deny. Yours is the soul of a gallant hero, a mien of such intensity that all who see you are forced to acknowledge that you are someone important in this world. Whatever impression you leave on people, whatever effects you have, they are magnified enormously. What might be a normal rivalry between young men could develop into a tale remembered in legends for millennia to come, a god who might feel respect for your humility in obeying his wishes normally would feel himself so filled with shame for taking advantage of you that he would force himself to grant his finest weapon in recompense. 

A stature as what you have, as a hero or an antagonist, is certain to gather many allies around you. When a few words of friendship and a battle at each others side is enough to become life long friends, you are sure to become an icon to those around you. Indeed, your very nature is that of one to whom friendship results in far greater results than normal. That which you receive from your dear friends willingly becomes vastly greater in scope. Fighting alongside your brothers in arms would see you defeat foes thrice your might in normally impossible battles. A weapon received from a dying friend would ignite with a hundred times it’s normal shine, bolstered to incredible levels by the bonds you share. If you found yourself fighting the heavens themselves, with only the gifted power of two gods that have declared themselves your friends, you might yet succeed. For what could even an entire pantheon hope to achieve against the power of friendship?",,,
,,600,Jumper of Humanity,Fate/Strange Fake,"Heroic Spirits are naturally tied to humanity. They are the greatest of humanity, for better or for worse. Yet, some Heroic Spirits are more tied to humanity than others. Living calamities and heroes that have left a mark in the world so deep, that they become completely entangled with the progress of human civilization as a whole.

It seems that yours is one such case. Your Noble Phantasm, or should you lack one, your general powers, have become inexplicably linked with the current state of the human civilization, allowing you to draw from that progress to reshape and empower them.

For those more aligned with humanity, you could link your abilities with the creations of humanity. A Servant capable of creating weapons would be able to draw forth all the inventions that humanity has created until that era, paying the appropriate cost, and empower all of them with their own level of Mystery. Perhaps a martial artist would refine an unique style that draws upon all techniques developed by humanity, to a point that it is impossible to fight them with human techniques.

For those with more monstrous inclinations, instead human progress allows you to bring back more harm upon humanity. For example, your powers could be empowered by the concept of Calamity, allowing you to draw forth whatever humans deem as calamities. In ancient times, a calamity might be related to natural disasters, such as floods, plagues and earthquakes. But in more modern times, humanity has become a calamity unto itself, so the power of the harmful products of humanity such as pollution, mass industrialization or even the nuclear fires may be called upon.

Whatever it is, the more advanced the era of humanity you are, the more power you will be able to draw from this.",,,
,,600,Blood Drenched Consort,Fate/Legends: The Land of the Rising Sun,"When people think of evil spirits, they think of beings that spread bad luck, simply misfortune or who bear grudges against the living. Rarely do they encounter, even dare to think of, a creature as vile as the one you claim heritage from. A parent, spiritual ancestor, teacher or even just who you were a few years ago; you learned from the cursed fox witch Da Ji in China the ways to toy with the hearts of men. Sneaking into the homes of kings and queens, having them fall for your schemes and wiles, binding men with mad lust and leading whole kingdoms in your wake. Infiltration, political manipulation, deceit and the seduction of rulers are all your bread and butter. Even a great hero is far more vulnerable to your words than to any rampaging beast and those who discover your cruel nature beyond the lies can often be twisted away to a new target, it proving easy to pretend to be innocent and little threat. 

The many ways to cause agony to the body, mind and soul and great experience in their use has also given you potential for something much more important to the world. Your extensive torture experience, including with a variety of magecraft spells suited to such, has given you the first hints of evolving into a Evil of Humanity. Da Ji’s evil is something you can claim to match and this potential could develop should you continue to perform worse and worse crimes against mankind. The more evil you commit, the more your power will grow and the closer you get to becoming a Beast. Already, you possess a natural understanding of the nature of mankind, part of what makes your ability to manipulate them above come so close to magical effectiveness.",,,
,,600,Nerve Damage,Generic Fate Redux,"Your unyielding determination to push the boundaries of magecraft has led you to undergo a grueling procedure each day, risking your life for the pursuit of magical prowess. You've turned a number of your nerves into artificial Magic Circuits, with seemingly no negative downsides. The result is an extraordinary 2600 circuits at standard quality. While these circuits may not be of the highest grade, the sheer quantity you've amassed makes you a living mana battery, equivalent to hundreds of circuits of superior quality. Your tenacity and willingness to take extreme measures promise the potential for similarly remarkable returns in the future, although success is never guaranteed. Embrace the indomitable spirit that propels you to new heights in the realm of magecraft.

Capstone Boosted
Your relentless pursuit of magical enhancement has reached new heights. Instead of the standard 2600 circuits, you now possess a staggering 5200 Magic Circuits, and they are of the highest quality possible. Not only has the count of your previous Magic Circuits doubled, but they, too, have transformed into circuits of the highest grade. This unparalleled magical reservoir empowers you to achieve feats beyond the reach of ordinary magi.

Moreover, your mastery extends to the point where you can bestow others with artificial Magic Circuits akin to your own. While this process demands time and concentration, the outcome is the creation of high-quality circuits for those fortunate enough to receive your magical gift. Embrace the mantle of a magus whose circuits surpass all others in both quantity and quality.",,,
,,600,Living Anitbody,Tsukihime,"The Counter Force. The planet’s collective will to survive made manifest, a passive force designed to act to protect it from any extinction event or existential threat. As you were created by the planet to enforce its will (or are some odd exception to Gaia’s old desire to exterminate humans), you may tap into the Counter Force to do battle with and exterminate such threats. When facing anything that threatens either yourself or the existence of the planet you reside on, you may call on the planet’s own will to survive to empower you, greatly increasing your own abilities and powers to match the threat - against something you could easily dispose of, the boost is minor and almost intangible. But against a rampaging beast ready to tear the entire world apart and with the ability to do so, your blows become strong enough to send them doubling back, but only ‘just’ enough to overcome them. Note that the planet itself must be alive for you to draw strength from - a dead or dying world yields little or nothing to empower you, and if you yourself are an active threat to that world’s survival, it will actively refuse to aid you. Woe if you encounter a foe that is stronger than the collective will of an entire planet, for this alone won’t be able to help you.",,,
,,600,Lostbelt King,Lord El-Melloi II Case Files,"You have somehow circumvented one of the dangers of actually changing the world in this setting, specifically the deletion of your timeline. About a day before your timeline is going to be erased, altered, or deleted, a sort of alarm goes off in your mind, warning you of what is to come. From there, you may declare yourself or a historically significant figure to be the timeline’s “king.” Upon doing so, the timeline is henceforth a Lostbelt, over which the king gains a sort of Divine Authority. So long the Lostbelt’s king remains alive and within it, the timeline will persist, without causing any of the problems its mere existence should. Furthermore, any attempt to alter it simply fails. Departing for a new jump or Going Home does not count as leaving, and post-Spark, you no longer need to remain within your claimed timelines to preserve them. In the case of competing claims, the more defining figure of the timelines or the most mystically powerful becomes king.",,,
,,600,Phenomena Operation Principles,Fate/Legends: Oasis of Fantasy ,"King Solomon established a worldwide network to allow the use of magecraft for humanity, a stark difference to the Age of Gods that held magic to be the province of the Gods and their kind alone. The phenomena operation technique was this grand working that Solomon accomplished and yet, he never took those principles further. Maybe they were left so that you could do something amazing with them. You have the knowledge, skill and outright potential to create massive magical formations and metaphysical structures, the sort of things that can establish entire systems of magic use for whole worlds, cast spells across entire planets, allow for mass alteration of any target within the field or almost any other imaginable effect that can be ‘programmed’ into these massive area creations.

You can create these magical frameworks with surprisingly little energy as well. While it would still take a magician on the level of Solomon himself to create a planet spanning magical framework, even a basic magician of this age could cover a mile diameter framework. Thankfully, the frameworks can be piggybacked off of the World they are linked to in order to prevent you to need to constantly maintain them.",,,
,,600,A Grand Duty,Fate/Grand Order: SkyrimAnon,"The Servant summoning system is based on the Grand defense system of the world, where up to seven immensely powerful Grand Servants are summoned by the World itself to deal with a massive threat. And now you have been included in this system as a Grand Candidate. What this means is that circumstances will conspire to draw you closer to cosmically important events, and in such a way that you would enter in the times and places where you would have the most impact in favor of saving or dooming the world, depending on your goals. If you're a proficient hunter of beasts, you'll find yourself drawn to enemies of more beastly persuasion, or if there are no enemies that you serve as a direct counter for, you'll be able to at least serve as support for those who are better tuned for dealing against the enemy.

Additionally, when you reach such cosmically important events, you will be given the status of Grand Servant, not only immensely empowering all of your abilities but also giving you incredible amounts of raw power. Effectively, you'll be brought to a level of power one Rank above Top, beyond the capability of any normal Servant. Should you already somehow be at that level, or even above, the boost you gain will still be roughly equivalent to a single increase in Rank, however that looks like. This boost isn't free, however; if you get distracted and go do your own thing instead of working to bring down whatever the main threat is, you’ll lose your Grand status and power. Of course, it’ll still linger enough to get off one immensely powerful attack, in case you’re trying to bring down something that is beyond you or your allies’ ability to defeat, such as perhaps a powerful orbital cannon. You will also lose your Grand status and power once the event is over, should it have not been revoked beforehand. Regardless, with just this purchase you're guaranteed to make a difference in whatever grand conflicts break out in the worlds you find yourself in.",,,
,,1000,Sorcerer's Apprentice,Fate/Stay Night,"You've done it. The goal of all Magi. Reaching the Root of Akasha. Unbound by the limits of modern technology, numerous users or just mortal limitations. You've inherited one of the 5 Great True Magics...sorta. You see, just making you a master of True Magic would be horribly unentertaining. You weren't even going to be offered it until that kindly old man with the red eyes popped in and made a suggestion. You are getting a True Magic, one of the Five known ones of the modern day, but you're starting from the bottom. You have the ability to perform it without instantly killing yourself and a crash course on the basic functions, making you about equal to Rin at the end of the Heaven's Feel story without the Jewel Sword. After that? It's up to you. Maybe you might like to look for the past users, if they're still around? I hear the 5th Magic has some red haired chick as its owner. And that kindly old man we mentioned earlier? Well, he's always up for giving kids a few lessons on the 2nd Magic. Good luck, you're going to need it. 

Of course, any Magic you do eventually master could be taught to a student. Emphasis on A. Once you reach a high level of skill in your chosen True Magic you’ll be able to awaken the potential for it in one other being and teach them too. Once they reach the same level of skill that you unlocked this potential at, you may choose another student. Or if they drop out or die. True Magic is quite dangerous after all. You may buy multiples of this perk but only the first purchase is discounted to Magus Heirs.",,,