0 CP,The Winds of Winter,ASOIAF - The Small Council,"Your body possesses an incredible resilience, enabling you to thrive even in the harshest conditions. Native diseases hold little threat, and you endure brutal winters or food shortages with ease, maintaining strength and clarity where others falter. Sickness rarely takes hold, and starvation becomes a distant worry, as you instinctively ration energy and resources within yourself. 
"
0 CP,Vir Tanadhal,Dragon Age,"The Vir Tanadhal is a Dalish philosophy espoused by a clan’s hunters in the spirit of the goddess of the hunt, Andruil. It teaches young Dalish hunters to respect nature and be resolute in purpose. You’ve been instructed in this philosophy’s teachings, and have learned how to move through the wilds swiftly, silently, and unencumbered. Furthermore, wild animals will never bother you unless deliberately provoked."
0 CP,Dirigible Plum Bush ,Harry Potter Movie Series,"This small bush contains an orange radish-like magical fruit that grows upside down and will float away if disconnected from the stem. When used for cooking the plums are quite tasty and very healthy for magical beings in small doses.
"
0 CP,It’s Good For You,Jackie Chan Adventures,"Garlic is packed with nutrients and has numerous health benefits. And if Uncle is to be believed, using garlic in magic is like using salt in cooking. This gives you an unlimited supply of garlic in any form you could want or need. Fresh garlic, dried garlic, garlic salt, garlic powder, garlic extract, garlic oil, garlic-infused (cooking) oils, anything. Of every variety. You can summon a handful or a vial from your
stash to your hand at will."
0 CP,Woodscraft​,The Witcher Novels,"You have skills in almost anything that pertains to the​ woods​ or forest, especially in making one's way through the​ woods​ or in hunting, trapping, etc. Expect to be more than capable of making your way through environments that may be especially hostile, so if you’ve got a Monster or some other manner of beast lurking around you’ll be sure to know long before it catches your scent."
0 CP,Garden ,The Elder Scrolls Series,"For those of you with a green thumb, both metaphorical and literal, this would be perfect. A large garden where you can plant near any vegetation, and watch it bloom within a few weeks. You won't find any weeds, and so long as you put in some amount of effort in taking care of them, any ingredients you harvest from here will be of higher quality than normal."
0 CP,The Fruits of One’s Labor,The Legend of Zelda - A Link to the Past,"No matter how great the hero or how dark the villain, there always exists something in their past that led to their present. The Hero, Link, for example, was an apple farmer before he heard the princess’s telepathic call and drew the Master Sword. A task he returned to in that version of the story. Much like him, you are now extremely skilled at the cultivation of one simple crop. Apples are the obvious choice, but something simpler like one of the grains or maybe a vegetable would also be a decent choice. You can take this as many times as you like."
0 CP,Calaingor’s Stave,Warhammer Fantasy: Wood Elves,"Carved from an undying bough, the vibrant life force of Athel Loren yet thrums in this staff. By connecting you to the hearts and minds of nearby trees, even an unskilled elf can channel magic to rouse nearby woodlands to life. Urging trees to move or assail those within their mist is possible, for the staff grants you knowledge of the dead tongue of ancient days. Just remember that without proper Treeman bodies, trees aren’t very fast or clever when it comes to adapting to problems more complex than attacking the nearest invader."
100 CP,Giant Turnip,Blackadder,"A truly massive turnip, could feed a small family. Also, curiously, if you draw a face on it people will take it for a real human head. Returned in a week if lost or devoured."
100 CP,Friend of the Wild ,Chronicles of Narnia,"Anyone can talk to a Talking Animal or to a Dryad, but your affinity for nature goes far beyond that. You can understand and make yourself understood by birds and beasts who have not been given the gift of reason. You can converse with the spirits of wood and wave and rock, and occasionally call upon their aid... or at least implore them not to turn you into pigs.                                                                                                                                                                                "
100 CP,Friend of the Wild,Chronicles of Narnia,"Anyone can talk to a Talking Animal or to a Dryad, but your affinity for nature goes far beyond that. You can understand and make yourself understood by birds and beasts who have not been given the gift of reason. You can converse with the spirits of wood and wave and rock, and occasionally call upon their aid... or at least implore them not to turn you into pigs."
100 CP,Dryad Attendant,Corruption of Champions,"A gift from Marae, a daughter of the goddess herself. She is intended to serve as your personal attendant, but the state of this land means she could be either corrupted or pure. Starting as a leafy green shoot springing up from the soil near whatever home you have here, she will grow quickly to become a beautiful flower, then a small tree, and finally a mighty ancient-looking tree as the top half of a humanoid form emerges to greet you. Should she be corrupted, the leaves of her tree will have their undersides covered in pulsing purple veins, tentacles will hide within the foliage, and her flower will look obscene and serve as a pussy. Her humanoid form will have gnarled, branch-like horns and black sclera to go with her pale jade skin and dark green hair, resembling a succubus in green. If she is still pure despite the corrupted soil she sprang forth from, every one of her leaves will instead be particularly vibrant, bright green with life and color. The flowers growing from her will be similarly vibrant, filling the air around with sweet, fresh scents as she very slowly beats back the corruption surrounding her tree. Her dryad form will be lither, lacking the horns, and her eyes will be radiant with intelligence, compassion, and warmth. Almost the spitting image of her mother, excepting their colorations. Either way, she is a powerful, direct offshoot of Marae, with bark as strong as any armor and magic empowered by the very land itself. There are still limits to her power though, as her plant-based magic is not nearly as mighty as her mother’s and she won’t be able to leave her tree for the first few years. Despite this, her status as a demigoddess means she might be a
little prideful, especially if she's corrupted. But surely you can deal with that?"
100 CP,Herbalist ,Dragon Age,"Many plants in this world have supernatural effects or healing properties, and so there exist many herbalists who use them to create useful items. You’ve studied under a master herbalist and as a result have gained a near-encyclopedic knowledge of the flora of this world and its effects, and thus have gained the skills required to create various potions, poultices, salves, and incense. By itself that is already an extremely useful skill to have, but for someone like you, Jumper, that wasn’t enough. And so it was that you sought out the Dalish, and had them teach you what they knew about many natural remedies humans have long since forgotten or ignored, such as knowing which type of tree bark cures headaches when chewed upon."
100 CP,Blue Mushrooms,Fable TLC,"A small bag of the extremely rare mild-altering hallucinogenic Blue Mushrooms normally found growing high on mountains. They’re highly valuable, and extremely potent. There’s no side effects, and you get a new bag of product every day. Each person reacts differently, some even peering into truths they may regret learning. Guaranteed to be a relatively good time."
100 CP,Bowtruckle,Fantastic Beasts,A small twig-like creature with long claws. When threatened it attempts to gouge the eyes of the threat. Eats woodlice or fairy eggs if it can get them and generally lives in trees of wand quality. Will be more than happy to ride around in your pocket and can also pick most locks with its long claws.
100 CP,Packet of Seeds,Generic Minecraft Jumpchain,"This pouch contains seeds, saplings, shoots and spores for every plant and mushroom that exists within Minecraft’s overworld. These plants also grow much faster than regular plants, acting as though Minecraft’s physics still operate on them for a while."
100 CP,Vivariums ,Hogwarts Legacy," A pair of enchanted rooms that can mimic a specific biome. Each room can house up to eight creatures comfortably, and comes with auto-feeders to keep them fed. These can be hooked up to the same door with a slider to allow for the selection of which vivarium to enter. You can adjust the biome of each vivarium once per week."
100 CP,Herbology Garden,Hogwarts Legacy,"A greenhouse, kept to the perfect temperature, with several planter boxes and garden spaces, allowing for multiple species of plants to be cultivated and cared for. Comes with a storage box that will automatically harvest and store plants that reach maturity, with the area being automatically reseeded afterwards."
100 CP,Herbology Pouch ,Hogwarts Legacy,"A leather pouch that can perfectly preserve various plants after harvesting. It can store a few dozen specimens at once, and, twice a day, if empty, you can cause it to be filled with half a dozen samples of dittany, mallowsweet, knotgrass, shrivelfigs, or fluxweed; three Chinese chomping cabbages; two mandrakes; or one venomous tentacula."
100 CP,Resourceful,Hogwarts Legacy,"You have a skill for living off of the land, finding both food and shelter. You are able to navigate ably, and when you are harvesting plants or ores or other natural resources, the results will end up being a bit more plentiful, allowing you to harvest a bit more than others could manage.
"
100 CP,Chinese Chomping Cabbage ,Hogwarts Professor Jumpchain,"One of the Carnivorous Plant species, has a large appetite and while it prefers to eat other plants it will take a bite out of humans without issue.
"
100 CP,Spiky Bush,Hogwarts Professor Jumpchain,"Bush with large yellow thorns, can and will shoot said spines at nearby Humans.
"
100 CP,Elf Soil Bag,Lord of the Rings - Elves and Dwarves,"Plain and unadorned, but well made, this bag contains a supply of soil, grey in color, like dust both fine and soft. Though seemingly without practical use, this soil, even a couple grains, can enrich even the most barren of dirt to allow it  to reap a rich bounty, or grow mighty trees in harsh terrain. This bag contains enough dust to enrich a mile of farmland, and will refill itself once every month."
100 CP,Mellyrn Seeds ,Lord of the Rings - Elves and Dwarves,"A box containing twelve seeds, like nuts, but with silver shells. These seeds will, if planted in suitable lands, that is... fertile lands, grow into the famous smooth-barked silver trees. Known only to Númenor that is lost, to Valinor, and to Lóthlorien, these trees will grow to massive size, given time and proper nurturing, ensuring you have something truly special within Middle-earth."
100 CP,Elven Forestry,LOTR Jumpchain,"You are trained, not in the ways of hunting and gathering, but in the mystical arts of the forest. You
know how to find and use magical plants such as Athelas, and in times of great hardship can call upon
the spirits of nature for aid"
100 CP,Nightshade Flower,MCU 1,"They say whatever doesn't kill you will make you stronger. Nowhere is that more obvious than with this beautiful but deadly flower found in Jamaica. In large amounts the flower will poison and kill anyone who tries to imbibe it. Yet should one use small amounts via spreading it upon the body's wounded areas, or
attempt to imbibe by inhaling the smoke from its burning roots, the flower will act as a healing agent to help eliminate wounds. Even better, doing this will also temporarily grant increased strength, speed, and durability to those who imbibe it to make them formidable opponents. Just be careful with how long you take it, for it could have adverse effects."
100 CP,The Lay of The Land,Merlin (BBC),"What kind of Druid would you be if you couldn't mannage yourself in nature? You gain knowledge of how to navigate and survive in the wilderness. Even on a completely different world, you'll have instinctive knowledge of where it's safe to walk and which berries you can eat without pissing blood."
100 CP,Scarecrow,Supernatural Jumpchain,"With an emphasis on scare, this is unsettling sight is not the sort of thing you want to bump into in a dark field at night. Its face appears leathery with thick stitching and has deep wide black holes in the place of eyes. With a patchy black outfit and decidedly too human hands pesky birds aren’t the only thing it will keep away. Left out in a field it ensure that no pests will harp the crops, and that blights and foul weather that could damage the yield will skip over the general area."
100 CP,Farm Land ,The Elder Scrolls Series,"For those who want a more simple life, this five acre field is perfect for a farm. It even comes with its own barn, where you can store a number of animals. What you use it for is up to you, as having a field to let your animals roam seems better to some people than an entire field of potatoes."
100 CP,Halfling’s Leaf ,The Lord of the Rings ,"Pipeweed is a rather common drug to smoke in these lands. The Shire in particular has some of the best quality pipeweed that can be found. Perhaps you want some of it for yourself as well? With this purchase, you gain an entire barrel of top-quality pipeweed to smoke yourself or with friends. You also get a small bag of seeds and a small book explaining how to grow them, in case you want even more. This will likely make you many friends, in both the Shire and beyond."
100 CP,Farm and Forage,The Witcher: Nightmare of the Wolf Jumpchain,"You know enough about the theory and practices of herding, sustenance farming, foraging in the wilderness, starting fires, and primitive cooking that you probably will not die just from traveling into this setting."
100 CP,Planters & Pots,Wizarding World,"While the magnificence and glory of well-trained spell work cannot be denied, you would be a fool to disregard the arts of Potions and Herbology both. A proper potioneer and a proper herbologist would be the equal of any wand-wielding witch or wizard. You are no potioneer or herbologist just yet but that, like many other things, is subject to change. To get you started on this path, you’ve been provided with an endless supply of planters and pots, each one unique when it comes to their design. Any plants grown within these planters are ensured to always grow healthy, never dying of disease or wilting away until you pluck them. For potions, the same principle applies. Whatever potions you brew with the pots will never suffer from any disastrous failures. Any failures here will simply be borne from your lack of skill and training."
100 CP,Jade Order,Warhammer Fantasy - Imperial Colleges of Magic,"Druid, child of Ghyran, master of the Lore of Life, you live in the Jade College, a living maze of boughs and gardens ringed by a great stone wall. To your Order falls the task of securing the harvest - purging fields of Warpstone contamination, checking the ley lines for taint at the henges, and healing soldiers in times of war. Your parents were likely Jade Magisters themselves, and your Magister Matriarch is a mother of eight."
100 CP,Amulet of Kynareth ,TES: Imperial Cult,"An amulet that represents one of the Nine Divines, and is dedicated to the God of the Winds and Nature, Kynareth. While wearing this amulet, you will find that your stamina has been improved."
100 CP,Winds and Nature,TES: Imperial Cult,"The domain of Kynareth is not the paved streets or stone houses of civilization, but the untamed wilds, amongst the beasts and plants of Nirn. As an adherent of the Goddess of Nature, it would only make sense that you are fully capable of surviving in such wilderness on your own for as long as you desire. As an added benefit, you can also go completely barefoot with no problem, them being as durable as hardened leather and resistant to damage."
100 CP,Deku Nuts ,The Legend of Zelda Series ,"A special kind of nut found primarily within the Kokiri Woods, they are about the size of a child’s fist. When thrown, they will unleash a bright flash of light, capable of blinding most who look upon them. You are immune to these flashes, and your cloth sack holds twenty of these nuts, which will replenish hourly."
100 CP,Mana Blooms,The Elder Scrolls IV - Oblivion (By YJ_Anon).pdf,"A pair of flowers said to bloom in Mankar Camoran’s Paradise of Gaiar Alata; the fact that you have them is a rare blessing in this realm. In Paradise, flowers such as these provide the only sustenance those who have died in service to the Mythic Dawn- the Immortal Ascended- ever need. The purple flower provides pods of Ambrosia, which heals wounds; and the the blue flower provides liquid Lichor, which restores magicka. These are the sole effects of both ingredients, making them incredibly valuable to alchemists- though sadly growing these plants in Tamriel seems to be impossible under normal circumstances. Although you may be able to find a way to grow more with effort both of your plants are especially large, and may be harvested multiple times before requiring a week’s time to replenish their fruit. "
100 CP,Hedge Ring,Generic Hedge Mage 3.0,"A simple wooden ring that seems to be made of still living wood. It carries a simple form of nature magic that allows the wearer to speak with plants and animals, keeps them from leaving any trace of themselves, prevents plants and underbrush from impeding their movement, and boosts the vitality of the wearer to need for food, water, and sleep significantly. Channeling magic into the ring cleans the wearer as if they had taken a thorough shower or bath, even giving the relaxing feeling of doing so."
100 CP,Hedge Clothing ,Generic Hedge Mage 3.0,"A set of simple, but sturdy, clothing that is surprisingly warm when it’s cold and breathable when it’s hot out, along with shoes that are quite durable, a hat or hood that always seems to keep the sun from being too intense, a cloak that can shed rain, and a belt with several pouches attached to store small items. This outfit is perfectly fitted, self-cleaning, and self-repairing. By channeling magic into these clothes, it will project a simple barrier that acts like padded armor and dampens harmful magics slightly."
100 CP,Harvest Bag,Generic Hedge Mage 3.0,"A leather satchel that is much larger on the inside than its outside dimensions would suggest and always just as light as if it were empty. Any raw material placed into the harvest bag has any and all supernatural qualities preserved as time seems to have less effect within the satchel as it does outside of it. Additionally, any raw material within can be used as if it were in hand of the satchel-holder, great for material-based spellcasting."
200 CP,Green Hand,ASOIAF/GOT Hedge Knights Jumpchain,"You have an incredible knowledge of flora life with an agricultural understanding that would be helpful in farming and foraging. If Winter comes you could grow crops during the harsh seasons. For you, it is easy to find edible plants, just as easy to find poisonous ones and you won’t mistake them for each other. "
200 CP,Canopy of Thorns,Corruption of Champions,"One of the main dangers of camping out in the wastelands of Mareth is simply how exposed it
leaves oneself. Traps set on the ground can only do so much against imps and other demons
flying overhead. That’s where this magically-created tree comes in, providing a canopy of
thorns that both hides the camp from aerial view and keeps away imps.
A product of combined alchemy and the tremendous arcane power of a large shard of lethicite,
the tree itself is thick-trunked and covered in thorny vines. It reaches thirty feet in the air before
thousands of thorny branches start radiating outwards and intertwining to form a thick mesh of
barbed vines that prevents any access from above. At the very edges the vines even curve
back down to provide further defensibility to whatever location it protects.
If you wish, you could have this already set up at a location of your choice at the start of each
jump, or instead save the alchemically-treated lethicite to find a good spot to hole up first.
Should you pick the latter, the tree will grow to its full size within minutes after it is planted, the
trunk almost shooting out of the earth. It needs no sustenance, drawing all it needs from its
magical nature and able to survive in the most corrupted and dry soil."
200 CP,Dalish Grove ,Dragon Age,"This Warehouse Attachment is a grove full of trees such as ironbark, sylvanwood, dragonthorn, vhenadahl, and heartwood. All of them would yield excellent materials for a dalish woodshaper. 24 hours after cutting one of these trees down, it’ll be restored to its former glory."
200 CP,Supply of Crop Seed ,Dragonheart,"This is a supply of seeds which can be planted as crops, or eaten as is, sufficient to feed a dragon for decades, or to feed a million people for   year. This supply will slowly regenerate over 5 years if used either by planting it or eating it. These seeds will remain viable to plant and eat as long as they are stored somewhat safely."
200 CP,Herbology Hero,Fantastic Beasts,"At a glance you can detect the special qualities in plants and fungi, an invaluable skill in a world of
mandrakes and venomous tentaculas. You are also able to harvest the parts of plants with such
efficiency that you seem to get significantly more ingredients in this way than even other experts in this field."
200 CP,Steading ,Hogwarts Legacy,"A large section of the magical Scottish highlands that is owned by you as a homestead. It covers several acres, and has a mix of terrains, including both forests, a river, and some mountainous terrain. The area, its contents, and anything you build on it, will accompany you when you move to new worlds, seamlessly integrating with the new world in a location of your choosing."
200 CP,Devil's Snare,Hogwarts Professor Jumpchain,"Vines capable of independent movement, will seek to ensnare and strangle living targets. Hates Light and Heat and will release anyone grabbed by it if they keep still and don't struggle.
"
200 CP,Dittany,Hogwarts Professor Jumpchain,"A powerful healing herb that causes flesh to grow over bleeding wounds speeding the healing process by several days, can also be burned creating a green smoke that can cure colds.
"
200 CP,Fire Seed Bush,Hogwarts Professor Jumpchain,"A magic Bush which Burns for as long as it lives, the seeds are useful for a number of Potions and are frequently used to help warm and Hatch Dragon Eggs.
"
200 CP,Gillyweed,Hogwarts Professor Jumpchain,"Slimy and disgusting, resembles a mass of Rat Tails but if eaten will cause the consumer to grow gills and webbing on their hands and feet for an hour, unfortunately it also removes the ability to breathe Air for the duration of the transformation.
"
200 CP,Wiggentree ,Hogwarts Professor Jumpchain,"A magical variant of the Rowan Tree, the Wiggentree repels Dark Creatures and is known to protect anyone in contact with the tree (or a cutting of such) from such for as long as they maintained contact 
"
200 CP,Black Mercy,Justice League Unlimited,"An incredibly deadly parasitic plant that will instantly paralyze anyone it
attaches to and slowly drain their lifeforce while the victim experiences their perfect fantasy world.
It is extremely difficult to remove this creature once it's attached to someone, the victim would have
to fight back with their own willpower while someone works to remove the parasite in the real world
if they wished to have any hope of survival. This creature is so powerful it can penetrate the physical
and mental defenses of individuals like Superman or Mongul without any effort."
200 CP,Huge Tracts of Land,Monty Python and the Holy Grail,"You now possess huge tracts of land. It is legally yours and recognized as such. How much land? Let’s say about 20,000 acres; roughly the Queen of England’s personal lands as of a few years ago, and enough to make you one of the 50 largest landowners in England. This land is as of yet uncultivated and wild, but is yours to do with as you please and will follow you between jumps, retaining changes. If
you’d prefer to reset it to its original state you may completely reset it at the start of any jump."
200 CP,Elven Garden,Overlord - PJ Edition,"An extremely beautiful garden that gives off a very peaceful aura, it is filled with almost every kind of alchemical ingredient you would ever need, and continues to gain new additions from each new world you visit. You will also find a fully stocked alchemy lab close to the entrance. Additionally, it's a very good place to take your Mistress on a picnic, if you're into that sort of thing."
200 CP,Snakewood Tree ,Slytherin,"A semi-sentient tree with a wavy grain pattern, it somehow resists all attempts at pruning or killing it by anyone except you. The wood of this tree makes for excellent wands, and the leaves possess interesting healing properties. Can be placed in a location of your choosing at the beginning of every Jump, or optionally can become a warehouse attachment. Furthermore at the beginning of every Jump you will also gain an additional snakewood tree sapling, ready to be planted."
200 CP,Herbalism,The Death Gate Cycle,"Human magic in the Sundered Realms focuses on the manipulation of living things and the
natural elements. Perhaps this is a weak manifestation of that magic. Whatever the source,
you have a comprehensive knowledge of all of the plants of any world you set foot in, their
uses, and their dangers. With the water producing hargast trees of Arianus, the time keeping
hour flowers of Pryan, the no fear weed of Chelestra, the air purifying lanti trees of Abarrach,
and many more, you will no doubt find many uses for this ability while you’re here."
200 CP, Apple Orchard,The Legend of Zelda - A Link to the Past,"200 cp -
When all was said and done, two versions of Link chose to leave the land of Hyrule in an attempt to
protect the Triforce from any more would be thieves. The other two stayed with Princess Zelda, and of
those two only one remained a knight. The other one went back to the life he had before hearing her
voice in his head, that of an apple farmer. You now have a small plot of land containing a small home
fit for two, and of course a decently sized orchard of apples. Said trees will grow into delicious fruits
will the bare minimum of care, and if you take great pains to give them the best you can give, they will
occasionally pop out an enchanted apple, capable of healing any injury short of death. If you took "
200 CP,A Garden of Trees ,Wizarding World,"From Devil’s Snare to the Whomping Willow and more, there are no shortage of horrific and wondrous examples of flora within the Wizarding World. So why not bring them along with you across your lengthy journey. You now have a door in your Warehouse that leads to an endless greenhouse. For now, this greenhouse is unused but with the chest right by the door, you can change that.The chest contains seeds, an endless amount of them. And you have seeds for each and every type of plantlife to be found in this world. And do not forget to look beyond the magical. Mundane they may be, wonders can be made from even the simplest of materials. To help you with your greenhouse, the seeds are fortunately placed within their own individual seed packets and if you have a specific seed you’re looking, said seed packets will front and center whenever you open up the chest."
200 CP,Bountiful Field,TES: Alessian Rebellion,"No matter who you are or what goal you seek to further, one thing is for certain; food is practically essential. After all, you can’t field an effective army if they haven’t eaten anything in days. This bountiful field, though, will see such troubles mitigated, if not eliminated entirely. You are now the proud owner of an absolutely massive field of produce, more than enough to feed an entire city on its own. Though
the default produce is rice, any plant you grow here will rapidly mature to full size practically overnight, as well as being more filling and nutritious than normal."
200 CP,Cloak of Orkos ,God of War - PJ Edition ,"A beautifully crafted cloak that was worn by Orkos while he was tortured and imprisoned for going against his mother with the Oracle Aletheia. Those who wear it will find their wounds healing and stamina replenishing much faster than before. Even a mortal wearing this would be able to have deadly wounds close before their very eyes, to say nothing of what happens if a god were to wear it."
200 CP,Korok Leaf,The Legend of Zelda Series ,"An enchanted leaf taken from the Great Deku Tree the size of a child’s torso, it has been imbued with the power of the winds. When swung, this leaf will create a gust of wind powerful enough to knock a even goron over. You could also use it as a makeshift paraglider, slowing your falls and gliding in the air for a time."
200 CP,Lost Woods Resident,The Legend of Zelda Series ,"Only the koroks and fairies are capable of properly navigating the winding woods they call home, all others getting lost before turning into stalfos. Much like them, you are immune to such magical disorientations, able to navigate just as you would in any normal location. This not only affects the woods found here, but all methods of keeping invaders away through such trickery in future worlds."
200 CP,White Tree ,The Lord of the Rings - Twilight of the North,"The White Tree of Gondor has an ancient lineage, going as far back as Telperion, Eldest of Trees, and Galathilion, the White
Tree of the Eldar, which was made by the Vala Yavanna in the Elder Days, and planted before the Mindon in Tirion in the Uttermost West. A seedling of this tree became the Celeborn of Eressëa, whose seed in turn became Nimloth the Fair of Númenor. Nimloth was cut down and burned by Ar-Pharazôn the Golden, King of Númenor, at the urging of the Dark Lord Sauron. Before it was cut down, however, Isildur managed to steal a fruit, and so the line was preserved in Gondor. That fruit was planted in Minas Ithil, and grew into the first White Tree in Middle-earth; it was burned by Sauron when that fair city fell, but Isildur had taken a sapling with him north to Arnor. This sapling was later planted by Isildur in the Citadel of Minas Anor in memory of Anárion, his brother, who had fallen at the siege of Barad-dûr. It died during the Great Plague in T.A. 1636, but a new one was planted shortly after by Tarondor, twenty-seventh King of Gondor, in the Court of the Fountain. This tree is kin to that tree planted by Tarondor, a cousin of sorts. As well, this comes with its own plaza in front of a great Hall fit for kings and there is a white-paved place where a sweet fountain is playing. About it is a sward of bright green, but in the midst above the pool the White Tree stands proudly, proclaiming the health of you and yours. Once you have chosen where to place this wonder, it shall reflect the state of the realm you are a part of, and so long as the tree itself remains healthy so too shall your line."
200 CP,Foreign Forest ,Warhammer Fantasy: Wood Elves,"The Wind of Life blows strong indeed! In a place at least somewhat adjacent to Athel Loren proper but distinct from the main forest, a few dozen square miles of enchanted woodland has apparently sprung up overnight. Steeped in magic, it shares it’s mother forest’s primitive spiritual awareness and dilation of time; a visitor could be in there a few hours and come out to find only minutes have passed, dwell there for a few minutes and come out to see a century gone by, and only a native of Athel Loren would have the navigation skills and/or mystic talent to avoid or control such anomalies. Though it seems this forest lacks any spirit strong enough to become a Treeman or Dryad, there are many magical trees identical to those from which the Asrai make their enchanted arrows, spears and staves from. And there certainly are changelings and incarnations of emotion living here, as well as beasts such as the giant hawks or intelligent stags well known to the Asrai. There is even a great Worldroot located here that can be used for swift and unseen travel by those with the knack. The spirits and beasts within instinctively acknowledge you as their ruler, being either the presiding Treeman or an individual that has somehow come into a similar level of authority. In future worlds, this territory may be available either as a forest springing up somewhere in the world-or through an enchanted door in your Warehouse. Which just so happens  to be made of living wood, somehow opening up out of the trunk of the largest oak in the forest."
200 CP,The Pouch of Ages ,Warhammer Fantasy: Wood Elves,"This pouch holds many Acorns of the Ages, nuts grown from the Oak of Ages only when the Wind of Ghyran reaches its height. Gathered and planted by Ariel’s handmaidens in regions of the forest ravaged by war or wildfire, they grow from seed to towering oak in a matter of seconds. A skilled wielder of the magic of life may find more uses for these objects, considering the sheer concentration of life magic in them provides another reason for their harvesting. Ordinary animals that consume them can rapidly become extremely powerful, a disaster to mortals comparable to a raging elder dragon."
200 CP,Home Sweet Home ,Generic Hedge Mage 3.0,"Hedge mages often live a good distance from town, suspicion keeping them from integrating fully, and sometimes, they must leave in a hurry. So, you have a small cabin or shack that, outwardly, looks fairly humble and simple, but is significantly larger on the inside, able to hold up to ten humans and a small array of animals comfortably, complete with a pantry stocked with simple foods, a kitchen, several bedrooms, a bathroom with proper plumbing, a large living space for gatherings, and a workshop. Inside and immediately around the cabin, your magic is enhanced by a small degree, easier to control and more potent. The cabin may, at any time, be rendered down into a portable form, allowing you to transport it easily. Any living creature within the cabin when it enters its portable form are ejected."
200 CP,Fey Garden,Generic Hedge Mage 3.0,"A large garden plot or small farm composed of magically charged soil. Plants in this plot grow much faster, require only a fourth the care and resources they’d normally need, are unaffected by weeds and disease, and any produce to come from these plants lasts significantly longer before they spoil. Any properties that you would find useful in these plants are enhanced by a fair margin, especially magical ones, and mundane plants may gain magical properties with selective breeding. Additionally, it is possible to plant objects other than plants within this field and  roduce plants from them. Plant a dagger in the fields and a plant will grow from it with properties appropriate to the dagger, potentially producing sharpened spines that can be used as knives. The more potent the planted material, the more demanding the resulting plant will be on your time and resources."
200 CP,Sheele,Generic Hedge Mage 3.0,"A sheele is a living spell, a bit of magic turned into a semi-physical form that can be bound as a familiar. While often resembling an animal, these creatures are intelligent and capable of magic in their own right, though limited by the spell they were created from. You’ve obtained one of these living spells as a personal companion."
200 CP,Ritual Grounds ,Generic Hedge Mage 3.0,"This small plot of land stands directly over a nexus of ley lines that comes exceptionally close to the surface, granting the land itself a considerable amount of magical energy. Because of this, rituals performed within these grounds have a much higher chance of success, need fewer resources, and are far more forgiving on any mistakes made, compensating for a lack of skill through raw magic and receptiveness to intent."
200 CP,Sympathy,Generic Hedge Mage 3.0,"Sympathy is the connection one thing has to another and the inherent desire for them to return to each other. You can use this sympathy as a means to target someone with a spell through the connections held, such as using a strand of someone’s hair to curse them across a great distance or to use a piece of wood to call on the spirit of the tree that wood came from."
200 CP,Tapping the Source ,Generic Hedge Mage 3.0,"There is magic in a great many things, and some hedge mages learn to tap into these resources in locations of power, artifacts, ley lines, or even sealed creatures. You can form a connection to a source of magic and can draw on that source of magical power, or tie it into a spell or enchantment to fuel it long term. Living beings are able to resist this connection or sever it at any time unless sealed in a way that prevents such from happening. Do try to be moderate in your use of this technique, as drawing on too much magical power may damage what you are drawing on."
200 CP,Entreat the Spirits,Generic Hedge Mage 3.0,"You have the ability to call up the spirits of the land to aid you in times of need. By binding a spirit to yourself or cultivating a positive relation with the spirit you call upon, you can command or request aid from them, either having them perform a task in some manner, granting them the ability to interact with the physical world to a degree, or channeling them to gain access to some of their knowledge and/or abilities. Channeling multiple spirits at once, especially of they do not like you, can be straining and have a variety of negative consequences, so do be careful with the spirits you channel."
300 CP,Wells of the Moon,Clash of the Titans,"This is a large expanse of wilderness, perhaps a swamp, or a series of lakes and the woods and fields between them, or a stretch of coastline. Whatever it is, it’s a fairly expansive region of several hundred square miles. If you bought any Pets in this jump it will have breeding populations of them. Mechanical owls will somehow self replicate, and be as intelligent, but will not have the ability to sense the location of things. Winged horses, and krakens, will possess the default strength, resilience, and speed, but will not scale to you."
300 CP,Season’s Greetings ,Generic Supernatural Fanfiction Jumpchain,"You have a special connection to a season of your choosing. You are unhampered by its conditions and very talented with its activities. You can conjure and control appropriate elements, and are highly resistant to the same. With greater effort, you can inflict or steal your season and all that comes with it upon or from whole regions. With greater practice, you can use other powers like enchantment and constructs, but this is hard if you cannot justify them within your season. These magics grow in power and breadth with your experience, with your other supernatural powers, and with the alignment of circumstances, but they’re always a force to be reckoned with - especially because they can enhance other powers or tools."
300 CP,A Whomping Guardian,Harry Potter Movie Series,"A potted Whomping Willow that can grow to its full size at will. This tree has a powerful magic-enhanced strike and a good throwing arm. It is loyal to you and will protect anything you tell it too but would never intentionally harm you.
"
300 CP,Venomous Tentacula ,Hogwarts Professor Jumpchain,"A large carnivorous plant with prehensile extending vines, large fangs, a maw large enough to swallow Humans whole, and venom in every last inch (gives it a particularly nasty Bite).
"
300 CP,Sapient Pearwood,The Discworld,"You have a large object, up to wardrobe size, made out of well-crafted Sapient Pearwood. This wood is extremely strong and tough, dense enough to be unmarked by sword blows and untouched by centuries at the bottom of the sea. The high magical radiation in which these trees are grown also make them totally immune to any and all magic known on the Disc, and makes the tree sapient and capable of locomotion (and even more oddly, reproduction) even after being harvested. It will follow you anywhere, and serve you as well as it can, counting as a Companion in the future. Oddly, despite its immunity to magic, Sapient Pearwood serves as an excellent magic channel; many a wizard would kill for a chance to get their hands on a large wooden staff, especially if it has a large knob on the end."
400 CP,Lustratorium,Elder Scrolls: Oblivion,"A substantial indoor and outdoor botanical garden offers a vast assortment of ingredients that would otherwise be hard to come by. You can plant anything here to grow it safely. Furthermore the area contains a full lab of alchemical equipment for producing potions from the supplies here. The entire space carries a unique enchantment of Alchemical Brilliance on those inside which offers substantial bonuses to the quality of elixirs that can be made here. You personally receive a set of tools suitable for a master of the craft: mortar & pestle, alembic, calcinator, and retort. This includes botanical ingredients from across Tamriel and even rarer specimens from Oblivion, allowing you supplies from the Deadlands and Shivering Isles without needing to brave those regions."
400 CP,Golden Apple Tree ,Marvel Magic,"​It is a curious that so many of the myths and legends of the world contain within them tales of divine trees that bloom with magical fruits. Perhaps they are an echo of some primordial tree such as Yggdrasil or even of the Elder Goddess Gaia. Whatever the case, you have gained possession of one such tree which grows within a small forest connected to your warehouse. Upon this eternal tree blooms beautiful golden apples. These apples are among the most delicious food in existence and a single apple will fill the belly of any who eats it for a week to come. But the true wonder of the these apples is that they serve as a panacea, curing nearly all ills when eaten, Even old age can be warded against -- so long as a being eats an apple once a century, their aging will slow to a crawl that even the gods would fail to notice the wear of years upon them."
400 CP,Elder Tree,The Elder Scrolls Series,"Quite possibly the oldest living thing in all of Tamriel, the Eldergleam is a tree beyond any other. Beyond its surprising durability, the tree is one that gives life. Its sap alone is precious, capable of restoring barren wastelands as well as improving the vitality of any living thing nearby. Plants, animals and even people become healthier, hardier, simply better than what they were before. Even if they leave the presence of the tree, such a boon nevertheless stays with them evermore. And finally, should your home ever come under attack, the Eldergleam shall protect it, calling forth Spriggans and other guardians of Kyne to guard your home and strike back at your foes."
400 CP,Ecomancer,The Pirates of Dark Water,"Ecomancy draws on the power of nature itself, manipulating the elements, plants and animals directly. With this power, you can cause things to grow and blossom extremely rapidly, animate plants to entangle your foes, calm or control wild beasts, heal wounds or sickness with a touch, or even exert control over the weather and tides. Generally, you either need to be very close to what you wish to manipulate, or there must be some synaptic connection to the object through which your power can travel (like the branches of trees, or roots of plants). All ecomantic powers require a great deal of concentration and focus, and the stress of excessive efforts can leave you weak and vulnerable."
400 CP,Violent life,Diablo 1&2,"Following the philosophy of the Caoi Dúlra, you have gained power through communion with the world itself. Stone, fire, and storms dance at your call, eager to destroy corrupt forces. Beasts and plants call you kin, and you understand them as easily as you understand other men, communicating with them and borrowing aspects of their strength. As your powers grow, this allows you to call ferocious animals and magical plants to aid you even where there are none, or even to fully immerse yourself in the beast, altering your form and gaining massive increases to your strength and resilience."
400 CP,Kokiri Woods,The Legend of Zelda Series ,"The emerald green trees, rivers of clear blue, black dirt filled with nutrients, and the sounds of childish laughter drifting in the wind. Attached to your Warehouse is an absolutely massive forest, filled with all kinds of life that can be found in these lands, both flora and fauna, deku scrubs and fairies. And to protect it, the outer reaches of the forest have been enchanted to confuse and distract anyone you don’t want within, making them incomprehensibly lost before finding their way directly outside of your forest."
400 CP,Wind Waker,The Legend of Zelda Series ,"A magical conductor's baton, one made of the purest silver. The user of the Wind Waker is capable of altering the winds and weather, as well as being able to call upon and borrow the power of the gods. Simply move it in the correct positions and in the right order, and the very winds themselves will obey your every command."
400 CP,Storm Rider ,The Legend of Zelda Series ,"It is not enough to ride the winds, to know that the very air itself supports you in the air? Well, if you so desire, then there is another option. You are fully capable of manipulating the winds and air around you, at about a mile radius around you. Bursts of air that propel others into the skies, extending your weapon's reach, taking away your target's access to air, and so many more things besides, should you be creative enough for it."
400 CP,Elven Gardens ,The Lord of the Rings - Twilight of the North,"When Telperion and Laurelin grew upon the mound of Ezellohar in Valinor, their burgeoning lights flowed throughout the city; but twice a day, as the light of one Tree waxed and the other waned, there came a time when their lights were softly mingled. These gardens are but an imitation of that ancient display, but a more otherworldly sight in Middle-earth one is not likely to find. Carefully designed with varying shades of silver and gold, these gardens boast an astonishing variety of colors and plant life, many of which were tenderly borne here from far-flung Elven lands. Even the sickest of hearts is likely to be cheered and enriched after spending an afternoon sampling the visual wonders here. As long as such visions of Valinor remain on this side of the Sea, the Elves may find places of refreshment and peace. Indeed, you shall find that elves from all kindreds will come to visit these gardens, and some may choose to stay to tend them or live near to them. Forming their own small settlements that will come with you to future jumps, and in those future jumps native elves will find themselves drawn to visit your gardens and settle your lands should you desire it."
400 CP,Passion Given Life,Warhammer Fantasy: Wood Elves,"Many Treemen are accompanied by lesser spirits that nestle among their great forms, but not all make use of them. You, however, do
and have. At will you can release some of these spirits to inhabit nearby trees, raising a small entourage of beings akin to lesser Treefolk similar to yourself to do battle against your foes-or accomplish other tasks. Moreover, an emotion you feel strongly enough can give rise to new spirits from your own substance which while generally too lesser to possess trees often have lesser magical talents to express what they embody. While some darker passions may induce what you may not always wish to feel in accord with their natures, all are ultimately devoted to your survival."
500 CP,Paopu Fruit Seeds ,Kingdom Hearts Jumpchain,"The seeds in this bag will grow into trees that produces a  bright yellow star shaped fruit. It's really juicy, delicious sweet treat to share with those close to you. In fact, it's said that if two people share one their destinies become intertwined. But that's just a rumour ...right? As a bonus, when grown near a ledge or overhang the trees will form a nice level resting place mid part way up it that is surprisingly comfortable. Trees grown in other spots will grow mostly vertically, they may have a bit of a jaunty lean to them. Note: Yes, it is just a rumour, but they are tasty and in this world (and this jump only) you may notice coincidences piling up should you share one with someone."
600 CP,Apple of Life,Chronicles of Narnia,"Consuming this apple grants physical immortality – the subject's aging permanently ceases, they
become immune to all disease, and they gain an incredible regenerative capability. Such apples almost
always bear a terrible curse, but you've been granted a rare curse-free fruit. The price is for a single apple. Trees grown from its seeds will still produce apples with impressive healing qualities (and possible use as magical reagents), and second-generation apples will be incredibly nutritious."
600 CP,Trees of Silver and Gold,Chronicles of Narnia,"When the world was young and all things were new and bursting with life, a metal bar ripped from a London lamp-post was planted in the soil. It promptly grew into a lamp-post in its own right. A few British coins, shillings and crowns, fell from someone's pockets, and they grew into much more lucrative trees. Sadly, Narnia's soil only retained this property for a couple of hours, frustrating the attempts of greedy explorers to exploit it. Screw that. You're a Jumper, exploiting things is kinda what you do. You are given saplings of a Tree of Iron, a Tree of Silver, and a Tree of Gold. The bark, leaves, seeds, roots, and flesh of these trees are all infused with an easily-smeltable form of their associated mineral.  Each year, as the tree matures, the amount you can safely harvest from it increases. In addition, you are given a small quantity of soil, carefully preserved from the birth of the world, sufficient to grow three more trees. If you have a sample of some other material, you can plant it in this soil and grow a tree infused with that material. The difficulty of doing so is proportionate to how rare and mystically powerful the substance is: a Tree of Platinum or a Tree of Iridium will only be slightly more difficult to take care of than a Tree of Gold and would mature almost as quickly, while a Tree of Vibranium or a Tree of Philosopher's Stone would require prodigious botanical skill and even then might take hundreds of years to provide an appreciable return on your investment."
600 CP,Druidic Magic,Dragonheart,"You possess the sorcerous powers shown in this world. They aren’t detailed much, but they are shown to be able to undo knots, swap positions with another you can see, make prophecies and predictions based on observations of the heavens, and curse dragons so that they are turned into insubstantial wraiths by bright lights and bound as slaves to your will by the time of the full moon (this may work on non-dragons too). Spells in this world have a cost, the greater the magic the greater the cost, though an experienced sorcerer seems to be able to handle these costs more easily, and in an interesting case the younger you are the greater the cost becomes. A young apprentice successfully casting a spell to undo the bonds of a group of prisoners might find himself laid out on the ground nauseated and exhausted, but an experienced sorcerer might perform the same spell without difficulty; and we do not know what price Brude paid to curse Drago only that even he could not avoid a cost for such magic. Since magic is so vague and unclear in this world, we’ll assume you also possess the capabilities to curse a dragon into human form by extracting its heart like the eastern dragons did to Griffin and similar feats."
600 CP,A Green Hand,Generic ASOIAF Fanfiction,"Ah, there has been no one like you before in this world. You are Garth Greenhand reborn, in all his power and majesty. Tall, broad-shouldered and majestic, you are the very image of a king. But it’s upon looking deeper that your truth is unveiled. Life ​pours from you, unabated and unchecked. Yours is a power ancient and eternal, such that farms and fields blossom in your wake, old people find strength returned to their limbs and disease and death fade like dew in the sun. You are like the Old God who inspired so many stories. From healing any and all injury to bringing the recently dead back to life, you can do it all. No disease can resist your touch, and miracles occur every day around you. You can see into the minds and souls of those you touch, and even judge them as is your right as a living god. You can pour vitality into people to turn back their age, or use those same flames to burn them to ash."
600 CP,Equestria’s Blessing,My Little Pony,"The world has shown its natural beauty to your beholden eyes, captivating your senses with its breathtaking landscapes and intricate ecosystems. A revelation igniting a profound desire within you - to figure out how to create natural wonders. Gems that sparkle equal to the brightest of stars, metals that last for generations to come, plants that taste like lightning in a bottle mixed with the sight of rainbows. You are a one-of-a-kind genius in the realm of Nature Magic and World. Studying magic within those bounds flawlessly slots within your mind and connects with previous knowledge like puzzle pieces in a greater picture. With enough study and experience, you will be able to start the first steps into creating spells and arcane fields within Nature Magic, shape the terrain to your exacting eye, and even create a Unified Theory of the Nature and World
"
600 CP,Seedlings of Trees,Silmarillion Jumpchain,"Telperion and Laurelin were the greatest trees to exist. The only source of light in the world after the destruction of the lamps and before the creation of the Sun and Moon. With leaves of gold upon the one and leaves of silver upon the other, they shoneshined with a beautiful light that the Sun and Moon are but pale imitations of. Ungoliant destroyed these trees, draining their light and increasing her might. Somehow, two seedlings of the trees have survived and ended up in your hands. These seedlings, when planted will sprout and over the course of a few years grow into new trees with the same light. These are hallowed and sacred things. Bring light back to this enshadowed realm, or perhaps hoard it for yourself and see what you can gain from exploiting such great lights. The trees can either be placed in a garden-like attachment to your warehouse or planted in a spot of your choosing from jump to jump.
"
600 CP,Hist Tree,TES: Main Races,"The Hist Trees are by far the most important parts of argonian culture and theology, and it would be a terrible shame if you were unable to take one with you. This Hist Tree is completely subservient to you, and is able to produce an unlimited amount of its sap which can be used to temporarily enhance your strength, or alter yourself biologically. It will also create its own tribe of Argonians, should you allow it the freedom to do so, who will serve you as fervently as the Hist Tree itself."
600 CP,Storm Voice,TES: Imperial Cult,"Long before the Age of Man, Kyne taught men to Shout, to speak the tongue of the Dovah, to match them with the power of their Voice. You are a practitioner of this ancient and most revered magical discipline, able to force the world around you to bend to the power of your Thu'um. Be it waves of force, blasts of fire, detecting life forces, ripping out another’s soul, summoning destructive storms, or something else entirely, it would be foolish for your enemies to even say a single Word of Power, lest you Shout them apart."
600 CP,Light of Life,TES: Alessian Rebellion,"One of the most prized, and most useful, artifacts ever created by the Ayleids, Lattanya would eventually be moved to the Doomcrag and subsequently tainted. You, however, possess the pure version, one that utilized the light of Aetherius to bring about life. It can easily bring life to even the most barren of wastelands, creating lush paradises. It can also be used to cure almost all diseases and heal practically any wound, bringing them from nearly dead to full health within the day."
600 CP,Garden of Hope,Warhammer Fantasy: Wood Elves,"The Treefolk either cannot replenish their numbers, or cannot do so at rates meaningful enough to arrest the depletion of their ancients. With each Elder that falls, the other Elders of their kind absorb his strength and perhaps lesser spirits return to the forest entirely. And yet, with your investment here a miracle is realised. This enchanted field of foliage is no larger than an Imperial nobleman’s garden, but legend has it that it was torn from Isha’s very own garden long ago-for within, a spell of divine power can turn the seeds of trees into Treemen. The natural magics grounded here are powerful in a way that rivals the Isle of Rebirth in distant Ulthuan and could conceivably be harnessed by a skilled mage, but the process of rebirth takes time; left alone, it would normally take almost a decade for young Treemen to grow and arise-assuming the tree matures like those of this world anyway, considering a healthy tree is required for the nascent spirit to inhabit it. But aha, this pot of land isn’t alone is it? For one skilled in the Lore of Life as even a regular Treeman or a powerful Spellsinger, the natural energies here can be carefully invigorated to shorten the growth of Treemen to weeks. And at a stretch with other truly powerful fonts of life magic such as the Acorns of Ages-or much more adroitly, with power commensurate to the Mage Queen herself-dozens of Treemen can be awoken from here in moments. It cannot be stressed enough that such a natural bounty is an unimaginable source of hope for Athel Loren, and the story behind its creation the stuff of legends."
600 CP,Circle of Life and Magic ,Warhammer Fantasy: Wood Elves,"Long before the first elven mages, the Treefolk grasped the Lore of Life in ways known to no mortal. In you, those powers are particularly well-concentrated; if you were an ordinary Treeman many would deem you to be on the cusp of being deemed an Ancient, and if you were an Ancient already you would be deemed a great power even among your peers. Your intuitive and intimate knowledge of life’s energies permits you such control over the forest that beyond it’s roots and shoots, you understand how the land and even space and time can be distorted through the ancient powers embodied in plant life. All your prowess and ability to cultivate flora is enhanced as if by a god. With no magical training you could sow a bountiful harvest in a little over than a week, with magic befitting a spellsinger of these lands you could spread a couple acres of trees in a manner akin but much lesser to what Ariel herself can accomplish with a little aid. A being as powerful as one of the Treefolk could accomplish an enviable miracle at great cost: The power to grow new outposts of Athel Loren’s magical forests overnight the size of a small village, expanding their borders or perhaps creating a new enchanted, supernaturally vital woodland in distant lands. It will likely take great lengths of time and sacrifices of life force for new Treeman to emerge-if it is at all possible-from those outposts, but the promise of new life at all is a wonder to the forests in these troubled times."
800 CP,The Tree of Harmony,My Little Pony,"Much like how trees resiliently weather storms, bask in the warmth of sunny days, and flourish under the love and care of those who nurture them, this crystalline seed holds the potential to sprout and evolve into a magnificent Tree of Harmony. A direct conduit to all the Harmony within the land, intricately woven with the harmony shared among the denizens of the land, your friends, and even your own inner harmony. Its magical and protective capabilities grow in tandem with the harmony it draws upon, shielding the land from both natural disasters and the encroachment of Shadow or bestowing gifts to those it sees as worthy of them. As it steadily matures, it becomes a vessel for the six Elements of Harmony and gains a soul that resembles whoever has imparted the most Friendship, that is Magic. The six Elements of Harmony are extremely powerful catalysts of each of the Virtues. Where it can take a group of six great friends and allow them to wield their virtues to cause great miracles of magic. Restoring a land tainted by a great tragedy, reform someone lost to the grasp of the Shadow, and even banish evil to the very moon.
"