100 CP,Dragonstone ,Skyrim ,"An ancient stone tablet held within Bleak Falls Barrow, this is a detailed map for dragon burial sites. Though you may think it to be useless in future worlds, the engravings will change, leading you to at least one draconic burial site no matter what kind of world you are in. Whatever uses do you have for the remains of a dragon?",
100 CP,Tome of Town Portal,Diablo,"You’ve managed to ‘borrow’ a book from Deckard Cain that teaches you how to open a portal to any town you’ve been to in your current jump. You can only have one portal open at a time, but it only takes a few seconds to cast this spell so changing destinations is an easy task.",
100 CP,Gale-Force Glasses,Fairy Tail,A simple looking pair of glasses which allows the user to read books at an extremely rapid pace.,
100 CP,College Education,Jackie Chan Adventures - SB Version 1.0,"At least up to the point of a master’s degree. You’re an expert in every aspect of your major, both academic and practical. An archeologist could both teach the subject and find work exploring ruins and studying artifacts. This perk can be purchased more than once, to upgrade the masters to a doctorate or to gain such expertise in other subjects, but only the first purchase is discounted.",
100 CP,One More Thing ,Jackie Chan Adventures - SB Version 1.0,"It’s important to be knowledgeable, but the true sign of being learned is being able to teach. You can lecture people on any subject you are knowledgeable in, and they’ll listen and, for the most part, take it in no matter how long and rambling it gets. In addition, when you take an active role in someone’s development, such as taking them as an apprentice, you’re very good at drawing out their talents. If you were training someone who had a natural talent for your area of expertise then they could equal or even slightly surpass you in just a few years.",
100 CP,Documents and Diplomas,Jackie Chan Adventures - SB Version 1.0,"A folder with infinite space inside. Reaching into it will always produce valid credentials to prove that you have the education and qualifications you have, whether you actually earned it the hard way or not. Your degrees will always be accepted as valid, even if the school you graduated from doesn’t exist in the reality you’re currently living in.",
100 CP,Head Boy,Ursines' Buffy the Vampire Slayer Jump,"You are well-educated on the supernatural side of the world. You can identify monsters, including their strengths and weaknesses, know the history behind various stories and legends, and know who the major players are. The source of this knowledge is up to you, you could have trained at the Watcher’s Academy or be from a family of mages or just have stumbled onto the truth and been really thorough with your research.",
100 CP,Source Books,BTVS,The contents of these books can become any text you have in your library. This means you don't need to dig through any libraries to find the book you want. ,
100 CP,Late Nights And Dusty Tomes,Dragon Age Inquisition,"Magical research is your forte. Given enough time and the proper resources there is little to nothing you can uncover, discover, or learn.",
100 CP,"In The Beginning, The Creator",Dragon Age Inquisition,"Religious orders are frequently the keepers of knowledge and history. You now know the myths, legends, and stories of the dominant religion of the world you’re in. This will give you an amazing base of knowledge, but keep it mind it will have a bias.",
100 CP,Tempered by Wisdom,Warhammer Fantasy: High Elf,"Poor is the mage that lets their heart rule their head. While you may certainly still have strong emotions, this Perk will better aid you in managing them so you don’t end up doing something disastrously stupid. The Asur have a tragically poor track record on that front already.",
100 CP,I Do Not Generally Permit People To Talk When I Am Talking ,Hogwarts Professor Jumpchain,"A simple effect but extremely useful, whenever you are speaking everyone else will shut up and listen for a change instead of trying to talk over or interrupt you.
",
100 CP,Have A Biscuit Potter ,Hogwarts Professor Jumpchain,"Can completely derail someone's train of thought and calm them down by offering them a cookie. Doesn't keep them calm afterwards but still useful for getting them to think.
",
100 CP,Map & Journal,Elder Scrolls: Oblivion,"You have a personal journal with detailed entries keeping track of all your current objectives. It is magically organized based on the names of the quests recorded within, without ever becoming unmanageable. All entries related to a particular adventure will be kept neatly in the book in reverse chronological order to easily determine what step you last completed and need to perform next. Naturally, you can change details such as titles given to quests or add notes of your own for a particular quest. Included is an immaculate map of the nearby regions. The more you explore, the more it will be noted with additional locations and details that do not clutter. Others can easily identify locations of interest for you if you ask around. ",
100 CP,The Eagle Scholar ,Harry Potter - Era of the Marauders v2.0,"Understanding where to begin your studies on a topic will always be instinctual for you, and learning materials will always make themselves known to you, if it's possible for a thing to be learnt.
",
100 CP,Historian,The Mummy Trilogy ,"In whatever line of work you’ve gone into, the ancient past is important in some way- thankfully, you have a great deal of knowledge about history, as well as knowledge of how to read and even speak in several ancient languages, as well as their modern equivalents.",
100 CP,Apprentices in Perpetuity,Warhammer Fantasy: The Imperial Colleges of Magic,"Not every Apprentice the colleges take in has the aptitude to become a full Wizard. Some, however, learn too much to be turned away entirely. So they remain Apprentices for the rest of their lives, never mastering more than the least spells of their Order but always loyal and always essential to the day-to-day functioning of the Colleges. With this purchase, you acquire a general  staff of thirty such Perpetual Apprentices as Followers. These servants will handle
such menial tasks as cleaning your arcane facilities, organizing your tomes, and restocking your larder while you spend multiple days researching without rest.",
100 CP,The Articles of Imperial Magic: Pocket Edition,Warhammer Fantasy: The Imperial Colleges of Magic,"It would appear that one of your colleagues has reproduced the entire contents of the Articles of Imperial Magic in a small, portable volume, with footnotes explaining the more arcane fine print (pun intended). Not only is this tome easy to carry, but an enchantment placed by said
colleague will update the book to contain the full text of any code of laws applying to
wizards and other law-bound magicians in your future destinations. Note that these
laws do not concern the workings of magic, but rather concern the extent of its legal
uses and restrictions.",
200 CP, Phylactery,Dragon Age,When you touch the phylactery you experience the memories of an elven arcane warrior who has remained trapped inside of the phylactery for centuries. It offers to teach you the secrets of the Arcane Warriors in exchange for setting its spirit free.,
200 CP,Resurrection Book,Diablo,This ancient leather bound tome teaches a spell to resurrect anyone no matter how long they've been dead unlike the more common spell which only brings back the recently dead. This book is consumed once used.,
200 CP,Lost Diadem of Ravenclaw,Harry Potter,"Lost Diadem of Ravenclaw was the only known relic once belonging to Rowena Ravenclaw, the founder of Ravenclaw House at Hogwarts School of Witchcraft and Wizardry. Etched upon its surface was Ravenclaw's famous quote: ""Wit beyond measure is man's greatest treasure."" It was said to enhance the wisdom of its wearer, which is Ravenclaw House's most treasured attribute.",
200 CP,Books & Curios ,Good Omens Jump,"A huge stack of newspapers and magazines, talking all about how celebrities are secret aliens and the like. Expect there to be references to real secret societies, cults, conspiracies and supernatural events buried in among the dross.",
200 CP,	Outstanding Student,Harry Potter - Era of the Marauders v2.0,"This perk may be purchased multiple times for multiple subjects. You are a natural student, picking up concepts with ease, so much so that it is not difficult for you to get high marks in most subjects that you pay a rudimentary amount of attention to. However, where this really pays off is when you truly focus on a single subject. Doing so would eventually lead to a world-renowned mastery of the subject, but it doesn't stop there. Your gift for learning never really stops, allowing you to discover, invent, and revolutionise the subject you have chosen. 
",
200 CP,Teaching Skills,Harry Potter - Era of the Marauders v2.0,"Teaching comes naturally to you, almost as if you were born to do the job. No matter the subject you're teaching, so long as you have mastered it yourself, you're able to pass along your skills in far less time than it'd take others to learn. A day's teaching is as if they've been studying all week, a month’s worth of teaching gets them the benefit of a semester's focused study, teaching someone for most of a decade is like you've taught them for a century.
",
200 CP,Magical Tradition ,Young Justice,"There are many magical traditions that grant amazing powers. You gain a journeyman’s level of education in a tradition of your choice. This can be Latin Magic Used by Wotan, Druid Magic practiced by Khalid, Urban Magic Thirteen utilizes, or even the backward magic Zatanna family use. This will give you the skill and knowledge comparable to Zatanna of Season 1, but not her raw magical power or potential. Can be bought multiple times. This may be purchased multiple times to gain multiple traditions, even traditions not listed here.",
200 CP,Magical Books,Elder Scrolls Skyrim SB,"The art of spellcraft is one that requires an immense amount of dedication and in many ways talent as well. Learning new spells can take ages and this can easily drive many off or act as a massive constraint when time is of the essence. You've found a bit of a way around this conundrum, by imbuing a simple book with your understanding of the spellcraft you can create a magical item that when activated immediately passes this onto whoever activated it, though the book is consumed in the process. While this only applies to Elder Scrolls magic at first, you'll find that adapting it to other systems is an easy process and only requires that the process be fine tuned.
",
200 CP,Multilingual,Supernatural,"Like all stereotypical magic systems this one too runs on old dead languages. I mean come on why can’t it just be English, French, German etc why Latin or Enochian or something else that is ancient. But, to do magic you are going to have to have this. What this does is make you fluent in all forms of human language (Enochian is not a human language that was just an example of a language that can be used) that exists or has existed in this world. Post-jump, this changes to include any other languages and if you need other languages to do magic in future jumps this will also give that.",
300 CP, Maester of the Citadel,Game of Thrones,"Whether you are a Maester, or simply have the accreditation, you have studied enough to have forged a full chain, and are the equal of any Maester of the Citadel in academic knowledge. This knowledge stretches from healing to scholarly knowledge, science and the training of ravenry, who carry messages in the Seven Kingdoms.",
300 CP,True Librarian,The Discworld,"Somehow, you’ve picked up the heart and mind of a true librarian. You have a natural, instinctive skill with library science. Normally, this just makes sure you never lose track of the Dewey Decimal  System and are guaranteed to quickly find whatever book you’re looking for, even if you’re searching through one of the great Lost Libraries. However, in areas of high thaumic radiation and extremely antiquated libraries, it gives you some rather strange abilities. After all, knowledge is power, and power is energy, and energy is mass (wizards have proven it!) and everyone knows that mass distorts reality. Your abilities include the ability to use L-Space to quickly travel between libraries (including quick jaunts to or from a slightly earlier version of the library you started in).  Make sure you don’t get lost, though, there are some VERY nasty things in the endless stacks of L space, including, well, you… for there’s no way to tell what time or which library you turn up in until you actually arrive.  
",
400 CP,Black Books ,The Elder Scrolls,"Created by Hermeous Mora, Daedric Prince of Knowledge, these seven books are tomes of esoteric knowledge with a special property to them. By reading them, you will be taken to an island within the realm of Apocrypha, and subjected to a test. What this test is differs from book to book, ranging from complex puzzles to a gauntlet of combat. If you die in the books, you will be returned to the real world unharmed, but should you succeed you will be granted powerful abilities.",
400 CP,Family Book of Magic,Smallville ,"As the title states, this is a book of magic from an ancient family of Homo Magi detailing millenia worth of magical information, potion recipes and spells able to get the most novice of beginners into true blue grandmasters of the art.",
400 CP,Numenorian Schematics,Shadow of War,"This fallen empire possessed wisdom far superior to most of Middle-Earth today. The soldiers of this ancient empire wielded the mightiest blades, the most powerful bows... but, as with most things, they weren’t satisfied there. They devised clever tools to deal with their enemies. You now have some of their work, designs for  mechanical additions to your equipment that could grant properties not dependent on magic or superhuman capabilities. This record includes a variety of schematics, ranging from an addition to a shield that sets it on fire during a charge, to a spiked chain weapon, to a system that stores energy from blows against a shield and can violently release it against opponents. ",
400 CP,Bookshop,Good Omens Jump,"A fancy bookshop. Besides providing a source of income, all sorts of rare and lost texts or
tomes tend to turn upong the shelves. Sometimes the very thing you’re looking for will jump out at you while dusting.",
400 CP,Mystic Dojo,Marvel Cinematic Universe - Volume 2 ,"For the Masters of the Mystic Arts, the grounds of Kamar-Taj is their sanctuary, their fortress, and their school all in one. It is a place where they can open their mind, and truly ascend to new heights in awareness as they explore Creation itself. Alas... even they knew not to focus everything in one place, and it is with that in mind that I offer you this. Whether you wish to place this in a mountain range so that it is hidden away from the eyes of most, or have it as a Warehouse attachment, this ancient site contains everything one needs to build an order. Rooms for monks to stay in, a great library to fill with many books, a courtyard to practice, an
armory for magical items you may possess, and even a storage unit that supplies as much mundane food, water, and tea to sate those who follow the Mystic Arts. Even better, those who practice here will find their minds opening more quickly than usual, having an accelerated effect that will leave training of the body and mystical practices half again as effective. ...Oh, and there’s a Wi-Fi router installed.",
400 CP,Book of Thoth,Indiana Jones (Regretmotor256) V1.0 ,"A book on the arcane written by the Egyptian god of magic and knowledge, Thoth. This book contains knowledge on over 100 spells of varying power and complexity, with some even outstripping the power of other magical feats performed by people throughout Indiana Jones. It does not automatically give you the ability to use the spells, but instead gives you instructions on how to train yourself to do so. The amount of time it takes to learn a spell varies depending on the power of it, from anywhere from a week to a year.",
400 CP,Men Of Letters Bunker,Supernatural,"A bunker house formerly belonging to the Men Of Letters. This bunker is much like the one the Winchesters possess this bunker contains an immense library, several hidden devil traps and sigils plastered around the library to freeze Demons in place as well as other security measures. Now, unlike the normal bunker, yours possesses up-to -date computers and machines as well as several sensors and warning devices (will advance in more high tech jumps) allowing you to track even Angels themselves as they fall. It possesses multiple showers and living quarters; again like everything the design is up to you. The furniture is again up to you. The bunker also contains an inter-dimensional geoscope, whatever that is.
Furthermore, the bunker also contains a garage able to handle nearly half a dozen vehicles, a shooting range, large kitchen and dungeon. Also, unlike the canon version your bunker is not on limited power and its runes and defences are permanently enhanced whereby it can hide the inhabitant even from God himself; the runes also help to defend the building. Also, your bunker possesses a monster radar and again the design is up to you and unlike Sam and Dean's yours isn’t limited to a country, it can see the world.",
400 CP,Dwemer Lexicon,Elder Scrolls: Skyrim,"A complete record of the Deep Elves’s knowledge and technology, ranging from their mechanical monsters to tonal tech. This ranges from the things as simple as their standard architecture to their advanced automatons and things like the Aetherial items. Also for those already asking, the knowledge of how to in theory remake the Numidium is here, however you’ll notice it’s not going to give a step by step guide, and the requirements and skill necessary will be far beyond all but the greatest, and most legendary Tonal Architects. Make sure to use this with care, the Dwemer were among the most powerful races to live and the damage that could be done with their advancements is immense. ",
400 CP,Book of Shadows,Charmed,"Witches and some other supernatural beings find it valuable to record their knowledge for posterity and pass it on to the next generation.  While some beings prefer oral teachings, witches and warlocks as well as some demons see the value in putting pen to paper, recording their experiences, potion recipes, spell incantations, and a list of various supernatural beings they have encountered and ways of dealing with the same.  The book fo sahdows is either yours or an orphaned book from a now dead line of either witches or warlocks at your discretion.  It may even be a lesser Grimoire, a repository of demonic knowledge, but otherwise identical.  This book has some protective enchantments and only you or those sympathetic to your values may touch it, use it, or even read its contents.  It is not easily fooled but is possible to fool it through magical means of identity theft.  ",
400 CP,Hogwarts Library,Harry Potter - Era of the Marauders v2.0,"An enchanted library filled with a wide range of topics and subjects, from fiction to frescoes to books on fireball dragons. The more time and effort a user spends searching, the more there is to be found. The protections mean that one has to search the hard way, with the difficulty increasing the further one ventures into the stacks, but no matter how advanced you are, there will always be another tome to be discovered that will advance your knowledge and skill. Don’t worry about minor things like talent or capacity by the way, as the effort you place into searching will slowly stretch your limits, and there's always a few books with tricks to improve your memory, learning ability or ability to focus. Fair warning however, some of the stacks have lain dormant for centuries and who knows what beasts or rogue magics are to be found within.
",
400 CP,Black Books ,TES: Magic,"Created by Hermeous Mora, Daedric Prince of Knowledge, these eight books are tomes of esoteric knowledge with a special property to them. By reading them, you will be taken to an island within the realm of Apocrypha, and subjected to a test. What this test is differs from book to book, ranging from complex puzzles to a gauntlet of combat. If you die in the books, you will be returned to the real world unharmed, but should you succeed, you will be granted powerful abilities.",
400 CP,Can't be any worse than that old toad face,Harry Potter Movie Series,"The important part of teaching is for your students to understand what you are telling
them and with this Perk that becomes far easier. Whenever you explain something to a
student they subconsciously receive telepathic knowledge about what they are trying to
learn including the supporting information relating to the topic.",
400 CP,“I Am A Librarian.”,The Mummy Trilogy ,"Well… maybe you’re not. But you do have amazing abilities of mental categorization and memory, as well as a surprising knack for picking things up on the fly that make you excellent at learning and retaining new things. Over a few days, you could turn from someone who never lifted a gun before into a surprisingly competent marksman. You may not win any sharpshooting awards, but you might just win a gunfight. And, naturally, there will always be room to improve on the things you learn.
",
"400 CP
",The Library,Witcher Novels jump,"A Sorcerer’s power can be measured in their knowledge of the Art, and that is what this Library is; a repository of all your knowledge. Within the rows of this room, (and what a room this is!), one can find the efforts of your labour, the total sum of your experience written as if by your own hand (I hope your handwriting is more or less readable, or you will have a little problem here...), and relatively soon you can find that you have very real chance to die under weight of paper avalanche, but fortunately someone pedantically organized all wealth of your accumulated knowledge. Everything here is easy to find - books with needed information teleport right to you when you want it. Regardless of anything, after you leave Library all messes will disappear and everything will be repaired and in right place when you return. However, I advise not to abuse this self-maintenance, if you become too reckless then prepare for terrible revenge - every book will have few additional paragraphs about your poor reading manners and bad habits. Library forgive you soon if you apologize to it and then all shaming additions in books will vanish. ",
50 CP,Hunter’s Journal,Supernatural,"The single most valuable possession for most hunters, books like these are passed down through families and hold extensive records on the demons and monsters encountered over generations. A constant companion for any hunter this notebook is used to keep track of where they’ve gone, what they’ve hunted, and who they’ve helped along the way. It includes many hand-drawn illustrations, newspaper clippers, and the occasional photograph to help identify creatures as well as keep track of rumours and lore about creature sightings. If well maintained, it allows other hunters to avenge their family or at least tie-up loose ends and give some closure.",
500 CP,Lore of the Freehold ,The Seven Kingdoms,"Though much was lost in the destruction of the Valyrian peninsula, knowledge of sorcery and dragons... you have what has survived the Doom and some of what predated it. You are learned in dragonlore from the first meal of a hatchling all the way to the symptoms that let one know when a dragon’s death is near, you know the sorcery of the Valyrians in how they worked Glass Candles and controlled flame, all the way down to how they made their roads and walls and buildings out of blackstone. However, knowledge of more rare secrets such as Valyrian Steel are not known to you.",
600 CP,Book of the Dead ,The Mummy,"The counterpart to the Book of Amun-Ra, the Black Book of the Dead restores life, while the Book of the Living is said to take it away. The Book of the Dead has the ability to restore the deceased to life- though the corpse is needed, as are fresh organs from a ritual sacrifice if the ones belonging to the one meant to be revived have withered away- and can also be used to create mummies, both the mindless undead type and the more intelligent versions. Its not in English so good look learning how to read it.",
600 CP,Book of Amun-Ra,The Mummy,"Also called “The Book of the Living”, this golden tome has power over the living and the undead, containing spells that can take control over non-sapient undead creatures, and even removing the immortality or invincibility of them if they posses it- allowing them to be killed like any other mortal. Spells that end or drain life are also most likely found within its pages. Good luck learning to read it.",
600 CP,Occult Texts ,Hellboy,"You have a set of occult texts, two of which were in the possession of the BPRD and third belonging to Rasputin; the first contains a ritual that can temporarily resurrect dead beings, and forces them to aid you. The second is the List of Avignon; a list of all demons that the Catholic church has uncovered or discovered, which will update with the true names of many demons in future worlds you visit- especially the higher profile ones. The last is the Des Vermiis Mysteriis, a book that is said to contain every prophecy ever told within its pages.",
600 CP,The Book of Vishanti,Doctor Strange,"The Book of Vishanti — known as the antithesis of the Darkhold — was an ancient
book of knowledge and power that could be used by sorcerers. The book is
supposedly capable of granting anything that is needed to defeat their foes.",
600 CP,The Pride of Hoeth,Warhammer Fantasy: High Elf,"Unsurprisingly, given their long lives Elves invariably stand head and shoulders above the ‘lesser races’ when it comes to magic. Just so, there are those that rise to the top of even such an auspicious heap, you in particular with this Perk. Like your Asur peer Teclis, you weave spells with such ease and power your enemies will feel like the gods themselves are smiting them. Additionally, as befitting one of the guardians of Order, you are also deeply talented at teaching others the ways of magic. So much so that you could induce a magical awakening in a society that before had no magic at all.",
600 CP,Triforce of Wisdom ,Legend of Zelda: Twilight Princess,"You have been blessed by Nayru, one of the three Goddesses and the creator of all laws.  You are naturally intelligent and the Triforce of Wisdom itself helps you make decisions, giving you wisdom far beyond even the wisest of sages.  You can also wield powerful light magic, shooting bolts of energy or creating magical runes to attack your enemies and even infusing weapons or projectiles with light.  You are also unaffected by the Twilight, letting you keep your physical body even when the land is saturated with it. ",
600 CP,Sage,The Witcher Novels,"Over the years people have simplified the term, not understanding that being Sage is more than being powerful or knowledgeable. Equating a Sage with a common practitioner of magic is akin to considering a newly-drafted private, hay sticking out of his breeches, to be a witcher's equal simply because both wield swords. While a Sage does wield magic, and does so with greater skill than even the most accomplished human mages, the great renown and regard in which they are held does not come from this skill but from the other truly rare abilities they possess. Nothing is a secret for an elven sage, for they see both past and future as easily as the present. They have mastery over all the arcana of magic and every domain of scholarship as well as the only ones who understand the nature and operation of the so-called Elder Blood. And now you share this legacy, but be warned that this skill is contingent on your own ability and practice.",
600 CP,Hogwarts School Of Witchcraft And Wizardry,Hogwarts Professor Jumpchain,"A full copy of Hogwarts School of Witchcraft and Wizardry. The Book of Admissions may be added to by yourself, any name so written will result in a Hogwarts letter being dispatched to the intended recipient.  They will of course be able to Learn Magic even if they don't naturally have that talent. ",
600 CP,Library of Raum ,The Dark Wolf Shiro ,"The biggest library of magical knowledge in all of Europe and most likely the world. This library is chock full of all types of spells, potions, runes, history, forbidden magic you name it. This library has it. But that alone is not what makes this a 600 CP purchase what makes it that is in future jumps this fills with every slip of magical knowledge in that world even those that were never written down or even lost to time.",
600 CP,"Lost Library of Cagliostro:",Marvel What If…?,"Any Master of the Mystic Arts understands that the true gateway to power is knowledge. It is for this reason that the wise Cagliostro hid his library away from the world. Thankfully, you have a backdoor key. Protected by magical enchantments that gave even Dr. Strange pause, this library contains hundreds of thousands, if not millions, of books on the arcane arts. Even forbidden tomes and texts thought lost to time are all protected within this expansive stone structure. From now on, you may access the library at any time, conjuring a doorway to the mysterious jungle that hides this place from prying eyes.",
600 CP,Oghma Infinium:,Elder Scrolls: Oblivion,"No book of forbidden knowledge is more coveted than this. The Oghma Infinium. The Librum of  Knowledge. The Book That Knows. Knowledge is power, and the information in this book is proof to that statement. Few exist who can resist the temptation. What this tome does reveal the paths to different kinds of power and opens them to you. It has sections related to each of the Guardian Constellations: The Warrior, The Mage, and The Thief. Opening this tome connects it to you and grants a surge in capability to follow the chosen path. It’s been said the tome confers such power with its secrets that readers become like demigods. The closer you already are to mortal limits, the more true that claim is. No matter your current level it will be improved noticeably through studying the secrets within. For a warrior, this tome would improve your body’s strength and endurance while all skills related to combat. A mage would become smarter and wiser, and advance their understanding of every magical school. Even a thief will gain improved speed and reflexes and find all of their skills related to stealth are better. Take care to read it when the time is right. Afterwards, you can keep the volume, though you will find the  special energy it shared to empower you as yours alone. ",
600 CP,Mysterium Xarxes,Elder Scrolls: Oblivion,"Greetings, novitiate, and know first a reassurance: Mankar Camoran was once like you, asleep,  unwise, protonymic. This book is your doorway to liberate yourselves from the trappings of Mundus. It is an artefact of great power. It is revolution, cutting, and change. Merely handling the book can be dangerous. One example of the power of this tome would be creating a personal plane of Oblivion to bring the souls of those who follow your teachings upon their deaths. It is also possible to remake one’s body through transformative powers of the tome, altering your race and even carrying the blood of kings. In less direct power, the teachings within allow one great understanding of how to sever magical covenants and overthrow empires, but it would be up to you to put that knowledge into practice. ",
800 CP,Death's Reading Room,Supernatural,"Otherwise known as Death’s Library, this room is a special library containing books that detail the different versions of how a being may die with each book detailing the different deaths. If the future is changed and the death is made impossible, the books will change to encompass the different deaths that could occur. Now, these books are not limited to humans and monsters, all beings in reality and their deaths are detailed in this library; even God himself possesses a death book. Now, normally only Death would have access to this place and only Death can read and open the books and yours similarly can only be open and read by you. This library will encompass all entities, even multiversal concepts will be included, e.g. Death in Marvel. As you are purchasing this, you can choose what the library and books look like. You don’t have to have a white space and small notebooks.                                                                                                                       ",
100 CP,On the Job Education,Wizarding World,"Curse-breaking is a rather dangerous profession given that it entails a person diving into ancient and secret tombs, all loaded to brim with protective curses and enchantments. It doesn’t help that training programs for curse-breakers are, for all intents and purposes, non-existent. But given how prestigious the job is, it only makes sense that so many witches and wizards would try their hand at it. So, let’s give you a leg up against the competition. Still, this only gets you to the bare minimum. All you’ll be with this alone is someone good enough to not get fired or someone who isn’t going to get themselves killed with their own stupidity. If you want to do more than that, you’re on your own.
","

"
100 CP,Lingua Franca,Wizarding World,"There are thousands of languages spoken throughout the world and that only includes the Muggle world. The magical side of things has even more languages to offer such as Mermish and Gobbledegook. It can all make things very confusing but luckily for you, you have a knack for linguistics. Regardless of the language, you can pick it up very well, enough that you could learn the basics of a language by the end of a day and speak it fluently by the week’s end. If you do this right, you could even gain a bit of respect from the notoriously stingy Goblins of Gringotts.",
100 CP,Mystical Instruction,Marvel: What If...?,"Now we’ve solidly left the realm of mundane thinking. Whether you trained at Kamar-Taj or found another master to study under, you have achieved a basic proficiency in drawing energy from the multiverse to shape the source code of reality. These programs or spells may be small at first, but practice and training will reward your effort.",