300 CP,Respectable (Or Not) Establishment ,The Pirates of Darkwater,"A permanent address you can use as a base of operations. This is a good quality, moderately-sized building, with the specifics of the design up to you, depending on what sort of function you want it to serve—it could be a shipping warehouse, shopfront, inn, tavern, brothel, etc. The building comes with all of the basic furnishings it needs to serve its intended function, as well as a complement of local staff to keep it running smoothly even while you’re absent. In addition to everything you might expect, your establishment has several hidden passageways and concealed entrances that only you know about. In future Jumps, you will always have a similar type of establishment, updated for the local setting."
300 CP,Smuggler’s Cove,The Pirates of Darkwater,"This sheltered cove exists in its own folded pocked dimension—you may access it while sailing along any uninhabited coastline, sailing into the folded space and concealing your vessel. A single dreadnought or up to three smaller ships can take shelter in the cove at once. The cove is not visible from the outside, though the entrance remains accessible as long as you remain there, and you may stay in the folded space for as long as you like. The cove has plentiful raw, simple resources that can be used to repair and resupply most seagoing vessels. "
50 CP,Pieces of Eight,Pirates of the Caribbean Jumpchain,"You’ve got some treasure stashed away. Not too much, but enough to equip you and buy passage on a ship anywhere you’d like to go, or enough to outfit a ship to sail a few weeks (until you find some more!)."
400 CP,An Island of your Own,Assassin's Creed Black Flag,"With so many Islands scattered across, maybe you’d like one of these for yourself? A remote little spot of land, with golden beaches and green trees. Does that not sound appealing? If yes, then this is the option for you. Nassau, the capital of the self-declared Republic of Pirates. A haven away from laws and the rule of Kings, and coming with a Spanish galleon in terms of defences, this island will be automatically very attractive to any criminals and outlaws who will come to set up shop. However, they are all mysteriously bound by a certain code of anarchic honour which ensures never letting the island suffer from their work, and indeed it seems the ‘capital’ prospers from the criminal's exploits. As you are the owner and perhaps ‘founder’, you get a certain level of respect, and the criminals are happy to work with you. This includes a group of capable pirates who can also be found here and among your direct employees. And don’t worry about ideals of anarchy causing a shortage of supplies in your republic, as it will always be able to provide basic sanitation, supplies, food, rum and even standard medicine. Finally, unless extraordinary circumstances happen, lawmakers and enforcers will turn a blind eye to the happenings on the island."
300 CP,Brothel ,Assassin's Creed Black Flag,"So many at sea find themselves yearning for the pleasures of the flesh. Some have the privilege of knowing a loved one to return to at land. Other men might have to make do with such  an establishment. You are now the proud owner of your own Brothel. A couple of dozen beautiful and willing women are here to make a living out of providing a certain kind of services. The exact specifics are up to you, but no matter what, the Brothel will always fetch you a decent profit. Those employing its services not just find normal relief here but mental relief. Furthermore, you are always off course able to hire your woman... see sneaking up on someone in a crowd or appearing unassuming is always easier with a crowd of your own, and your employees happen to be particularly excellent at helping there."
50 CP,"
The Pirate Bay",Generic Pirate V1.1,"The most basic of the pirate ‘classics’, this purchase grants you a hideout of your very own, which ordinarily takes the form of some sort of secret ocean cave or hidden island to start with. It’s a place you can moor your ship and relax for a while, but with little else going for it aside from being fairly nice and quiet.  The Pirate Cove automatically adjusts to fit in with the setting, and can be found somewhere close enough to major shipping lanes that it's useful as a staging point for piracy, but not so close that law enforcement will easily find it
"
100 CP,No Questions Asked,Generic Pirate V1.1,"You’re a pirate; looting’s what you do. But after you’ve stolen the goods, be they Aztec treasure, exotic spices, or some of the more mundane fare, you need to actually do something with it - other than burying it, presumably. Much like many pirate strongholds in history, this upgrade grants your pirate hideaway a number of shady merchants that are veterans at moving ‘enthusiastically’ acquired goods. You’ll be able to sell pretty much anything to these guys if you really wanted to, though the price they’ll pay for your stolen wares will depend on how easy it is to pawn - something they can move without any extra effort might net you almost as much as you would selling it legally, while a one-of-a-kind extremely rare piece of artwork is going to make far less than its value due to the inherent difficulty of pawning it. Your burgeoning pirate harbor likewise enjoys a much better influx of goods from elsewhere thanks to those same traders - and if you ask around, you’ll likely be able to buy (or at least request) just about any kind of loot or service. Just don’t ask where they got it, and don’t expect them to acquire a specific item (they’re merchants offering goods for sale, not masterminds planning heists for you), but just about anything that can be found on the open market can be found here with enough time and money. Especially if it’s illegal, taboo, or otherwise criminal to deal in. The selling price, obviously, will again depend on how easy it is to acquire such goods and how big the market is, with easily found or stolen items in wide demand being only barely more expensive than if they were bought from legal sources, and highly rare or valuable things that are only of interest to a niche clientele being substantially more costly."
100 CP,Buccaneer Beach,Generic Pirate V1.1,"Having a town to relax in between your adventures is great, but you know what every pirate hideout really needs? A beach, perfect for playing volleyball, swimming with the fish and building sandcastles. This upgrade improves the location of your Pirate Cove with a much more enjoyable coastline, with beautiful soft-sanded beaches perfect for relaxation, plentiful palm trees (or the local equivalent) you can use to get some shade, and a remarkable tendency for spontaneous games, sports and obstacle courses, and all manner of coconut-related shenanigans to happen at any given time. It’s sure to make the place a lot more laid-back in general, and the boost to your town’s happiness will likewise make it much more appealing for non-criminal visitors (insofar as your pirates aren’t already pirates-in-name-only). Perhaps you could turn it into something closer to a pirate-themed beach resort, instead?
"
100 CP,Long Ties ,Generic Pirate V1.1,"The world’s a crazy place, filled with countless wonders, bizarre foreign cultures and peoples, and exotic trade goods to… liberate. With this upgrade, your Pirate Cove becomes much more of a ‘melting pot’ of whatever regions are nearby - and not so nearby - its actual location. Expect a lot more foreigners in all shapes, sizes, and backgrounds, with a similar increase in just how much exotic cargo and other kinds of loot can be found flowing through your haven. Whether your crews are made up of fantastical beings like eyepatched Mermaids and peg-legged Trolls or you’ve simply become accustomed to seeing Caribbean smugglers haggling with raiders from the Far East while a Madagascar crime lord is drinking a displaced captain of the East India Company under the table, your berthing will never lack for color… and whatever trading routes are nearby will likewise offer that much more exotic goods to claim."
100 CP,Dead Man’s Wharf,Generic Pirate V1.1,"Most outlaw towns only have basic docks for handling ships, to say nothing of whatever secluded bay you slink back to after the action. Proper ship-building and berthing is usually the domain of larger cities, most under the authority of kingdoms or empires of some kind. Yet not all of them. This upgrade grants your pirate haven greater docks and a true shipyard, allowing you to do higher-end repairs and maintenance on your ship(s) or even build new ones entirely from local resources. You’ll likewise get better access to high quality timber, fabrics, or whatever else is needed to build or repair ships in your current setting. Play your cards right, and this could become the heart of a true ‘pirate kingdom’ of your very own."
100 CP,Welcoming ,Generic Pirate V1.1,"Rum! Wenches! Cheap booze in bottles perfect for smashing over someone else’s head! Taverns, brothels, drinking holes and other kinds of ‘hospitality’ made up a sizable portion of many pirate strongholds during Earth’s Age Of Piracy, if only because pirates were quite determined to spend their coin on anything they would enjoy in the here and now. With this purchase your hideout gains vast access to all manner the more sinful kind of entertainment one can find in many harbor towns, piracy-reliant or otherwise. Pleasurable company of all sorts, from happily willing tavern wenches to the more classical brothels, can be found on just about every street, and you’ll find a wide variety of genders, numbers, worldly backgrounds or other such details available if you know where to look. Alcohol flows similarly freely, ensuring that there’ll be very few inhibitions left even outside of dedicated establishments. Even better, your status will be enough to net you a decent discount whenever you head out for a drink or a roll in the hay!"
50 CP,Slapped In Irons ,Generic Pirate V1.1,"Though every pirate dreams of that chest of gold, a lot of ‘merchandise’ historically included slaves bound for work in the colonies. With each purchase, this upgrade makes your pirate settlement a major transit point for slaves of all kinds. Whether you’re getting involved in the business itself, trading farm workers and slaves like so many other goods, or the influx of slaves is from an altogether more benevolent nature is up to you. After all, how many freed slaves would be happy to hoist the Jolly Roger and take revenge on their former masters?"
50 CP,Old Sailors’ Tales,Generic Pirate V1.1,"Everyone’s heard the stories, but at the end of the day that means someone must be telling them, and that’s what this upgrade is for. With each purchase, your hideout becomes more effectively connected to the surrounding region, not in terms of trade or raiding, but in information. From the classic of the elderly pirate talking about a rumored treasure to spies keeping an eye on the shipping lanes and a black-hearted wizard scrying his next victims to hackers tracing the next big data-dump, your town’s now much better at getting clues for the next ship to attack or the next treasure to hunt. There’s no guarantee the information is perfectly accurate, though it’s more likely to be useful than it otherwise would be. If you’re ever unsure of what to do next, just head into town for a drink or a fist fight, and by the time your hangover and/or concussion are over, you’ll have likely picked up another rumor or two to pursue."
100 CP,Wicked Sails,Generic Pirate V1.1,"Sure, you’re an (in)famous pirate, and this might be your favorite hidey hole and/or place to unload whatever booty you’ve stolen… but do you really expect you’re the only one around flying the Jolly Roger? With each purchase, this upgrade makes your pirate haven the base of operations (or at least a favorite mooring place) for several other pirate ships and their crews, smuggling operations, and other such seafaring outlaws. Though this provides little in the way of direct benefit (given that they don’t actually work for you specifically), this upgrade nonetheless improves just about every aspect of your hideout indirectly. After all, more pirates means more loot, more trade, more rum, and so on. Play your cards right (possibly literally, if you’re a gambling man), and this could be an incredible source of wealth and prestige.
"
50 CP,Lively ,Generic Pirate V1.1,"Rather than a more specialized improvement to your pirate haven, this upgrade is a bit more… general-purpose. With each purchase, your town gets a decent increase to its total population, adding a wide variety of miscreants, deserters, or other such individuals to bolster its numbers. Although it’ll likely provide an equivalent decrease in the mean time between bar brawls, it does make for a much more industrious locale - if only because everyone still does a little work. The higher population also makes it perfect to find some more enthusiastic cutthroats to replace any members of your crew you were tragically forced to keelhaul for mutiny during your last trip.
"
600 CP,A Vibrant Haven,Sinbad Legend of the Seven Seas JumpChain,"12 cities? I apologize I mispoke, I meant to say 13 port cities. You are now the ruler of a vibrant and bustling port city with everything that would come with that. It has about the population of large Greek city-state. The initial make up of the city will be entirely up to you. If you wish for the city to start as heavily millitarized you’ll no doubt find multiple barracks, martial training centers and a well developed millitary port. If you wanted to have a city of thinkers you’d find universities, amphitheatres, and so on. After the intial decision of how you would like your city any changes will have to be built and will not just appear. The city will follow you around from jump to jump. The city does not have to be placed on a costal area in future jumps, however, the inhabitants may find that a little odd."
600 CP,Pirate Haven,Pirates of the Caribbean 1.0,"You own a pirate settlement, which may be Tortuga (the infamous lawless port) or Shipwreck City (the hidden pirate city ruled by the Brethren Court). Regardless of which you select, the settlement functions as a pirate haven where pirates may gather to resupply, recruit, repair ships, trade stolen goods, exchange information, and lie low beyond the immediate reach of the naval powers. Its population numbers in the thousands, composed of pirates, smugglers, merchants, craftsmen, prostitutes, and the various unsavory professions that thrive around them. The people here are loyal to coin and freedom, which means they'll support you as long as you maintain the settlement and don't bring too much heat down on them. You have the largest building in town as your residence/headquarters, and the settlement generates enough income from trade and services to be self-sustaining.
"
400 CP,Isla de Muerta,Pirates of the Caribbean 1.0,"The legendary cursed island that cannot be found except by those who already know where it is. This mysterious island is shrouded in supernatural mists and protected by treacherous waters that destroy ships whose captains don't know the safe passage. The island contains massive sea caves filled with mountains of treasure, and at the center sits the stone chest of Cortés, where cursed items can be safely stored without affecting the outside world. As the owner, you always know how to find the island, and you can grant this knowledge to others (or withhold it). The island's ""unfindable"" nature makes it the perfect hiding place for anything you don't want discovered. 
"
400 CP,Shipwright's Port ,Pirates of the Caribbean 1.0,"You own a full shipyard and port facility, capable of building and repairing any type of ship from the era. This includes dry docks, skilled shipwrights, carpenters, sailmakers, ropemakers, and all the craftsmen needed to build vessels from scratch. The facility can construct a sloop in about a month, a brigantine in two to three months, and a ship of the line in six months to a year (assuming materials are available). The facility employs about 200 people and generates income by building and repairing ships for others, enough to maintain itself and turn a profit. It comes with warehouses full of ship supplies, a loyal staff, and the location is secure against pirates or naval raids.
"
200 CP,Fountain of Youth ,Pirates of the Caribbean 1.0,"The legendary Fountain of Youth exists, and you possess the means to make use of its power.
The Fountain works through a ritual: one person drinks from the fountain using a silver chalice, and a second person drinks using a different chalice (one that has had a mermaid's tear placed in it). The person who drank the chalice with the tear receives all the remaining years from the other person, who dies instantly. The ritual not only transfers years but also improves health, breaks destined deaths, and can even reverse aging if the recipient was older than the donor. While it requires a willing or unwilling donor to provide their life force, it still remains one of the most powerful life-extension tools in existence. Use it wisely and carefully.
"
200 CP,Pelegosto Island ,Pirates of the Caribbean 1.0,"You own this uncharted jungle island, home to the Pelegosto tribe. The island is covered in dense tropical jungle, has abundant fresh water, and is strategically useful despite its remote location. The Pelegosto themselves are... complicated. They're cannibals who worship you as a deity (assuming you don't want to be eaten, which is negotiable). As their god-chief, you can command the tribe, use them as warriors, or simply use their island as a hidden base that no one will visit because everyone knows it's inhabited by cannibals. They're loyal to you and can be convinced to abandon cannibalism if you prefer (or not, if you're fine with having scary cannibal guards). The island itself is valuable as a location that others avoid, making it perfect for hiding ships, storing contraband, or maintaining a secret bas
"
200 CP,Rumrunner’s Isle,Pirates of the Caribbean 1.0,"You own a small island somewhere in the Caribbean. It's not much, but what makes it valuable is that it's absolutely packed with rum. There are caves filled with thousands of barrels of rum, along with stores of rum buried in the sand, enough rum to supply a fleet for years, or to trade for a fortune. The rum is all high quality, properly aged, and stored in good barrels. It's also hidden enough that the Royal Navy won't immediately find it, though the location isn't impossible to discover if someone really looks.
"
100 CP,Workshop,Pirates of the Caribbean 1.0,"A fully equipped workshop for smithing, located in a good area with plenty of foot traffic. The workshop includes all necessary equipment (forge, workbenches, tools, etc.), storage for materials and finished goods, and living quarters above or behind the shop. The workshop comes with a small staff of competent workers and apprentices who handle day-to-day operations, allowing the business to function even when you are absent. They are honest, skilled enough for routine work, and loyal to you as the owner, though they do not possess exceptional talents unless you personally train them. The shop generates a modest but reliable income and, if destroyed or abandoned, will reappear in a similar suitable location in the current world after one month, fully restored and staffed.
"
200 CP,An Island,Cutthroat Island V1.0.,"Heavily forested and mountainous, this large island covers several square kilometers. There is plenty of room for building a pirate haven or a navy base,"
600 CP,"The Whole Caribbean, Circa 1668",Cutthroat Island V1.0.,"Exactly what it says. Thousands of islands, islets, reefs and cays, with an expanse of salt-water stretching 240,000 km2. You get all of the native wildlife and human-built infrastructure, but no actually humans or domesticated animals."
200 CP,A Defensive Reef,Cutthroat Island V1.0.,"A thick reef with accompanying seawater that can be attached to any property you own to encircle it. Only you will be able to locate the safe passage through its deadly grasp, which will automatically widen to let any ship of yours through before shrinking behind it. It is any depth you wish."
600 CP,Nancy’s Harbor Cafe ,Alestorm,"This den of debauchery, violence, and sin is a seaside  tavern providing service to all those who come through its doors. And you’re wondering why it’s worth 600 GC. Well the company is true, and the wenches are pretty, but I’m betting you want something more from it. First off the drinks are among the best you’ll find anywhere in the multiverse, and if you find one better, it’ll be added to the tavern’s stocks. This only guarantees flavor, however, and will not copy any supernatural qualities or things like supersoldier serums. While not infinite, they self-replenish, and as a special patron all your drinks are free. Second, if you go looking for allies in a quest or undertaking you will always be able to find loyal men (and women) here to serve your purposes. They might not be the most moral sorts, but they will be loyal as long as you’re paying them properly for their services. They aren’t guaranteed to have any traits truly unique in the setting, but you’ll always be able to find at least a few who are highly skilled and talented in anything that people in the local setting can do without some unique chosen one style status. This can include named characters from the setting if they’re the type to work as mercenaries and visit seaside dives. You won’t find Lancelot in an Arthurian setting, but you’d probably be able to find 2 or 3 knights who could beat the lesser knights of the round 1 on 1, and put up a good fight against one of Arthur’s nephews. Finally if you’re bored and go looking you can always find some old man who possesses information on an adventure or quest. This isn’t guaranteed to end up being a profitable venture, but it will always be an adventure, something you can do to entertain yourself and hopefully Jumpchan."
400 CP,Treasure Island,Alestorm,"This island doesn’t necessarily have treasure. Oh I know that surprises you, but it might not. You’ll have to put it there yourself. What this island has is two traits. First, its location is always obscured. People can find it, but they will always have to search for it first, and its location seems to change over time meaning that the path that reached it before will require a new path in the future. It’s not impossible to find, in fact there will always be clues and hints to help find it, but it will never be easy. Second, is that rumors about it spread with an unnatural swiftness and the greedy or power hungry find these rumors far more believable than they normally would. All you need is to whisper to a few people that it has some legendary treasure, and a month later you might have all the greediest people from across the entire planet hunting for it and its treasure. Spread the word that it has some macguffin on it, and those who aren’t certain of the macguffin’s location but desire it will begin to believe quite fervently that it is on this
island."
100 CP,The Sunk’n Norwegian,Alestorm,"You are now the proud owner of a seaside tavern. This is to put simply a dive, but it comes with a barkeep (a bastard) and a barmaid (a whore) to run it, and its stocks will replenish monthly, always enough for a normal dive to function. Barring your interference it barely makes more than enough to pay the salary for the workers, and any taxes and the like on it, but as the owner you can stay here for free and all your drinks are on the house, and while it doesn’t bring you much income, you need to do absolutely nothing to keep it functioning."