100 CP,Service With a Smile,The Pirates of Darkwater,"It doesn’t matter if you’re a bartender, innkeeper, trader, or courtesan—whatever your trade is, you’re an expert at it and have a knack for putting your customers at ease and making their experience with you a positive one. Not only that, but happy customers will be much more inclined than normal to speak out about your services and recommend you to others, ensuring your reputation spreads quickly."
100 CP,Do What You Want,The Pirates of Darkwater,"You can selectively ‘turn off’ your empathy, conscience, morals, ethics and squeamishness at will, allowing you to indulge in whatever depravity you wish without guilt or revulsion. You will never suffer from any negative mental effects from taking actions while under the influence of this perk (e.g. you will not suddenly feel guilty after turning the perk off)."
100 CP,Larcenous Ways,The Pirates of Darkwater,"You have a natural gift for less scrupulous activities—you are light on your feet and find it easy to sneak up on people without making a sound, you don’t have any obvious tells when lying, and most mundane locks pose little barrier to your lockpicking ability."
100 CP,All Shapes and Sizes,The Pirates of Darkwater,"You somehow manage to fit in regardless of how strange or foreign you may appear to the local culture. People will not question or remark upon your appearance, nor will what you look like ever be cause for panic or alarm (unless you wish it to be)."
100 CP,Powerhouse ,The Pirates of Darkwater,"You are an impressively built example of your race, at the absolute peak of physical fitness and strength."
100 CP,Iron Stomach,The Pirates of Darkwater,"You have a voracious appetite that allows you to eat pretty much anything without suffering any ill effects—you could eat food that is off, rotten or even poisoned and the worst that would happen is a little bit of gas. Your prodigious stomach can digest and glean nutrients from basically anything. Even things that aren’t traditionally considered “food” are now on the table, so to speak. Careful not to break your teeth."
100 CP,Divers and Fishermen,The Pirates of Darkwater,"You’re a fantastic swimmer, to the point where you could give Michael Phelps a run for
his money. In addition, you can hold your breath for a surprisingly long time—almost
three times as long as one might otherwise expect—and do not suffer any ill effects of
ascending too quickly while underwater (i.e. nitrogen embolisms)."
100 CP,Sing Us a Tune,Pirates of the Caribbean Jumpchain,"All the sea shanties of the world are known to you. You can sing (mostly on key) hundreds of sea shanties in dozens of tongues, and can inspire others to join in. Most of them carry a message of some sort, and a few can even have deeper effects. If nothing else, they’re good to get a crew working in time. "
100 CP,Sharpshooter,Pirates of the Caribbean Jumpchain,"The inherent inaccuracy of unrifled weapons doesn’t affect you. You can hit a pinpoint target with a flintlock pistol from ten feet away, and hitting people on distant ships with a musket shot has more than a chance of success. Further, you’ve got the drill down cold; five shots a minute in any weather, and the roar of cannon no longer deafens you due to long practice. "
100 CP,Swordsman,Pirates of the Caribbean Jumpchain,"You’re an excellent swordfighter. You were born with a cutlass in your hand (Or between your teeth). You can hold off a dozen Royal Marines, and you’re not averse to using dirty tricks to get ahead. While there are swordsmen better than you, you’ve yet to meet one. "
100 CP,Pick Pocket,Assassin's Creed Black Flag,"Who hasn’t felt the urge to commit some piracy when the pockets of the people around you are bursting at the seams with wealth? Fortunately, you possess a nice amount of thievery skill for such situations. You are a capable pickpocket, able to steal from someone else’s own pockets and belts without them ever realising you had something to do with it."
100 CP,Noble Bearing ,Sinbad Legend of the Seven Seas JumpChain,"Education is the mark of a person born of nobility. You are classically trained in the methods of the nobles. Knowledge of culture, literature, mathematics, and art are all hallmarks of this educational style."
,,,
100 CP,Heavy Metal Pirates,Alestorm,"You now have musical skill and talent to match any member of Alestorm’s. You can write songs, come up with lyrics, sing, or play a plethora of instruments, all at least well enough to sub in for a member of the band."
200 CP,Heavy Drinker,The Pirates of Darkwater,"You have complete control over how much any imbibed, injected or otherwise foreign substance introduced into your body affects you. This allows you to dial a substance’s effectiveness to whatever level you wish, from a minimum of ‘no effect’ to a maximum of ‘twice as effective’. You could chug pure ethanol without getting so much as tipsy unless you wanted to, or you could exaggerate the effect of alcohol to make yourself a cheap drunk then snap to stone-cold sober in an instant. You can even pick and choose which effects occur (to remove the harmful side-effects of medicine, for example). You could probably even drink dark water with no ill effects if you wanted to, but please don’t. This includes things like poisons, drugs, nanites, or other similar substances that you may encounter."
200 CP,Street Fighter ,The Pirates of Darkwater,"Years of experience in actual fights—mostly rough and tumble brawls in taverns and the like—makes you a slippery and tough opponent in combat. You specialise in making sure that no one ever has a “fair” fight against you, constantly pulling out new and inventive dirty tricks to gain any advantage you can."
200 CP,Princely Charm ,The Pirates of Darkwater,"You are a naturally likeable person and have a disarming sort of charm about you that earns you friends wherever you go. In particular, you’re a passionate and moving speaker, able to much more easily convince people that your cause is a worthy one and you find it significantly easier to recruit people to work with you or forge alliances in pursuit of a particular goal."
200 CP,Fancy Footwork,Pirates of the Caribbean Jumpchain,"You’re always steady on your feet. Forget balancing on a swaying ship; you can hold your balance while swordfighting on the yardarm of a ship surfing the crest of a tidal wave. While it’s snowing. Also, you’ve good enough with trajectories to swing dramatically anywhere you want on the ropes that are always scattered around a ship"
200 CP,Courage and Fortitude,Pirates of the Caribbean Jumpchain,"Bravery and honor are your meat and drink. You’ll never quail despite frights that would darken the souls of a lesser man, holding strong to your bonds of brotherhood despite certain death. You do not fear death, you can stand and look it in the eye even as the cannonball flies. Unfortunately, standing fast is not always the best strategy…."
200 CP,Master of the Code,Pirates of the Caribbean Jumpchain,"You know the Code of the Pirates, laid down by Morgan and Bartholomew. You know how to properly ask for a parlay, and the proper voting procedure for the Pirate King, and have a good idea of which parts are rules and which are more like guidelines. You also have a generally instinctual grasp of the unwritten code of any social interaction, whatever the place or "
200 CP,The Onion Knight,A Game of Thrones,"You are an amazing smuggler. This may not sound like much, but it comes with a host of benefits. You are a master sailor, capable of taming the fiercest of sea storms, and in addition, are truly superb at hiding things. When hiding things, you seem to release a weak form of SEP field, which stops officials and unwanted individuals from noticing your concealed cargo. This SEP field shorts out if A) your hidden items are physically discovered (eg. falling through a hidden door), or B) you rely solely upon it for protection. Finally, if you are ever caught, officials will be far less likely to hit you with the full punishment. You will still be punished, but the punishment itself will be drastically reduced in severity."
200 CP,Inherited Glory,Legend of Zelda: the Wind Waker,"Ever wonder how a young woman - not even a teenager yet - ended up as the leader of a group of pirates? Me neither. Regardless, you seem to have a knack for inspiring the loyalty of your subordinates. While I would assume pirates to be bloodthirsty or self centered, your crew would go to great lengths to get you back if you were kidnapped. I suppose it wouldn’t be too much of an exaggeration to say that you were born to lead"
200 CP,Need An Ambassador? ,Sinbad Legend of the Seven Seas JumpChain,"Can’t argue with right place at the right time and you always seem to be at the right place. People often come to you for important matters such as diplomacy. You have to actually be trusted enough by person for them to give you the job, but if you meet that requirement you’ll be the first on their mind."
200 CP,Hunter of Pirates ,Pirates of the Caribbean 1.0,"You have developed an almost supernatural ability to track, predict, and capture pirates. You could look at a map and identify which place could be a pirate haven, examine a raid and deduce which crew was responsible, or observe a suspicious ship and know immediately whether it's a merchant or a disguised pirate vessel. You simply understand how pirates think because you’ve studied them obsessively. And when it’s time to hunt a pirate? You can predict their tactics, ambushes, and escape routes. This doesn’t make you invincible, but if you call yourself the second-best pirate hunter in the Caribbean, no one will dare say he’s first. Post-jump, every ten years, you can retune this perk to a different category of criminal or outlaw."
200 CP,Parley,Pirates of the Caribbean 1.0,"You've learned the ancient pirate custom of parley, and more importantly, you know how to invoke it in a way that actually gets people to listen. When you call for parley and offer a temporary truce, even the most bloodthirsty pirate or rigid naval officer will pause their attack and hear what you have to say. This doesn’t mean you get a free pass or an automatic agreement. Parley only guarantees a moment of attention, not goodwill or mercy, and once talks conclude, all parties are free to act as they see fit. This can only be invoked sincerely, so you can’t abuse this to stall endlessly or bait your enemies into lowering their guard. Used properly, this gives you a chance to negotiate terms or talk your way out of a situation.
"
200 CP,Legendary Lothario ,Pirates of the Caribbean 1.0,"Like Jack Sparrow, you have a legendary reputation with the opposite sex (or same sex, or however you prefer). People find you charming, attractive, and irresistible in ways that defy logical explanation. They fall for your charms even when they know they shouldn't, and you have an uncanny ability to talk your way into (or out of) romantic situations. The most important part is that you might make people angry or frustrated, but no one will ever truly despise you or be disgusted by you. Even ex-lovers who you left in less-than-ideal circumstances will retain some fondness for you, and angry paramours might slap you but won't stab you. "
200 CP,Fortunes Favor the Bold,Pirates of the Caribbean 1.0,"When trapped, stranded, or imprisoned somewhere, fate has a funny way of working in your favor. Something will always happen to either free you directly (quite rare ) or keep you alive (always happens) until help arrives or an escape opportunity presents itself. Maybe the island you’re marooned on happens to have a cache of rum smugglers use, or maybe a stray bone finds its way into your cell just in time to distract the dog holding the keys. This doesn’t make you immune to being captured or trapped, but it ensures you won’t simply rot away in a cell or die on a deserted island. And if someone asks how you survived getting stranded on an island, tell them it was the sea turtles."
200 CP,Aztec Curse,Pirates of the Caribbean 1.0,"You gain the ability to place the same curse that afflicted the Aztec gold onto any items of significant monetary value that you own. By performing a simple ritual (takes about an hour per item or collection), you can declare something to be part of your cursed hoard. Once cursed, anyone who takes the item without your explicit approval becomes afflicted with a terrible curse: they become undead, unable to feel pleasure or sensation, appearing as skeletons in moonlight, and unable to die. They exist in torment, neither alive nor truly dead, suffering without the release of death until they return what they stole. You can curse as many items as you want and lift the curses at will if you wish to do so."
200 CP,This Bastard Can't be Killed,Alestorm,"That’s what your enemies might end up thinking about you. It’s not true, but you will find that your strength is now peak human, and your toughness is something more. You’re able to survive sword wounds that should be mortal, survive point blank shots from flintlocks, or even lose a limb to a cannonball and keep going at least for a time. You aren’t actually immortal, damage to your brain or heart will kill you real quick, and even losing a limb will kill you if you don’t get it treated, but you can keep going through wounds that would send a normal man into shock, and generally take more damage and battery before it affects you."
200 CP,Limb Replacement,Alestorm,"You are a fairly decent surgeon from taking this. More importantly, you know a small amount of mystical voodoo magic which allows you to stitch any freshly amputated limbs onto anyone else and have them remain viable and usable. Cut off an enemy’s arms and sew them onto your own stumps to replace your arms they cut off years ago, or their legs. Replace your arms with an apes. This ensures the limbs will connect to the recipient’s musculature without rejection and still be viable, but it doesn’t ensure supernatural qualities carry over and this is limb replacement not addition, you can only attach limbs where they already had them with this perk."
200 CP,I Want More Wenches ,Alestorm,"The requisite harem perk. The more wealth and glory you possess the more you will find that your significant others are willing to share your love and intentions with others, and the less jealousy will get between them. If you’re dead broke or have no glory (that they are aware of) to your name, this will do nothing, but if you were the richest person in the world, and had saved the world a dozen times over expect them to be quite happy to be your 433rd wench, or maybe add a digit in there. This only makes them not mind you having others, it will not help you satisfy them all if you have more lovers than you can handle. That one is still on you."
200 CP,Black Sails at Midnight ,Alestorm,"You are a master of night assaults. First your ability to act purely from non-visual senses is heightened, along with your low light vision to see better by moonlight. More you have a general awareness of how to use the concealment given from the night, and darkness to your advantage, as well as the best time to perform a midnight raid to catch your opponents with their proverbial pants down."
400 CP,Cardshark,The Pirates of Darkwater,"Whenever you participate in any sort of gambling or other game with an element of chance, you get lucky significantly more often. All else being equal, something that would be a 50-50 chance for someone else is a 3-in-4 chance for you. Of course, only a fool leaves things purely to luck, and luck means nothing in games of skill. Accordingly, when playing any sort of skill-based game or competing in any sort of event or sport, people are incredibly unlikely to accuse you of cheating or to even consider that you might be doing so. You’d have to do something really outrageously blatant in order to be caught cheating at anything. Even so, if you can come up with a remotely plausible excuse people will generally accept that it was accidental and not deliberate."
400 CP,Rapacious Slaver,The Pirates of Darkwater,"Prisoners, hostages, kidnappees, surrendered foes, slaves—you’re a master at making sure that once someone is your captive, they stay that way. As well as your own discerning eye for bindings and secured accommodations for your acquisitions, any attempt to free one of your prisoners is almost guaranteed to disastrously fail in the worst possible way. Extended periods of captivity wears away at the resistance of your prisoners, making them vanishingly unlikely to try to escape, and much more likely to following your commands and eventually break, giving you whatever you want."
400 CP,Voodoo Magic,Pirates of the Caribbean Jumpchain,"The magic of voudun is in your blood. You know a number of rituals, and can understand the rules of the strange magic of the sea. The summoning of maelstroms and the curiosities of finding islands that can’t be found are just matters of a few spells. With sufficient practice and sacrifice, you can even raise the dead, though beware; all magic has a cost, and the sea hates to give back what it takes"
400 CP,A Pirates Reputation,Assassin's Creed Black Flag,"So many pirates of all shapes and sizes, genders and ideologies have taken to the seas, and some are remembered until today. Like the infamous devil Blackbeard, to name one example, you too can have a reputation made around you. What exact shape this takes is up to you; maybe it is that of a naval terror or a noble gentleman thief. Nevertheless, your every appearance just oozes this kind of charisma and atmosphere, working to charm, intimidate or both depending on what reputation, you devote yourself to keeping up."
400 CP,Sailing For Adventure,Muppet Treasure Island,On the big blue wet thing. You are incredibly lucky in terms of finding interesting places and exotic adventure while aboard a ship of some sort. Your ship has the uncanny ability to be in the right place at the right time and there is very often the possibility of treasure in the offing.
400 CP,Heathen Arts,Pirates of the Caribbean 1.0,"There are many strange things in the world, and one of them is what some call heathen magic: the voodoo, curses, and dark rituals practiced in the Caribbean. You start with knowledge of basic magicks and curses: creating voodoo dolls, brewing potions and poisons, reading fortunes, and cursing your enemies. With time and study, you may grow powerful enough to bind even goddesses into human form, as Davy Jones bound Calypso, or raise the dead into loyal servants, as Blackbeard did with this crew. In future worlds, you will instinctively learn and master any mystical traditions similar to heathen magic."
400 CP,Diligent Improvement,Pirates of the Caribbean 1.0,"The more diligently you train, the better and faster you improve, with results that seem almost supernatural. Three hours of dedicated swordplay practice per day would make you as skilled as Jack Sparrow within a year, despite lacking his decades of experience. This doesn’t just apply to combat, as any skill you practice regularly improves at an accelerated rate. The key is diligence and consistency, which means casual practice will only give normal results. You also retain skills much better than normal people, rarely getting rusty even after long periods without practice."
400 CP,The Sea's Blessing,Pirates of the Caribbean 1.0,"The sea goddess Calypso has deemed you worthy, and she has granted you her protection. Every ten years, should you die, she will resurrect you. You'll return to life in the ocean, washing up on a beach or appearing on a ship, fully restored to health and vigor. The sea goddess is capricious, and her aid comes with expectations, but as long as you don't egregiously offend her, she'll continue to bring you back. This blessing follows you to other worlds, though the entity providing resurrection might change to whatever sea deity or ocean spirit is appropriate to that setting."
400 CP,Pirate's Luck,Pirates of the Caribbean 1.0,"Fortune favors you in small but consistent ways. You find coins in your pockets you didn't know were there, your pistol happens to be loaded when you need it, and that rope you're reaching for is just barely within grasp. Guards decide to take their break right before walking past your hiding spot, and the ship you need happens to be in port when you arrive. These are never massive miracles, but they add up over time to you surviving situations where others would have fallen to simple bad fortune.
"
400 CP,We Sail to the Halls of Doom With the Black Flag Raised to the Sky ,Alestorm,"You are not fearless, that would indicate you could not feel fear, but you have the courage to feel fear, recognize it, and dismiss it without allowing it to influence your behavior. You are in effect immune to fear, and even against supernatural terror you will find yourself extremely resistant to the point that it is effectively immunity. But any hero can resist fear that’s hardly worth noting. A pirate captain must make his crew resist it as well, and as such those who follow you find they share in a portion of your courage. While it’s not as absolute as your own, if your followers believe that it’s worth their lives, they can follow you into the jaws of certain death without flinching or hesitating in the least."
400 CP,It’s Time to Spin the Wheel ,Alestorm,"What’s the point of being a pirate without adventure? Well with this perk you can be assured that you will live in interesting times. Adventures, plot hooks, and more all seem to just come your way. Usually these will involve quests to faraway lands in search of treasure, but at your discretion they may also include those that better fit your current setting. Either way you will find these adventures if followed through have a tendency to reward you monetarily, discovering lost treasures and wealth on your voyages."
400 CP,I Put My Faith in Cannons and Whores,Alestorm,"And it seems to have paid off. Any gunpowder propelled weapon you wield seem to mimic the qualities of holy or sacred weapons. They will in general do more harm to undead or unholy creatures, or those who are metaphysically linked to evil, as well as to a lesser extent those who have strongly held religious beliefs which differ from your own. In addition any sexual relations you have which involve one side paying the other for sex do not count as either side breakingany (non-drawback) holy, sacred, or magical vows or oaths related to chastity or celibacy."
400 CP,Do What You Want Because a Pirate is Free ,Alestorm,"People are strangely accepting of your actions, appearance, and nature. As long as you are not hurting someone with your actions people will accept you without discrimination for your actions or appearance or even monstrous species. Once you start eating people as a monster they’ll treat you as one, but until then you’re just a strange creature. You could be known as a pirate and accepted in high society as long as you didn’t go around starting fights. A pirate is free, and so are you."
50 CP,You Can be Sure You'll Have no Sons or Daughters ,Alestorm,"You can. From now on you can toggle your fertility on and off at will, and people will even believe you when you say no children will result as long as you keep it off. As a bonus you’re now immune to sexually transmitted diseases."
500 CP,To the End of Eternity We’ll Stand Against the Law ,Alestorm,"It is the piratic way to stand as a force of chaos, and now you more than any other seem to have been chosen by the destiny of piracy to hold this element. Your presence, words, and actions seem better suited to stirring ideals of freedom, liberty, and rebellion in others, stirring up the flames of resentment against the current order to create change and chaos. More than merely inspiring others, you are empowered to stand against the law. When you find yourself opposed to those who represent established law and order, you find that your abilities are enhanced; you strike such individuals harder, their blows weakened upon you, your plans are cleverer, and you find it easier to hide yourself should there be need."
600 CP,Pirate Lord,The Pirates of Darkwater,"You are a truly masterful fighter, familiar with dozens of weapons and martial arts—all else being equal, you have skill enough to fight a dozen lesser warriors to a standstill. In addition, any crewed vessel under your direct command performs noticeably better than it would otherwise: its hull will be more resistant to damage, it will move faster, its weapons hit harder, and so on. Where you shine, however, is commanding a fleet. Any group of vessels under your overall command will coordinate and work together perfectly, their crews following your strategies at peak efficiency with no unforced errors. All vessels in the fleet also get a minor version of the performance boost effect as well— this isn’t too noticeable on an individual level, but overall the small benefits will add up to make the fleet able to punch noticeably above its weight class."
600 CP,The World is Your Mollusc ,The Pirates of Darkwater,"The world seems to go out of its way to place exceedingly lucrative opportunities for fun and profit in front of you. Amateurs sitting a table over from you might be loudly discussing the rare (and easily stolen!) treasure map they happen to have, if you go to the docks with the intent to ‘borrow’ a ship, you might find an exceptional vessel under little-to-no-guard, a fugitive with a massive bounty on their head could practically trip over you, your captors will almost definitely lead you directly past their poorly-defended treasure vault, and so on."
100 CP,Drink ,Alestorm,"You are immune to the negative effects of alcohol intoxication. No matter how much you drink you retain the ability to think and act normally should you need to. You can still feel the beneficial effects of alcohol intoxication - the social lubrication, easing of concerns, etc - but the moment that they become a hindrance to you they all fall away as if they were never there to begin with. In addition you will never get sick on your stomach due to alcohol, or suffer alcohol poisoning. Finally you can drink any amount of  alcoholic beverage as fast as it can flow down your throat, seemingly a bottomless pit when it comes to alcohol, and unable to drown (or suffocate) while doing so; this only applies to alcoholic beverages though, so you can’t drink the ocean."